Workbook

Sheet Resumen
A2: Resumen Artesanal por unidad de pesquería, 2014
A3: 42016
A4: Recurso | B4: Unidad de pesquería | C4: Cuota Global (t) | D4: Desembarque total (t) | E4: Saldo total (t) | F4: % consumido 2014 | G4: % consumido 2012 | H4: % consumido 2011
A5: Jurel | B5: NACIONAL | C5: =+SUM(Global!C17+Global!C18+Global!C19+Global!C22+Global!C23+Global!C24+Global!C25) -> 12564 | D5: =+SUM(Global!D17+Global!D18+Global!D19+Global!D22+Global!D23+Global!D24+Global!D25) -> 14225.728 | E5: =+C5-D5 -> -1661.7281 | F5: =+D5/C5 -> 1.1322611
B6: RAE | C6: =+(Global!C20+Global!C21+Global!C26+Global!C27) -> 13329 | D6: =+(Global!D20+Global!D21+Global!D26+Global!D27) -> 5218.46 | E6: =+C6-D6 -> 8110.54 | F6: =+D6/C6 -> 0.39151174
A7: Anchoveta | B7: NACIONAL | C7: =+SUM(Global!C6+Global!C7+Global!C8+Global!C11+Global!C14) -> 138061 | D7: =+SUM(Global!D6+Global!D7+Global!D8+Global!D11+Global!D14) -> 125398.82 | E7: =+C7-D7 -> 12662.175 | F7: =+D7/C7 -> 0.90828565
B8: RAE | C8: =+SUM(Global!C9+Global!C10+Global!C12+Global!C13+Global!C15+Global!C16) -> 30387 | D8: =+SUM(Global!D9+Global!D10+Global!D12+Global!D13+Global!D15+Global!D16) -> 28280.452 | E8: =+C8-D8 -> 2106.548 | F8: =+D8/C8 -> 0.93067601
A9: Sardina común | B9: NACIONAL | C9: =+SUM(Global!C33+Global!C36) -> 7920 | D9: =+SUM(Global!D33+Global!D36) -> 7771.949 | E9: =+C9-D9 -> 148.051 | F9: =+D9/C9 -> 0.98130669
B10: RAE | C10: =+SUM(Global!C32+Global!C34+Global!C35+Global!C37+Global!C38) -> 434018 | D10: =+SUM(Global!D32+Global!D34+Global!D35+Global!D37+Global!D38) -> 393858.99 | E10: =+C10-D10 -> 40159.006 | F10: =+D10/C10 -> 0.90747157
A11: Sardina española | B11: NACIONAL | C11: =+Global!C28+Global!C29+Global!C30+Global!C31 -> 1242 | D11: =+Global!D28+Global!D29+Global!D30+Global!D31 -> 141.664 | E11: =+C11-D11 -> 1100.336 | F11: =+D11/C11 -> 0.11406119
B12: RAE
A13: Sardina Austral | B13: NACIONAL | C13: =+Global!C39+Global!C40 -> 30293 | D13: =+Global!D39+Global!D40 -> 26834.114 | E13: =+C13-D13 -> 3458.886 | F13: =+D13/C13 -> 0.88581897
B14: RAE

Sheet Global
A2: Resumen Global Cuotas Artesanales 2014
A3: 42016
A5: Recurso | B5: Unidad de pesquería | C5: Cuota Global (t) | D5: Desembarque total (t) | E5: Saldo total (t) | F5: % consumido 2014 | G5: % consumido 2013
A6: Anchoveta | B6: XV y I | C6: =+'Res. Global'!C7 -> 89242 | D6: =+'Res. Global'!H7 -> 89200.678 | E6: =+C6-D6 -> 41.322 | F6: =+D6/C6 -> 0.99953697
B7: II | C7: =+'Res. Global'!C9 -> 30704 | D7: =+'Res. Global'!H9 -> 24018.544 | E7: =+C7-D7 -> 6685.456 | F7: =+D7/C7 -> 0.78226107
B8: III | C8: =+'Res. Global'!C11 -> 17702 | D8: =+'Res. Global'!H11 -> 12041.708 | E8: =+C8-D8 -> 5660.292 | F8: =+D8/C8 -> 0.68024562
B9: IV RAE | C9: =+'Res. Global'!C13 -> 7586 | D9: =+'Res. Global'!H13 -> 7221.178 | E9: =+C9-D9 -> 364.822 | F9: =+D9/C9 -> 0.95190852
B10: V RAE | C10: =+'Res. Global'!C15 -> 2003 | D10: =+'Res. Global'!H15 -> 2156.396 | E10: =+C10-D10 -> -153.396 | F10: =+D10/C10 -> 1.0765831
B11: VI | C11: =+'Res. Global'!C18 -> 13 | D11: =+'Res. Global'!H18 -> 0 | E11: =+C11-D11 -> 13 | F11: =+D11/C11 -> 0
B12: VII RAE | C12: =+'Res. Global'!C21 -> 214 | D12: =+'Res. Global'!H21 -> 192.185 | E12: =+C12-D12 -> 21.815 | F12: =+D12/C12 -> 0.89806075
B13: VIII RAE (sin descarte) | C13: =+'Res. Global'!C24 -> 16688 | D13: =+'Res. Global'!H24 -> 17537.687 | E13: =+C13-D13 -> -849.687 | F13: =+D13/C13 -> 1.050916
B14: IX | C14: =+'Res. Global'!C26 -> 400 | D14: =+'Res. Global'!H26 -> 137.895 | E14: =+C14-D14 -> 262.105 | F14: =+D14/C14 -> 0.3447375
B15: XIV RAE | C15: =+'Res. Global'!C29 -> 2411 | D15: =+'Res. Global'!H29 -> 880.811 | E15: =+C15-D15 -> 1530.189 | F15: =+D15/C15 -> 0.36533015
B16: X RAE | C16: =+'Res. Global'!C32 -> 1485 | D16: =+'Res. Global'!H32 -> 292.195 | E16: =+C16-D16 -> 1192.805 | F16: =+D16/C16 -> 0.19676431
A17: Jurel | B17: XV y I | C17: =+'Res. Global'!C34 -> 991 | D17: =+'Res. Global'!H34 -> 156.787 | E17: =+C17-D17 -> 834.213 | F17: =+D17/C17 -> 0.1582109
B18: II | C18: =+'Res. Global'!C36 -> 991 | D18: =+'Res. Global'!H36 -> 1165.537 | E18: =+C18-D18 -> -174.537 | F18: =+D18/C18 -> 1.1761221
B19: III | C19: =+'Res. Global'!C38 -> 4109 | D19: =+'Res. Global'!H38 -> 3929.5381 | E19: =+C19-D19 -> 179.46188 | F19: =+D19/C19 -> 0.95632468
B20: IV RAE | C20: =+'Res. Global'!C40 -> 6205 | D20: =+'Res. Global'!H40 -> 3795.753 | E20: =+C20-D20 -> 2409.247 | F20: =+D20/C20 -> 0.6117249
B21: V RAE | C21: =+'Res. Global'!C42 -> 1526 | D21: =+'Res. Global'!H42 -> 1378.779 | E21: =+C21-D21 -> 147.221 | F21: =+D21/C21 -> 0.9035249
B22: VI | C22: =+'Res. Global'!C44 -> 12 | D22: =+'Res. Global'!H44 -> 0.516 | E22: =+C22-D22 -> 11.484 | F22: =+D22/C22 -> 0.043
B23: VII | C23: =+'Res. Global'!C46 -> 96 | D23: =+'Res. Global'!H46 -> 51.32 | E23: =+C23-D23 -> 44.68 | F23: =+D23/C23 -> 0.53458333
B24: VIII | C24: =+'Res. Global'!C48 -> 6225 | D24: =+'Res. Global'!H48 -> 8922.03 | E24: =+C24-D24 -> -2697.03 | F24: =+D24/C24 -> 1.4332578
B25: IX | C25: =+'Res. Global'!C50 -> 140 | D25: =+'Res. Global'!H50 -> 0 | E25: =+C25-D25 -> 140 | F25: =+D25/C25 -> 0
B26: XIV RAE | C26: =+'Res. Global'!C52 -> 728 | D26: =+'Res. Global'!H52 -> 0.015 | E26: =+C26-D26 -> 727.985 | F26: =+D26/C26 -> 2.0604396e-05
B27: X RAE | C27: =+'Res. Global'!C54 -> 4870 | D27: =+'Res. Global'!H54 -> 43.913 | E27: =+C27-D27 -> 4826.087 | F27: =+D27/C27 -> 0.0090170431
A28: Sardina española | B28: XV y I | C28: =+'Res. Global'!C56 -> 186 | D28: =+'Res. Global'!H56 -> 0.85 | E28: =+C28-D28 -> 185.15 | F28: =+D28/C28 -> 0.0045698925
B29: II | C29: =+'Res. Global'!C58 -> 706 | D29: =+'Res. Global'!H58 -> 139.12 | E29: =+C29-D29 -> 566.88 | F29: =+D29/C29 -> 0.19705382 | I29: 186
B30: III | C30: =+'Res. Global'!C60 -> 245 | D30: =+'Res. Global'!H60 -> 1.562 | E30: =+C30-D30 -> 243.438 | F30: =+D30/C30 -> 0.0063755102 | I30: 706
B31: IV | C31: =+'Res. Global'!C61 -> 105 | D31: =+'Res. Global'!H61 -> 0.132 | E31: =+C31-D31 -> 104.868 | F31: =+D31/C31 -> 0.0012571429 | I31: 245
A32: Sardina común | B32: V RAE | C32: =+'Res. Global'!C62 -> 9314 | D32: =+'Res. Global'!H62 -> 10053.021 | E32: =+C32-D32 -> -739.021 | F32: =+D32/C32 -> 1.0793452 | I32: 105
B33: VI | C33: =+'Res. Global'!C65 -> 146 | D33: =+'Res. Global'!H65 -> 0 | E33: =+C33-D33 -> 146 | F33: =+D33/C33 -> 0 | I33: =SUM(I29:I32) -> 1242
B34: VII RAE | C34: =+'Res. Global'!C68 -> 1923 | D34: =+'Res. Global'!H68 -> 1703.1 | E34: =+C34-D34 -> 219.9 | F34: =+D34/C34 -> 0.88564743
B35: VIII RAE | C35: =+'Res. Global'!C71 -> 349489 | D35: =+'Res. Global'!H71 -> 323439.11 | E35: =+C35-D35 -> 26049.89 | F35: =+D35/C35 -> 0.92546292
B36: IX | C36: =+'Res. Global'!C73 -> 7774 | D36: =+'Res. Global'!H73 -> 7771.949 | E36: =+C36-D36 -> 2.051 | F36: =+D36/C36 -> 0.99973617
B37: XIV RAE | C37: =+'Res. Global'!C76 -> 49596 | D37: =+'Res. Global'!H76 -> 57334.998 | E37: =+C37-D37 -> -7738.998 | F37: =+D37/C37 -> 1.1560408
B38: X RAE | C38: =+'Res. Global'!C79 -> 23696 | D38: =+'Res. Global'!H79 -> 1328.765 | E38: =+C38-D38 -> 22367.235 | F38: =+D38/C38 -> 0.056075498
A39: Sardina Austral | B39: X | C39: =+'Res. Global'!C81 -> 22503 | D39: =+'Res. Global'!H81 -> 22333.784 | E39: =+C39-D39 -> 169.216 | F39: =+D39/C39 -> 0.99248029
B40: XI | C40: =+'Res. Global'!C83 -> 7790 | D40: =+'Res. Global'!H83 -> 4500.33 | E40: =+C40-D40 -> 3289.67 | F40: =+D40/C40 -> 0.57770603
A41: Anchoveta | B41: VIII Descarte Res Nº 946 | D41: =+'Res. Global'!H86 -> 19380.537
C43: =SUM(C6:C40) -> 667814 | D43: =SUM(D6:D40) -> 601730.19 | E43: =SUM(E6:E40) -> 66083.813
B44: XI dif. Cuota real | D44: =+D43/C43 -> 0.90104458
B45: total: | C45: =SUM(C43:C44) -> 667814

Sheet Res. Global
A2: Resumen por Periodo Cuota Artesanal 2014
A3: 42016
E5: Cuota (t) | G5: Desembarque (t) | I5: Saldo (t) | K5: Saldo % | M5: Fecha de Cierre
A6: Recurso | B6: Unidad de Pesquería | C6: Cuota Global (t) | D6: Período | E6: Asignada | F6: Efectiva | G6: Período | H6: Global | I6: Período | J6: Global | K6: Período | L6: Global
A7: Anchoveta | B7: XV y I | C7: =SUM(E7:E8) -> 89242 | D7: Ene - Jun | E7: 76062 | F7: =+E7 -> 76062 | G7: =+SUM(Anchoveta!AL7:AL12) -> 77889.68 | H7: =SUM(G7:G8) -> 89200.678 | I7: =+F7-G7 -> -1827.68 | J7: =C7-H7 -> 41.322 | K7: =1-G7/F7 -> -0.024028819 | L7: =1-H7/C7 -> 0.0004630331
D8: Jul - Dic | E8: =5680+7500 -> 13180 | F8: =+E8+I7 -> 11352.32 | G8: =+SUM(Anchoveta!AL13:AL18) -> 11310.998 | I8: =+F8-G8 -> 41.322 | K8: =1-G8/F8 -> 0.0036399608 | M8: 41838
B9: II | C9: =SUM(E9:E10) -> 30704 | D9: Ene - Jun | E9: 23028 | F9: =+E9 -> 23028 | G9: =+SUM(Anchoveta!B23:B29) -> 7503.897 | H9: =SUM(G9:G10) -> 24018.544 | I9: =+F9-G9 -> 15524.103 | J9: =C9-H9 -> 6685.456 | K9: =1-G9/F9 -> 0.67414031 | L9: =1-H9/C9 -> 0.21773893 | N9: 01 07 2014
D10: Jul - Dic | E10: 7676 | F10: =+E10+I9 -> 23200.103 | G10: =+SUM(Anchoveta!B30:B35) -> 16514.647 | I10: =+F10-G10 -> 6685.456 | K10: =1-G10/F10 -> 0.28816493
B11: III | C11: =SUM(E11:E12) -> 17702 | D11: Ene - oct | E11: 16817 | F11: =+E11 -> 16817 | G11: =+SUM(Anchoveta!B40:B49) -> 12035.498 | H11: =SUM(G11:G12) -> 12041.708 | I11: =+F11-G11 -> 4781.502 | J11: =C11-H11 -> 5660.292 | K11: =1-G11/F11 -> 0.2843255 | L11: =1-H11/C11 -> 0.31975438
C12: =SUM(E12:E13) -> 8092 | D12: Nov - Dic | E12: 885 | F12: =+E12+I11 -> 5666.502 | G12: =+SUM(Anchoveta!B50:B51) -> 6.21 | H12: =SUM(G12:G13) -> 7226.888 | I12: =+F12-G12 -> 5660.292 | J12: =+C12-H12 -> 865.112 | K12: =1-G12/F12 -> 0.99890409
B13: IV (RAE por Org) | C13: =SUM(E13:E14) -> 7586 | D13: Ene - oct | E13: 7207 | F13: =+E13 -> 7207 | G13: =+'Resumen RAE Anchoveta'!F10 -> 7220.678 | H13: =SUM(G13:G14) -> 7221.178 | I13: =+F13-G13 -> -13.678 | J13: =C13-H13 -> 364.822 | K13: =1-G13/F13 -> -0.0018978771 | L13: =1-H13/C13 -> 0.048091484
C14: =SUM(E14:E16) -> 2282 | D14: Nov - Dic | E14: 379 | F14: =+E14+I13 -> 365.322 | G14: =+'Resumen RAE Anchoveta'!F16 -> 0.5 | H14: =SUM(G14:G16) -> 2156.896 | I14: =+F14-G14 -> 364.822 | J14: =+C14-H14 -> 125.104 | K14: =1-G14/F14 -> 0.99863134
B15: V (RAE por Org) | C15: =SUM(E15:E17) -> 2003 | D15: Ene-Abr | E15: 1703 | F15: =+E15 -> 1703 | G15: =+SUM('Resumen RAE Anchoveta'!F23) -> 2156.396 | H15: =SUM(G15:G17) -> 2156.396 | I15: =+F15-G15 -> -453.396 | J15: =+C15-H15 -> -153.396 | K15: =1-G15/F15 -> -0.26623371 | L15: =1-H15/C15 -> -0.076583125 | M15: 20 03 2014
D16: May-Ago | E16: 200 | F16: =+E16+I15 -> -253.396 | G16: =+SUM('Resumen RAE Anchoveta'!F28) -> 0 | I16: =+F16-G16 -> -253.396 | K16: =1-G16/F16 -> 1 | M16: 07 04 2014
D17: Sep-Dic | E17: 100 | F17: =+E17+I16 -> -153.396 | G17: =+SUM('Resumen RAE Anchoveta'!F33) -> 0 | I17: =+F17-G17 -> -153.396 | K17: =1-G17/F17 -> 1
B18: VI | C18: =SUM(E18:E20) -> 13 | D18: Ene-Abr | E18: 11 | F18: =+E18 -> 11 | G18: =+SUM(Anchoveta!B89:B92) -> 0 | H18: =SUM(G18:G20) -> 0 | I18: =+F18-G18 -> 11 | J18: =+C18-H18 -> 13 | K18: =1-G18/F18 -> 1 | L18: =1-H18/C18 -> 1
D19: May-Ago | E19: 1 | F19: =+E19+I18 -> 12 | G19: =+SUM(Anchoveta!B93:B96) -> 0 | I19: =+F19-G19 -> 12 | K19: =1-G19/F19 -> 1
D20: Sep-Dic | E20: 1 | F20: =+E20+I19 -> 13 | G20: =+SUM(Anchoveta!B97:B100) -> 0 | I20: =+F20-G20 -> 13 | K20: =1-G20/F20 -> 1
B21: VII (RAE por Org) | C21: =SUM(E21:E23) -> 214 | D21: Ene-Abr | E21: 182 | F21: =+E21 -> 182 | G21: =+SUM('Resumen RAE Anchoveta'!F41) -> 90.097 | H21: =SUM(G21:G23) -> 192.185 | I21: =+F21-G21 -> 91.903 | J21: =+C21-H21 -> 21.815 | K21: =1-G21/F21 -> 0.50496154 | L21: =1-H21/C21 -> 0.10193925
D22: May-Ago | E22: 21 | F22: =+E22+I21 -> 112.903 | G22: =+SUM('Resumen RAE Anchoveta'!F47) -> 84.067 | I22: =+F22-G22 -> 28.836 | K22: =1-G22/F22 -> 0.25540508
D23: Sep-Dic | E23: 11 | F23: =+E23+I22 -> 39.836 | G23: =+SUM('Resumen RAE Anchoveta'!F53) -> 18.021 | I23: =+F23-G23 -> 21.815 | K23: =1-G23/F23 -> 0.54762024
B24: VIII (RAE por Org)(sin descarte) | C24: =SUM(E24:E25) -> 16688 | D24: Ene- Ago | E24: 15854 | F24: =+E24 -> 15854 | G24: =+SUM('Resumen RAE Anchoveta'!F122) -> 15355.553 | H24: =SUM(G24:G25) -> 17537.687 | I24: =+F24-G24 -> 498.447 | J24: =+C24-H24 -> -849.687 | K24: =1-G24/F24 -> 0.031439826 | L24: =1-H24/C24 -> -0.050916047
D25: Sep - Dic | E25: 834 | F25: =+E25+I24 -> 1332.447 | G25: =+SUM('Resumen RAE Anchoveta'!F189) -> 2182.134 | I25: =+F25-G25 -> -849.687 | K25: =1-G25/F25 -> -0.63768915
B26: IX | C26: =SUM(E26:E28) -> 400 | D26: Ene-Abr | E26: 340 | F26: =+E26 -> 340 | G26: =+SUM(Anchoveta!B138:B141) -> 105.482 | H26: =SUM(G26:G28) -> 137.895 | I26: =+F26-G26 -> 234.518 | J26: =+C26-H26 -> 262.105 | K26: =1-G26/F26 -> 0.68975882 | L26: =1-H26/C26 -> 0.6552625
D27: May-Ago | E27: 59 | F27: =+E27+I26 -> 293.518 | G27: =+SUM(Anchoveta!B142:B145) -> 32.413 | I27: =+F27-G27 -> 261.105 | K27: =1-G27/F27 -> 0.88957066
D28: Sep-Dic | E28: 1 | F28: =+E28+I27 -> 262.105 | G28: =+SUM(Anchoveta!B146:B149) -> 0 | I28: =+F28-G28 -> 262.105 | K28: =1-G28/F28 -> 1
B29: XIV (RAE por ORG) | C29: =SUM(E29:E31) -> 2411 | D29: Ene-Abr | E29: 2049 | F29: =+E29 -> 2049 | G29: =+SUM('Resumen RAE Anchoveta'!F211) -> 783.774 | H29: =SUM(G29:G31) -> 880.811 | I29: =+F29-G29 -> 1265.226 | J29: =+C29-H29 -> 1530.189 | K29: =1-G29/F29 -> 0.61748463 | L29: =1-H29/C29 -> 0.63466985
D30: May-Ago | E30: 241 | F30: =+E30+I29 -> 1506.226 | G30: =+SUM('Resumen RAE Anchoveta'!F231) -> 65.917 | I30: =+F30-G30 -> 1440.309 | K30: =1-G30/F30 -> 0.95623698
D31: Sep-Dic | E31: 121 | F31: =+E31+I30 -> 1561.309 | G31: =+SUM('Resumen RAE Anchoveta'!F251) -> 31.12 | I31: =+F31-G31 -> 1530.189 | K31: =1-G31/F31 -> 0.98006801
B32: X (RAE por Org) | C32: =SUM(E32:E33) -> 1485 | D32: Ene-Jun | E32: 1188 | F32: =+E32 -> 1188 | G32: =+SUM('Resumen RAE Anchoveta'!F269) -> 104.574 | H32: =SUM(G32:G33) -> 292.195 | I32: =+F32-G32 -> 1083.426 | J32: =+C32-H32 -> 1192.805 | K32: =1-G32/F32 -> 0.91197475 | L32: =1-H32/C32 -> 0.80323569 | W32: 898.5 | Y32: 0.856
D33: Jul-Dic | E33: 297 | F33: =+E33+I32 -> 1380.426 | G33: =+SUM('Resumen RAE Anchoveta'!F285) -> 187.621 | I33: =+F33-G33 -> 1192.805 | K33: =1-G33/F33 -> 0.86408471 | W33: 898.5
A34: JUREL | B34: XV y I | C34: =SUM(E34:E35) -> 991 | D34: Ene - Sep | E34: 941 | F34: =+E34 -> 941 | G34: =+SUM(Jurel!B7:B15) -> 156.787 | H34: =SUM(G34:G35) -> 156.787 | I34: =+F34-G34 -> 784.213 | J34: =+C34-H34 -> 834.213 | K34: =1-G34/F34 -> 0.83338257 | L34: =1-H34/C34 -> 0.8417891 | Y34: 40.414
C35: =SUM(E35:E36) -> 991 | D35: Oct-Dic | E35: 50 | F35: =+E35+I34 -> 834.213 | G35: =+SUM(Jurel!B16:B18) -> 0 | H35: =SUM(G35:G36) -> 1165.537 | I35: =+F35-G35 -> 834.213 | J35: =+C35-H35 -> -174.537 | K35: =1-G35/F35 -> 1 | L35: =1-H35/C35 -> -0.1761221 | Y35: 2027.273
B36: II | C36: =SUM(E36:E37) -> 991 | D36: Ene - Sep | E36: 941 | F36: =+E36 -> 941 | G36: =+SUM(Jurel!B23:B32) -> 1165.537 | H36: =SUM(G36:G37) -> 1165.537 | I36: =+F36-G36 -> -224.537 | J36: =+C36-H36 -> -174.537 | K36: =1-G36/F36 -> -0.2386153 | L36: =1-H36/C36 -> -0.1761221 | W36: 2237
B37: II | C37: =SUM(E37:E38) -> 4154 | D37: Oct-Dic | E37: 50 | F37: =+E37+I36 -> -174.537 | G37: =+SUM(Jurel!B33:B34) -> 0 | H37: =SUM(G37:G38) -> 3616.9681 | I37: =+F37-G37 -> -174.537 | J37: =+C37-H37 -> 537.03188 | K37: =1-G37/F37 -> 1 | L37: =1-H37/C37 -> 0.12928066 | M37: 41821 | Y37: 2261.788
B38: III | C38: =SUM(E38:E39) -> 4109 | D38: Ene - Oct | E38: =2654+1450 -> 4104 | F38: =+E38 -> 4104 | G38: =+SUM(Jurel!AL39:AL48) -> 3616.9681 | H38: =SUM(G38:G39) -> 3929.5381 | I38: =+F38-G38 -> 487.03188 | J38: =+C38-H38 -> 179.46188 | K38: =1-G38/F38 -> 0.11867249 | L38: =1-H38/C38 -> 0.043675318 | M38: 04 03 2014/06-06-2014 | W38: 5219
D39: Nov - Dic | E39: 5 | F39: =+E39+I38 -> 492.03188 | G39: =+SUM(Jurel!AL49:AL50) -> 312.57 | H39: =SUM(G39:G40) -> 4041.915 | I39: =+F39-G39 -> 179.46188 | J39: =+C39-H39 -> -4041.915 | K39: =1-G39/F39 -> 0.36473628 | L39: =1-H39/C39 -> #DIV/0! | M39: 41838 | Y39: 41.409
B40: IV (RAE por Org) | C40: =SUM(E40:E41) -> 6205 | D40: Ene - Oct | E40: 5895 | F40: =+E40 -> 5895 | G40: =+('Resumen RAE Jurel'!F10) -> 3729.345 | H40: =SUM(G40:G41) -> 3795.753 | I40: =+F40-G40 -> 2165.655 | J40: =+C40-H40 -> 2409.247 | K40: =1-G40/F40 -> 0.3673715 | L40: =1-H40/C40 -> 0.3882751 | W40: 2457
C41: =SUM(E41:E42) -> 1690 | D41: Nov - Dic | E41: 310 | F41: =+E41+I40 -> 2475.655 | G41: =+'Resumen RAE Jurel'!F16 -> 66.408 | H41: =SUM(G41:G42) -> 97.039 | I41: =+F41-G41 -> 2409.247 | J41: =+C41-H41 -> 1592.961 | K41: =1-G41/F41 -> 0.97317558 | L41: =1-H41/C41 -> 0.94258047
B42: V (RAE por Org) | C42: =SUM(E42:E43) -> 1526 | D42: Ene - Sep | E42: 1380 | F42: =+E42 -> 1380 | G42: =+'Resumen RAE Jurel'!F24 -> 30.631 | H42: =SUM(G42:G43) -> 1378.779 | I42: =+F42-G42 -> 1349.369 | J42: =+C42-H42 -> 147.221 | K42: =1-G42/F42 -> 0.97780362 | L42: =1-H42/C42 -> 0.096475098 | W42: 10 | Y42: 0.207
C43: =SUM(E43:E43) -> 146 | D43: Oct-Dic | E43: 146 | F43: =+E43+I42 -> 1495.369 | G43: =+'Resumen RAE Jurel'!F29 -> 1348.148 | H43: =SUM(G43:G43) -> 1348.148 | I43: =+F43-G43 -> 147.221 | J43: =+C43-H43 -> -1202.148 | K43: =1-G43/F43 -> 0.098451285 | L43: =1-H43/C43 -> -8.2338904 | Y43: 40.538
B44: VI | C44: =SUM(E44:E45) -> 12 | D44: Ene - Sep | E44: 11 | F44: =+E44 -> 11 | G44: =+SUM(Jurel!B87:B95) -> 0.07 | H44: =SUM(G44:G45) -> 0.516 | I44: =+F44-G44 -> 10.93 | J44: =+C44-H44 -> 11.484 | K44: =1-G44/F44 -> 0.99363636 | L44: =1-H44/C44 -> 0.957 | W44: 80
C45: =SUM(E45:E46) -> 92 | D45: Oct-Dic | E45: 1 | F45: =+E45+I44 -> 11.93 | G45: =+SUM(Jurel!B96:B98) -> 0.446 | H45: =SUM(G45:G46) -> 51.734 | I45: =+F45-G45 -> 11.484 | J45: =+C45-H45 -> 40.266 | K45: =1-G45/F45 -> 0.96261526
B46: VII | C46: =SUM(E46:E47) -> 96 | D46: Ene - Sep | E46: 91 | F46: =+E46 -> 91 | G46: =+SUM(Jurel!B103:B111) -> 51.288 | H46: =SUM(G46:G47) -> 51.32 | I46: =+F46-G46 -> 39.712 | J46: =+C46-H46 -> 44.68 | K46: =1-G46/F46 -> 0.4363956 | L46: =1-H46/C46 -> 0.46541667 | W46: 5236 | Y46: 5642.43
C47: =SUM(E47:E48) -> 5919 | D47: Oct-Dic | E47: 5 | F47: =+E47+I46 -> 44.712 | G47: =+SUM(Jurel!B112:B114) -> 0.032 | H47: =SUM(G47:G48) -> 8922.062 | I47: =+F47-G47 -> 44.68 | J47: =+C47-H47 -> -3003.062 | K47: =1-G47/F47 -> 0.99928431 | L47: =1-H47/C47 -> -0.50735969
B48: VIII | C48: =SUM(E48:E49) -> 6225 | D48: Ene - Sep | E48: 5914 | F48: =+E48 -> 5914 | G48: =+SUM(Jurel!B119:B127) -> 8922.03 | H48: =SUM(G48:G49) -> 8922.03 | I48: =+F48-G48 -> -3008.03 | J48: =+C48-H48 -> -2697.03 | K48: =1-G48/F48 -> -0.50862868 | L48: =1-H48/C48 -> -0.43325783 | M48: 03 02 3014 | W48: 118 | Y48: 0
C49: =SUM(E49:E50) -> 444 | D49: Oct-Dic | E49: 311 | F49: =+E49+I48 -> -2697.03 | G49: =+SUM(Jurel!B128:B130) -> 0 | H49: =SUM(G49:G50) -> 0 | I49: =+F49-G49 -> -2697.03 | J49: =+C49-H49 -> 444 | K49: =1-G49/F49 -> 1 | L49: =1-H49/C49 -> 1 | M49: 05 02 3014
B50: IX | C50: =SUM(E50:E51) -> 140 | D50: Ene - Sep | E50: 133 | F50: =+E50 -> 133 | G50: =+SUM(Jurel!B135:B143) -> 0 | H50: =SUM(G50:G51) -> 0 | I50: =+F50-G50 -> 133 | J50: =+C50-H50 -> 140 | K50: =1-G50/F50 -> 1 | L50: =1-H50/C50 -> 1 | W50: 612 | Y50: 15.382
C51: =SUM(E51:E52) -> 698 | D51: Oct-Dic | E51: 7 | F51: =+E51+I50 -> 140 | G51: =+SUM(Jurel!B144:B146) -> 0 | H51: =SUM(G51:G52) -> 0.015 | I51: =+F51-G51 -> 140 | J51: =+C51-H51 -> 697.985 | K51: =1-G51/F51 -> 1 | L51: =1-H51/C51 -> 0.99997851
B52: XIV (RAE por ORG) | C52: =SUM(E52:E53) -> 728 | D52: Ene - Sep | E52: 691 | F52: =+E52 -> 691 | G52: =+SUM('Resumen RAE Jurel'!F51) -> 0.015 | H52: =SUM(G52:G53) -> 0.015 | I52: =+F52-G52 -> 690.985 | J52: =+C52-H52 -> 727.985 | K52: =1-G52/F52 -> 0.99997829 | L52: =1-H52/C52 -> 0.9999794 | W52: 4096 | Y52: 116.278
C53: =SUM(E53:E54) -> 4664 | D53: Oct-Dic | E53: 37 | F53: =+E53+I52 -> 727.985 | G53: =+SUM('Resumen RAE Jurel'!F71) -> 0 | H53: =SUM(G53:G54) -> 3.059 | I53: =+F53-G53 -> 727.985 | J53: =+C53-H53 -> 4660.941 | K53: =1-G53/F53 -> 1 | L53: =1-H53/C53 -> 0.99934413 | Y53: 0
B54: X (RAE por Org) | C54: =SUM(E54:E55) -> 4870 | D54: Ene - Sep | E54: 4627 | F54: =+E54 -> 4627 | G54: =+SUM('Resumen RAE Jurel'!F88) -> 3.059 | H54: =SUM(G54:G55) -> 43.913 | I54: =+F54-G54 -> 4623.941 | J54: =+C54-H54 -> 4826.087 | K54: =1-G54/F54 -> 0.99933888 | L54: =1-H54/C54 -> 0.99098296 | P54: 44.786 | W54: 2
C55: =SUM(E55:E55) -> 243 | D55: Oct-Dic | E55: 243 | F55: =+E55+I54 -> 4866.941 | G55: =+SUM('Resumen RAE Jurel'!F103) -> 40.854 | H55: =SUM(G55:G55) -> 40.854 | I55: =+F55-G55 -> 4826.087 | J55: =+C55-H55 -> 202.146 | K55: =1-G55/F55 -> 0.99160582 | L55: =1-H55/C55 -> 0.83187654 | P55: 18.761 | W55: 327
A56: Sardina española | B56: XV y I | C56: =SUM(E56:E57) -> 186 | D56: Ene - Jun | E56: 140 | F56: =+E56 -> 140 | G56: =+SUM(S.española!B7:B12) -> 0.35 | H56: =SUM(G56:G57) -> 0.85 | I56: =+F56-G56 -> 139.65 | J56: =+C56-H56 -> 185.15 | K56: =1-G56/F56 -> 0.9975 | L56: =1-H56/C56 -> 0.99543011 | P56: 141.912
C57: =SUM(E57:E58) -> 575 | D57: Jul - Dic | E57: 46 | F57: =+E57+I56 -> 185.65 | G57: =+SUM(S.española!B13:B18) -> 0.5 | H57: =SUM(G57:G58) -> 50.52 | I57: =+F57-G57 -> 185.15 | J57: =+C57-H57 -> 524.48 | K57: =1-G57/F57 -> 0.99730676 | L57: =1-H57/C57 -> 0.91213913 | P57: 2302.76
B58: II | C58: =SUM(E58:E59) -> 706 | D58: Ene - Jun | E58: 529 | F58: =+E58 -> 529 | G58: =+SUM(S.española!B23:B28) -> 50.02 | H58: =SUM(G58:G59) -> 139.12 | I58: =+F58-G58 -> 478.98 | J58: =+C58-H58 -> 566.88 | K58: =1-G58/F58 -> 0.90544423 | L58: =1-H58/C58 -> 0.80294618 | P58: 1558.853
C59: =SUM(E59:E61) -> 527 | D59: Jul - Dic | E59: 177 | F59: =+E59+I58 -> 655.98 | G59: =+SUM(S.española!B29:B34) -> 89.1 | H59: =SUM(G59:G61) -> 90.794 | I59: =+F59-G59 -> 566.88 | J59: =+C59-H59 -> 436.206 | K59: =1-G59/F59 -> 0.86417269 | L59: =1-H59/C59 -> 0.82771537 | P59: 0.092
B60: III | C60: =+E60 -> 245 | D60: Anual | E60: 245 | F60: =+E60 -> 245 | G60: =+S.española!B68 -> 1.562 | H60: =+G60 -> 1.562 | I60: =+F60-G60 -> 243.438 | J60: =+C60-H60 -> 243.438 | K60: =1-G60/F60 -> 0.99362449 | L60: =1-H60/C60 -> 0.99362449 | P60: 0.239
B61: IV | C61: =+E61 -> 105 | D61: Anual | E61: 105 | F61: =+E61 -> 105 | G61: =+S.española!B84 -> 0.132 | H61: =+G61 -> 0.132 | I61: =+F61-G61 -> 104.868 | J61: =+C61-H61 -> 104.868 | K61: =1-G61/F61 -> 0.99874286 | L61: =1-H61/C61 -> 0.99874286 | P61: 0.422
A62: Sardina común | B62: V (RAE por ORG) | C62: =SUM(E62:E64) -> 9314 | D62: Ene- Abr | E62: =4445+1278+1540 -> 7263 | F62: =+E62 -> 7263 | G62: =+SUM('Resumen RAE S.Común'!F10) -> 7317.752 | H62: =SUM(G62:G64) -> 10053.021 | I62: =+F62-G62 -> -54.752 | J62: =+C62-H62 -> -739.021 | K62: =1-G62/F62 -> -0.0075384827 | L62: =1-H62/C62 -> -0.079345179 | P62: 243.94 | W62: =SUM(W32:W57) -> 22191 | Y62: =SUM(Y32:Y57) -> 10186.575 | AA62: =(Y62*100)/W62 -> 45.904083
D63: May - Ago | E63: =165+150+821+757 -> 1893 | F63: =+E63+I62 -> 1838.248 | G63: =+SUM('Resumen RAE S.Común'!F15) -> 2441.709 | I63: =+F63-G63 -> -603.461 | K63: =1-G63/F63 -> -0.32828051 | P63: 58.238
D64: Sep - Dic | E64: =83+75 -> 158 | F64: =+E64+I63 -> -445.461 | G64: =+SUM('Resumen RAE S.Común'!F20) -> 293.56 | I64: =+F64-G64 -> -739.021 | K64: =1-G64/F64 -> 1.6590027 | P64: =SUM(P54:P63) -> 4370.003
B65: VI | C65: =SUM(E65:E67) -> 146 | D65: Ene- Abr | E65: 124 | F65: =+E65 -> 124 | G65: =+SUM(S.común!B22:B25) -> 0 | H65: =SUM(G65:G67) -> 0 | I65: =+F65-G65 -> 124 | J65: =+C65-H65 -> 146 | K65: =1-G65/F65 -> 1 | L65: =1-H65/C65 -> 1
D66: May - Ago | E66: 15 | F66: =+E66+I65 -> 139 | G66: =+SUM(S.común!B26:B29) -> 0 | I66: =+F66-G66 -> 139 | K66: =1-G66/F66 -> 1
D67: Sep - Dic | E67: 7 | F67: =+E67+I66 -> 146 | G67: =+SUM(S.común!B30:B33) -> 0 | I67: =+F67-G67 -> 146 | K67: =1-G67/F67 -> 1
B68: VII (RAE por ORG) | C68: =SUM(E68:E70) -> 1923 | D68: Ene- Abr | E68: 1587 | F68: =+E68 -> 1587 | G68: =+SUM('Resumen RAE S.Común'!F28) -> 1039.118 | H68: =SUM(G68:G70) -> 1703.1 | I68: =+F68-G68 -> 547.882 | J68: =+C68-H68 -> 219.9 | K68: =1-G68/F68 -> 0.34523125 | L68: =1-H68/C68 -> 0.11435257
D69: May - Ago | E69: 224 | F69: =+E69+I68 -> 771.882 | G69: =+SUM('Resumen RAE S.Común'!F34) -> 311.153 | I69: =+F69-G69 -> 460.729 | K69: =1-G69/F69 -> 0.59689046
D70: Sep - Dic | E70: 112 | F70: =+E70+I69 -> 572.729 | G70: =+SUM('Resumen RAE S.Común'!F40) -> 352.829 | I70: =+F70-G70 -> 219.9 | K70: =1-G70/F70 -> 0.38395122
B71: VIII (RAE por ORG) | C71: =SUM(E71:E72) -> 349489 | D71: Ene- Ago | E71: 332015 | F71: =+E71 -> 332015 | G71: =+SUM('Resumen RAE S.Común'!F108) -> 283791.17 | H71: =SUM(G71:G72) -> 323439.11 | I71: =+F71-G71 -> 48223.833 | J71: =+C71-H71 -> 26049.89 | K71: =1-G71/F71 -> 0.14524595 | L71: =1-H71/C71 -> 0.07453708
D72: Sep - Dic | E72: 17474 | F72: =+E72+I71 -> 65697.833 | G72: =+SUM('Resumen RAE S.Común'!F175) -> 39647.943 | I72: =+F72-G72 -> 26049.89 | K72: =1-G72/F72 -> 0.39651064
B73: IX | C73: =SUM(E73:E75) -> 7774 | D73: Ene- Abr | E73: 4396 | F73: =+E73 -> 4396 | G73: =+SUM(S.común!AL71:AL74) -> 4397.706 | H73: =SUM(G73:G75) -> 7771.949 | I73: =+F73-G73 -> -1.706 | J73: =+C73-H73 -> 2.051 | K73: =1-G73/F73 -> -0.00038808007 | L73: =1-H73/C73 -> 0.00026382815 | M73: 27 03 2014 | N73: cierre 15-04-2014
D74: May - Ago | E74: =775 +2602 -> 3377 | F74: =+E74+I73 -> 3375.294 | G74: =+SUM(S.común!AL75:AL78) -> 773.057 | I74: =+F74-G74 -> 2602.237 | K74: =1-G74/F74 -> 0.77096603
D75: Sep - Dic | E75: 1 | F75: =+E75+I74 -> 2603.237 | G75: =+SUM(S.común!AL79:AL82) -> 2601.186 | I75: =+F75-G75 -> 2.051 | K75: =1-G75/F75 -> 0.00078786526
B76: XIV (RAE por Org) | C76: =SUM(E76:E78) -> 49596 | D76: Ene- Abr | E76: 42157 | F76: =+E76 -> 42157 | G76: =+SUM('Resumen RAE S.Común'!F197) -> 34241.581 | H76: =SUM(G76:G78) -> 57334.998 | I76: =+F76-G76 -> 7915.419 | J76: =+C76-H76 -> -7738.998 | K76: =1-G76/F76 -> 0.18776049 | L76: =1-H76/C76 -> -0.15604077 | N76: 1
D77: May - Ago | E77: 4959 | F77: =+E77+I76 -> 12874.419 | G77: =+SUM('Resumen RAE S.Común'!F217) -> 10511.57 | I77: =+F77-G77 -> 2362.849 | K77: =1-G77/F77 -> 0.18353053
D78: Sep - Dic | E78: 2480 | F78: =+E78+I77 -> 4842.849 | G78: =+SUM('Resumen RAE S.Común'!F237) -> 12581.847 | I78: =+F78-G78 -> -7738.998 | K78: =1-G78/F78 -> -1.5980259
B79: X (RAE por ORG) | C79: =SUM(E79:E80) -> 23696 | D79: Ene- Jun | E79: 18957 | F79: =+E79 -> 18957 | G79: =+SUM('Resumen RAE S.Común'!F255) -> 819.752 | H79: =SUM(G79:G80) -> 1328.765 | I79: =+F79-G79 -> 18137.248 | J79: =+C79-H79 -> 22367.235 | K79: =1-G79/F79 -> 0.95675729 | L79: =1-H79/C79 -> 0.9439245
D80: Jul-Dic | E80: 4739 | F80: =+E80+I79 -> 22876.248 | G80: =+SUM('Resumen RAE S.Común'!F271) -> 509.013 | I80: =+F80-G80 -> 22367.235 | K80: =1-G80/F80 -> 0.97774928
A81: Sardina Austral | B81: X (RAE por ORG) | C81: =SUM(E81:E82) -> 22503 | D81: Ene- Jun | E81: 12793 | F81: =+E81 -> 12793 | G81: =+SUM('Resumen RAE S. Austral'!F13) -> 13120.086 | H81: =SUM(G81:G82) -> 22333.784 | I81: =+F81-G81 -> -327.086 | J81: =+C81-H81 -> 169.216 | K81: =1-G81/F81 -> -0.025567576 | L81: =1-H81/C81 -> 0.0075197085
D82: Jul-Dic | E82: 9710 | F82: =+E82+I81 -> 9382.914 | G82: =+SUM('Resumen RAE S. Austral'!F25) -> 9213.698 | I82: =+F82-G82 -> 169.216 | K82: =1-G82/F82 -> 0.018034483
B83: XI | C83: =SUM(E83:E84) -> 7790 | D83: Ene- Jun | E83: 5453 | F83: =+E83 -> 5453 | G83: =+'Resumen RAE S. Austral'!F40 -> 3043.41 | H83: =SUM(G83:G84) -> 4500.33 | I83: =+F83-G83 -> 2409.59 | J83: =+C83-H83 -> 3289.67 | K83: =1-G83/F83 -> 0.44188337 | L83: =1-H83/C83 -> 0.42229397
D84: Jul-Dic | E84: 2337 | F84: =+E84+I83 -> 4746.59 | G84: =+'Resumen RAE S. Austral'!F51 -> 1456.92 | I84: =+F84-G84 -> 3289.67 | K84: =1-G84/F84 -> 0.69305965
G85: =SUM(G7:G84) -> 601730.19
A86: Anchoveta | B86: VIII Descarte Res Nº 946 | H86: =+'Resumen RAE Anchoveta'!Q189 -> 19380.537
A96: jurel x | B96: periodo 1 | C96: periodo 2
A97: por res 548 del 22 02 2013 | B97: 16.978 | C97: 0.893
B98: 580.947 | C98: 30.548
B99: 2083.929 | C99: 109.581
B100: 1410.715 | C100: 74.181
B101: 0.083 | C101: 0.004
B102: 0 | C102: 0
B103: 0.217 | C103: 0.011
B104: 40.571 | C104: 2.133
B105: 0.453 | C105: 0.024
B106: 220.759 | C106: 11.608
B107: 57.349 | C107: 3.016
B108: =SUM(B97:B107) -> 4412.001 | C108: =SUM(C97:C107) -> 231.999 | D108: =SUM(B108:C108) -> 4644

Sheet Resumen RAE Anchoveta
A2: Resumen RAE Anchoveta 2014
A4: IV Región, de Coquimbo
A6: Organización | B6: Periodo | C6: Cuota asignada (t) | D6: TRAPASOS | E6: Cuota efectiva (t) | F6: Desembarque (t) | G6: Saldo (t) | H6: % | I6: Fecha de Cierre
A7: A.G. de pescadores Art. Y Buzos Marisc. De Coquimbo IV Región | B7: Ene-Oct | C7: 52.52 | E7: =+C7 -> 52.52 | F7: =+SUM('RAE Anchoveta'!B8:B17) -> 32.524 | G7: =+E7-F7 -> 19.996 | H7: =+G7/E7 -> 0.38073115
A8: Cooperativa de Armadores Cerqueros IV Región | B8: Ene-Oct | C8: 7144.96 | E8: =+C8+D8 -> 7144.96 | F8: =+SUM('RAE Anchoveta'!B24:B33) -> 7181.428 | G8: =+E8-F8 -> -36.468 | H8: =+G8/E8 -> -0.0051040174 | L8: Atencion
A9: Cuota Residual - Bolson | B9: Ene-Oct | C9: 9.52 | E9: =+C9 -> 9.52 | F9: =+SUM('RAE Anchoveta'!B40:B49) -> 6.726 | G9: =+E9-F9 -> 2.794 | H9: =+G9/E9 -> 0.29348739
A10: Total | B10: Ene-Oct | C10: =SUM(C7:C9) -> 7207 | E10: =SUM(E7:E9) -> 7207 | F10: =SUM(F7:F9) -> 7220.678 | G10: =+E10-F10 -> -13.678
C11: 105
A12: Organización | B12: Periodo | C12: Cuota asignada (t) | D12: TRAPASOS | E12: Cuota efectiva (t) | F12: Desembarque (t) | G12: Saldo (t) | H12: % | I12: Fecha de Cierre
A13: A.G. de pescadores Art. Y Buzos Marisc. De Coquimbo IV Región | B13: Nov-Dic | C13: 2.76 | E13: =+C13+G7 -> 22.756 | F13: =+SUM('RAE Anchoveta'!B18:B19) -> 0.5 | G13: =+E13-F13 -> 22.256 | H13: =+G13/E13 -> 0.97802777
A14: Cooperativa de Armadores Cerqueros IV Región | B14: Nov-Dic | C14: 375.74 | E14: =+C14+G8 -> 339.272 | F14: =+SUM('RAE Anchoveta'!B34:B35) -> 0 | G14: =+E14-F14 -> 339.272 | H14: =+G14/E14 -> 1
A15: Cuota Residual - Bolson | B15: Nov-Dic | C15: 0.5 | E15: =+C15+G9 -> 3.294 | F15: =+SUM('RAE Anchoveta'!B50:B51) -> 0 | G15: =+E15-F15 -> 3.294 | H15: =+G15/E15 -> 1
A16: Total | B16: Nov-Dic | C16: =SUM(C13:C15) -> 379 | E16: =+C16 -> 379 | F16: =SUM(F13:F15) -> 0.5 | G16: =+E16-F16 -> 378.5
A18: V Región, de Valparaíso
A20: Organización | B20: Periodo | C20: Cuota asignada (t) | D20: Traspasos | E20: Cuota efectiva (t) | F20: Desembarque (t) | G20: Saldo (t) | H20: % | I20: Fecha de Cierre
A21: A.G. Armadores Artesanales San Antonio R.A.G. 2510 | B21: Ene-Abr | C21: 1981 | E21: =+C21+D21 -> 1981 | F21: =+SUM('RAE Anchoveta'!B58:B61) -> 2117.276 | G21: =+E21-F21 -> -136.276 | H21: =+G21/E21 -> -0.068791519 | I21: 07 04 2014 | L21: Atencion
A22: Pescadores artesanales no afiliados | B22: Ene-Abr | C22: 17 | E22: =+C22+D22 -> 17 | F22: =+SUM('RAE Anchoveta'!B74:B77) -> 39.12 | G22: =+E22-F22 -> -22.12 | H22: =+G22/E22 -> -1.3011765 | I22: 20 03 2014 | L22: Atencion
A23: Total | B23: Ene-Abr | C23: =SUM(C21:C22) -> 1998 | E23: =SUM(E21:E22) -> 1998 | F23: =SUM(F21:F22) -> 2156.396 | G23: =+E23-F23 -> -158.396
A25: Organización | B25: Periodo | C25: Cuota asignada (t) | E25: Cuota efectiva (t) | F25: Desembarque (t) | G25: Saldo (t) | H25: % | I25: Fecha de Cierre
A26: A.G. Armadores Artesanales San Antonio R.A.G. 2510 | B26: May-Ago | C26: 1 | E26: =+C26+G21+D26 -> -135.276 | F26: =+SUM('RAE Anchoveta'!B62:B65) -> 0 | G26: =+E26-F26 -> -135.276 | H26: =+G26/E26 -> 1 | I26: 07 04 2014
A27: Pescadores artesanales no afiliados | B27: May-Ago | C27: 2 | E27: =+C27+G22+D27 -> -20.12 | F27: =+SUM('RAE Anchoveta'!B78:B81) -> 0 | G27: =+E27-F27 -> -20.12 | H27: =+G27/E27 -> 1 | I27: 20 03 2014
A28: Total | B28: May-Ago | C28: =SUM(C26:C27) -> 3 | E28: =+C28+G23 -> -155.396 | F28: =SUM(F26:F27) -> 0 | G28: =+E28-F28 -> -155.396
A30: Organización | B30: Periodo | C30: Cuota asignada (t) | E30: Cuota efectiva (t) | F30: Desembarque (t) | G30: Saldo (t) | H30: % | I30: Fecha de Cierre
A31: A.G. Armadores Artesanales San Antonio R.A.G. 2510 | B31: Sep-Dic | C31: 1 | E31: =+C31+G26+D31 -> -134.276 | F31: =+SUM('RAE Anchoveta'!B66:B69) -> 0 | G31: =+E31-F31 -> -134.276 | H31: =+G31/E31 -> 1 | I31: 07 04 2014
A32: Pescadores artesanales no afiliados | B32: Sep-Dic | C32: 1 | E32: =+C32+G27+D32 -> -19.12 | F32: =+SUM('RAE Anchoveta'!B82:B85) -> 0 | G32: =+E32-F32 -> -19.12 | H32: =+G32/E32 -> 1 | I32: 20 03 2014
A33: Total | B33: Sep-Dic | C33: =SUM(C31:C32) -> 2 | E33: =+C33+G28 -> -153.396 | F33: =SUM(F31:F32) -> 0 | G33: =+E33-F33 -> -153.396
A35: VII Región, deL Maule
A37: Organización | B37: Periodo | C37: Cuota asignada (t) | D37: TRASPASOS | E37: Cuota efectiva (t) | F37: Desembarque (t) | G37: Saldo (t) | H37: % | I37: Fecha de Cierre
A38: STI:.de Pescadores "Pelágicos del Maule" Constitución, R.S.U. N° 07050150 | B38: Ene-Abr | C38: 144.644 | E38: =+C38+D38 -> 144.644 | F38: =+SUM('RAE Anchoveta'!B91:B94) -> 90.097 | G38: =+E38-F38 -> 54.547 | H38: =+G38/E38 -> 0.37711208
A39: STI. AGUA LIMPIA RSU. N° 07050118 | B39: Ene-Abr | C39: 1.638 | E39: =+C39+D39 -> 1.638 | F39: =+SUM('RAE Anchoveta'!B107:B110) -> 0 | G39: =+E39-F39 -> 1.638 | H39: =+G39/E39 -> 1
A40: Cuota Residual | B40: Ene-Abr | C40: 8.718 | E40: =+C40+D40 -> 8.718 | F40: =+SUM('RAE Anchoveta'!B123:B126) -> 0 | G40: =+E40-F40 -> 8.718 | H40: =+G40/E40 -> 1
A41: Total | B41: Ene-Abr | C41: =SUM(C38:C40) -> 155 | E41: =SUM(E38:E40) -> 155 | F41: =SUM(F38:F40) -> 90.097 | G41: =+E41-F41 -> 64.903
A43: Organización | B43: Periodo | C43: Cuota asignada (t) | E43: Cuota efectiva (t) | F43: Desembarque (t) | G43: Saldo (t) | H43: % | I43: Fecha de Cierre
A44: STI:.de Pescadores "Pelágicos del Maule" Constitución, R.S.U. N° 07050150 | B44: May-Ago | C44: 19.805 | E44: =+C44+G38+D44 -> 74.352 | F44: =+SUM('RAE Anchoveta'!B95:B98) -> 84.067 | G44: =+E44-F44 -> -9.715 | H44: =+G44/E44 -> -0.13066226
A45: STI. AGUA LIMPIA RSU. N° 07050118 | B45: May-Ago | C45: 0.189 | E45: =+C45+G39+D45 -> 1.827 | F45: =+SUM('RAE Anchoveta'!B111:B114) -> 0 | G45: =+E45-F45 -> 1.827 | H45: =+G45/E45 -> 1
A46: Cuota Residual | B46: May-Ago | C46: 1.006 | E46: =+C46+G40+D46 -> 9.724 | F46: =+SUM('RAE Anchoveta'!B127:B130) -> 0 | G46: =+E46-F46 -> 9.724 | H46: =+G46/E46 -> 1
A47: Total | B47: May-Ago | C47: =SUM(C44:C46) -> 21 | E47: =+C47+G41 -> 85.903 | F47: =SUM(F44:F46) -> 84.067 | G47: =+E47-F47 -> 1.836
A49: Organización | B49: Periodo | C49: Cuota asignada (t) | E49: Cuota efectiva (t) | F49: Desembarque (t) | G49: Saldo (t) | H49: % | I49: Fecha de Cierre
A50: STI:.de Pescadores "Pelágicos del Maule" Constitución, R.S.U. N° 07050150 | B50: Sep-Dic | C50: 10.374 | E50: =+C50+G44+D50 -> 0.659 | F50: =+SUM('RAE Anchoveta'!B99:B102) -> 2.282 | G50: =+E50-F50 -> -1.623 | H50: =+G50/E50 -> -2.4628225
A51: STI. AGUA LIMPIA RSU. N° 07050118 | B51: Sep-Dic | C51: 0.099 | E51: =+C51+G45+D51 -> 1.926 | F51: =+SUM('RAE Anchoveta'!B115:B118) -> 0 | G51: =+E51-F51 -> 1.926 | H51: =+G51/E51 -> 1
A52: Cuota Residual | B52: Sep-Dic | C52: 0.527 | E52: =+C52+G46+D52 -> 10.251 | F52: =+SUM('RAE Anchoveta'!B131:B134) -> 15.739 | G52: =+E52-F52 -> -5.488 | H52: =+G52/E52 -> -0.5353624
A53: Total | B53: Sep-Dic | C53: =SUM(C50:C52) -> 11 | E53: =+C53+G47 -> 12.836 | F53: =SUM(F50:F52) -> 18.021 | G53: =+E53-F53 -> -5.185
A55: VIII Región, del Bio Bio | G55: 41011 | N55: insertar aquí
A57: Organización | B57: Periodo | C57: Cuota asignada (t) | D57: traspasos | E57: Cuota efectiva (t) | F57: Desembarque (t) | G57: Saldo (t) | H57: % | I57: Fecha de Cierre | N57: desembarque
A58: Agrupación de Armadores y Pescadores Pelágicos de Caleta Tubul, Registro de Organización Comunitaria Funcional 478-2007 | B58: Ene-Ago | C58: 48.797 | E58: =+C58+D58 -> 48.797 | F58: =24.97-24.73+17.1+29.58+6.48-4.6+5.5-5.5 -> 48.8 | G58: =+E58-F58 -> -0.003 | H58: =+G58/E58 -> -6.1479189e-05 | J58: 1 | M58: =+N58-F58 -> 0 | N58: 48.8 | S58: 46.92
A59: Agrupación Gremial de Productores Pelágicos, Armadores Artesanales de Talcahuano, Región del Bío Bío AGREPAR BIO BIO A.G., R.A.G. N° 468-8 | B59: Ene-Ago | C59: 144.767 | E59: =+C59+D59 -> 144.767 | F59: =26.63+3.01+38.05+34.97+4.33+57.59-19.81+4.23+37.13-41.36+1.55-1.55+3.55-3.55 -> 144.77 | G59: =+E59-F59 -> -0.003 | H59: =+G59/E59 -> -2.0722955e-05 | J59: =+J58+1 -> 2 | M59: =+N59-F59 -> 0 | N59: 144.77 | S59: 144.77
A60: Asociación de Armadores, Pescadores Artesanales y Actividades Afines de la Octava Región, Asociación Gremial ARPESCA A.G., R.A.G. 429-8 | B60: Ene-Ago | C60: 104.545 | E60: =+C60+D60 -> 104.545 | F60: =88.13-10.27+3.37+2.24+14.07+34.4+37.52-2.31 -89.29+2.12+19.99-22.11+4.96+17.41-22.37+3.48+3.19+0.94 -> 85.47 | G60: =+E60-F60 -> 19.075 | H60: =+G60/E60 -> 0.18245732 | J60: =+J59+1 -> 3 | M60: =+N60-F60 -> 0 | N60: 85.47 | S60: 100.23
A61: A.G. Armadores Artesanales Pelágico Coronel-Lota del Bío Bío, ARPES BIO BIO A.G., R.A.G. 445-8 | B61: Ene-Ago | C61: 617.099 | E61: =+C61+D61 -> 617.099 | F61: =731.73-312.49+110.31+74.55+82.54-82.54+4.19-4.19+11.38-11.38+18.15-18.15+3.71+7.31-11.02+2.23-2.23+7.06-7.06+1.87-1.87 -> 604.1 | G61: =+E61-F61 -> 12.999 | H61: =+G61/E61 -> 0.021064691 | I61: 22 07 2014 | J61: =+J60+1 -> 4 | M61: =+N61-F61 -> 0 | N61: 604.1 | S61: 622.25
A62: A.G. Armadores y Pescadores Artesanales, SIARPAR A.G., R.A.G. 448-8 | B62: Ene-Ago | C62: 0 | E62: =+C62+D62 -> 0 | F62: 0 | G62: =+E62-F62 -> 0 | H62: =+G62/E62 -> #DIV/0! | J62: =+J61+1 -> 5 | M62: =+N62-F62 -> 0 | N62: 0 | S62: 0
A63: A.G. de Armadores Artesanales - ARMAR A.G., R.A.G. 384-8 | B63: Ene-Ago | C63: 456.651 | E63: =+C63+D63 -> 456.651 | F63: =528.27-125.23+53.61+75.6-70.86-4.74+63.64-63.64+22.62-22.62+6.91-6.91+12.27+15.32+1.12-28.71+0.35-0.35+0.3-0.3+11.09+28.61-39.7+0.09-0.09 -> 456.65 | G63: =+E63-F63 -> 0.001 | H63: =+G63/E63 -> 2.1898561e-06 | J63: =+J62+1 -> 6 | M63: =+N63-F63 -> 0 | N63: 456.65 | S63: 463.56
A64: A.G. de Armadores Artesanales y Productores Pelágicos de la Caleta el Morro de Talcahuano - AGEMAPAR, R.A.G. 376-8 | B64: Ene-Ago | C64: 477.282 | E64: =+C64+D64 -> 477.282 | F64: =200.24+61.5+79.36+59.59+6.78+25.2+78.38+21.03-54.8+13.68+26.51+37.34-73.65-3.88+24.51-24.51+83.63-83.63+8.03-8.03+1.36-1.36+3.71-3.71+19.82+1.46-21.28+4.41-0.74+10.45-14.12+0.67-0.67 -> 477.28 | G64: =+E64-F64 -> 0.002 | H64: =+G64/E64 -> 4.1903948e-06 | J64: =+J63+1 -> 7 | M64: =+N64-F64 -> 0 | N64: 477.28 | S64: 485.31
A65: A.G. de Armadores y Productores Pelágicos Artesanales de la Octava Región - ARPROPELAR A.G., R.A.G. 353-8 | B65: Ene-Ago | C65: 0 | E65: =+C65+D65 -> 0 | F65: 0 | G65: =+E65-F65 -> 0 | H65: =+G65/E65 -> #DIV/0! | J65: =+J64+1 -> 8 | M65: =+N65-F65 -> 0 | N65: 0 | S65: 0
A66: A.G. de Pequeños Armadores, Pescadores y Tripulantes - ITALMAR A.G., R.A.G. 392-8 | B66: Ene-Ago | C66: 116.84 | E66: =+C66+D66 -> 116.84 | F66: =22.87-5.21+25.21+17.63+30.03+17.9+0.85+0.65-10.01+1.39-1.39+2.62+10.39+0.7+3.21 -> 116.84 | G66: =+E66-F66 -> 0 | H66: =+G66/E66 -> 0 | I66: 14 07 2014 | J66: =+J65+1 -> 9 | M66: =+N66-F66 -> 0 | N66: 116.84 | S66: 112.93
A67: A.G. de Pescadores Artesanales de caleta INFIERNILLO, R.A.G. 98-8 | B67: Ene-Ago | C67: 0 | E67: =+C67+D67 -> 0 | F67: 0 | G67: =+E67-F67 -> 0 | H67: =+G67/E67 -> #DIV/0! | J67: =+J66+1 -> 10 | M67: =+N67-F67 -> 0 | N67: 0 | S67: 0
A68: A.G. de Pescadores Artesanales de Coronel, R.A.G. 5-08 | B68: Ene-Ago | C68: 1308.878 | E68: =+C68+D68 -> 1308.878 | F68: =1381.49-567.13+210.3+59.41+10.21+46.62+149.28+28.52-9.82+6.23-6.23+30.73-30.73+7.84-7.84+1.38+5.81-7.19+0.18-0.18+1.21-0.97+4.18-4.42 -> 1308.88 | G68: =+E68-F68 -> -0.002 | H68: =+G68/E68 -> -1.5280263e-06 | J68: =+J67+1 -> 11 | M68: =+N68-F68 -> 0 | N68: 1308.88 | S68: 1308.88
A69: A.G. de Pescadores Artesanales de Lota - A.G. APESCA Lota, R.A.G. 428-8 | B69: Ene-Ago | C69: 66.66 | E69: =+C69+D69 -> 66.66 | F69: =50.94-36.85+2.9+0.03-2.93+0.73 -> 14.82 | G69: =+E69-F69 -> 51.84 | H69: =+G69/E69 -> 0.77767777 | J69: =+J68+1 -> 12 | M69: =+N69-F69 -> 0 | N69: 14.82 | S69: 14.09
A70: A.G. de Pescadores Artesanales de San Vicente – Talcahuano, R.A.G. 18-8 | B70: Ene-Ago | C70: 246.605 | E70: =+C70+D70 -> 246.605 | F70: =126.85+110.42+9.34+53.28-45.4-7.88+8.64-8.64 -> 246.61 | G70: =+E70-F70 -> -0.005 | H70: =+G70/E70 -> -2.0275339e-05 | I70: 17 07 2014 | J70: =+J69+1 -> 13 | M70: =+N70-F70 -> 0 | N70: 246.61 | S70: 246.61
A71: A.G. de Pescadores Artesanales, VIII Región- AGREPESCA A.G., R.A.G. N° 396-8 | B71: Ene-Ago | C71: 0 | E71: =+C71+D71 -> 0 | G71: =+E71-F71 -> 0 | H71: =+G71/E71 -> #DIV/0! | J71: =+J70+1 -> 14 | M71: =+N71-F71 -> 0 | N71: 0 | S71: 0
A72: A.G. de Pescadores y Armadores Artesanales Pelágicos de la Región del Bío Bío, PESCA MAR A.G., R.A.G. 450-8 | B72: Ene-Ago | C72: 449.272 | E72: =+C72+D72 -> 449.272 | F72: =346.93+83.11-2.27+1.63-1.63+68.54-68.54+44.45-44.45+7.68+69.41+49.56-126.65+24.72-3.22+2.78-2.78-4.95+13.56-8.78-7.78-1.42 -> 439.9 | G72: =+E72-F72 -> 9.372 | H72: =+G72/E72 -> 0.020860414 | J72: =+J71+1 -> 15 | M72: =+N72-F72 -> 0 | N72: 439.9 | S72: 554.42
A73: A.G. de Productores Pelágicos Artesanales de las Caletas de Talcahuano y San Vicente de la VIII Región GEMAR A.G., R.A.G. 464-8 | B73: Ene-Ago | C73: =296.269 -> 296.269 | E73: =+C73+D73 -> 296.269 | F73: =267.45+10.58-5.12+2.01-2.01+19.87+83.67-103.54+22.71+22.24-44.95+32.61-32.61+20.57-12.39 -> 281.09 | G73: =+E73-F73 -> 15.179 | H73: =+G73/E73 -> 0.051233845 | J73: =+J72+1 -> 16 | M73: =+N73-F73 -> 0 | N73: 281.09 | S73: 272.91
A74: A.G. Productores Pelágicos, Armadores Artesanales de la Comuna de Coronel, VIII Región, ARPESCA A.G., R.A.G. 447-8 | B74: Ene-Ago | C74: 888.88 | E74: =+C74+D74 -> 888.88 | F74: =872.1-236.19+222.92-15.44+9.39+34.33+1.77+7.28+2.05+4.7-4.7+0.1-13.24+3.81+25.61-27.29+3.67-5.13-0.02+5.5+6.71+0.37-9.42+2.78+6.37-4.65-4.5 -> 888.88 | G74: =+E74-F74 -> 0 | H74: =+G74/E74 -> 0 | J74: =+J73+1 -> 17 | M74: =+N74-F74 -> 0 | N74: 888.88 | S74: 890.87
A75: Cooperativa de Pescadores Pelilleros Isla Santa María Ltda., Registro de Cooperativa Rol 1826 | B75: Ene-Ago | C75: 0.001 | E75: =+C75+D75 -> 0.001 | F75: 0 | G75: =+E75-F75 -> 0.001 | H75: =+G75/E75 -> 1 | J75: =+J74+1 -> 18 | M75: =+N75-F75 -> 0 | N75: 0 | S75: 0
A76: Cooperativa de Pescadores y Armadores Artesanales de Lota o GEVIMAR, Registro de Cooperativa Rol 4465 | B76: Ene-Ago | C76: 246.931 | E76: =+C76+D76 -> 246.931 | F76: =300.29-58.36+77-77+3.38-3.38+16.22-16.22+0.2-0.2+7.69-7.69 -> 241.93 | G76: =+E76-F76 -> 5.001 | H76: =+G76/E76 -> 0.020252621 | I76: 10 07 2014 | J76: =+J75+1 -> 19 | M76: =+N76-F76 -> 0 | N76: 241.93 | S76: 258.15
A77: Sindicato de Pescadores Artesanales Lo Rojas y Caletas Anexas del Golfo de Arauco , R.S.U. 08.07.0307 | B77: Ene-Ago | C77: 415.897 | E77: =+C77+D77 -> 415.897 | F77: =367.91+32.24+15.75+8.34-8.34+1.41-1.41 -> 415.9 | G77: =+E77-F77 -> -0.003 | H77: =+G77/E77 -> -7.2133245e-06 | J77: =+J76+1 -> 20 | M77: =+N77-F77 -> 0 | N77: 415.9 | S77: 415.9
A78: Sindicato de Pescadores Artesanales y Armadores Artesanales de la Octava Región, SPAADA SD, R.S.U. 08.05.0339 | B78: Ene-Ago | C78: 628.181 | E78: =+C78+D78 -> 628.181 | F78: =422.66+80.18+125.36+64.45-64.45+27.83-27.83+41.64-41.64+35.19-35.19+20.32-20.32+10.85-10.85+7.98-7.98+7.7-7.7 -> 628.2 | G78: =+E78-F78 -> -0.019 | H78: =+G78/E78 -> -3.024606e-05 | J78: =+J77+1 -> 21 | M78: =+N78-F78 -> 0 | N78: 628.2 | S78: 636.18
A79: Sindicato de Pescadores Artesanales, Armadores Pelágicos y Actividades Conexas de la Caleta Vegas de Coliumo, R.S.U. 08.06.0113 | B79: Ene-Ago | C79: 161.19 | E79: =+C79+D79 -> 161.19 | F79: =0+5.07+43.44+0.21+1.59+2.66+11.64+15.04-21.38+0.2+7.65+8.59+3.94+2.12 -> 80.77 | G79: =+E79-F79 -> 80.42 | H79: =+G79/E79 -> 0.49891432 | J79: =+J78+1 -> 22 | M79: =+N79-F79 -> 0 | N79: 80.77 | S79: 78.65
A80: Sindicato de Pescadores y Armadores Artesanales del Mar, SIPARMAR, R.S.U. 08.05.0399 | B80: Ene-Ago | C80: 474.927 | E80: =+C80+D80 -> 474.927 | F80: =167.74+21.61+104.81+108.47-17.63+18.09+105.12-34.42-21.65+120.68+59.79-106.56-73.91+21.78-21.78+18.49-18.49+26.26-24.13-2.13+9.04+1.58+2.31+0.9+8.96+0.43-0.43 -> 474.93 | G80: =+E80-F80 -> -0.003 | H80: =+G80/E80 -> -6.3167603e-06 | I80: 02 07 2014 | J80: =+J79+1 -> 23 | M80: =+N80-F80 -> 0 | N80: 474.93 | S80: 478.4
A81: Sindicato de Pescadores y Trabajadores Independientes "Brisas del Mar", R.S.U. 08.04.0115 | B81: Ene-Ago | C81: 3.37 | E81: =+C81+D81 -> 3.37 | F81: =9.81-6.44 -> 3.37 | G81: =+E81-F81 -> 0 | H81: =+G81/E81 -> 0 | J81: =+J80+1 -> 24 | M81: =+N81-F81 -> 0 | N81: 3.37 | S81: 3.37
A82: S.T.I. Armadores Pescadores Artesanales Buzos Mariscadores, Algueros Acuicultores y Actividades Conexas de la Región del Bío Bío (PESCA BIO BIO), R.S.U. 08.05.0532 | B82: Ene-Ago | C82: 0.6 | E82: =+C82+D82 -> 0.6 | F82: =5.29-5.29 -> 0 | G82: =+E82-F82 -> 0.6 | H82: =+G82/E82 -> 1 | J82: =+J81+1 -> 25 | M82: =+N82-F82 -> 0 | N82: 0 | S82: 0
A83: S.T.I. Armadores Pescadores del Mar "SIARPEMAR", R.S.U. 08.05.0459. | B83: Ene-Ago | C83: 96.825 | E83: =+C83+D83 -> 96.825 | F83: =60.8-18.54+29.14+25.43+11.01-11.01+2.53-2.53+0.7-0.7+1.16-1.16 -> 96.83 | G83: =+E83-F83 -> -0.005 | H83: =+G83/E83 -> -5.1639556e-05 | J83: =+J82+1 -> 26 | M83: =+N83-F83 -> 0 | N83: 96.83 | S83: 96.83
A84: S.T.I. Armadores, Pescadores y Ramos Afines de la Pesca Artesanal de la Región del Bio-Bio, SARPAR BIO-BIO, R.S.U. 08.05.0378 | B84: Ene-Ago | C84: 76.299 | E84: =+C84+D84 -> 76.299 | F84: =84.46-8.16 -> 76.3 | G84: =+E84-F84 -> -0.001 | H84: =+G84/E84 -> -1.3106332e-05 | J84: =+J83+1 -> 27 | M84: =+N84-F84 -> 0 | N84: 76.3 | S84: 76.3
A85: S.T.I. Armadores, Pescadores y Ramos Afines de la Pesca Artesanal Lo Rojas "SITRAL", R.S.U. 08.07.0322 | B85: Ene-Ago | C85: 7.92 | E85: =+C85+D85 -> 7.92 | F85: =54.5-43.83+0.25+0.32-0.57+0.62+0.78+0.04 -> 12.11 | G85: =+E85-F85 -> -4.19 | H85: =+G85/E85 -> -0.5290404 | J85: =+J84+1 -> 28 | M85: =+N85-F85 -> 0 | N85: 12.11 | S85: 10.67
A86: S.T.I. de Armadores y Pescadores Artesanales y Ramas afines, R.S.U. 08.05.0512 | B86: Ene-Ago | C86: 157.798 | E86: =+C86+D86 -> 157.798 | F86: =0+13.21+31.75+34.15+22.27+69.29-49.81+6.72+10.94 -> 138.52 | G86: =+E86-F86 -> 19.278 | H86: =+G86/E86 -> 0.12216885 | J86: =+J85+1 -> 29 | M86: =+N86-F86 -> 0 | N86: 138.52 | S86: 138.52
A87: S.T.I. de Buzos asistentes, Armadores, Pescadores Artesanales Hermandad de la Costa, R.S.U. 08.05.0404 | B87: Ene-Ago | C87: 0 | E87: =+C87+D87 -> 0 | F87: 0 | G87: =+E87-F87 -> 0 | H87: =+G87/E87 -> #DIV/0! | J87: =+J86+1 -> 30 | M87: =+N87-F87 -> 0 | N87: 0 | S87: 0
A88: S.T.I. de la Pesca Artesanal, Armadores Artesanales Pelágicos Actividades Afines y Actividades Conexas de la Comuna de Talcahuano, MAR AZUL, R.S.U. 08.05.0434 | B88: Ene-Ago | C88: 269.78 | E88: =+C88+D88 -> 269.78 | F88: =107.45-4.15+29.64+9.88+21.15+11.2 -> 175.17 | G88: =+E88-F88 -> 94.61 | H88: =+G88/E88 -> 0.35069316 | J88: =+J87+1 -> 31 | M88: =+N88-F88 -> 0 | N88: 175.17 | S88: 175.17
A89: S.T.I. de la Pesca Artesanal, Armadores Artesanales Pelágicos, Pescadores Artesanales propiamente tales y actividades Conexas de Caleta San Vicente "Sindicato Tsunami", R.S.U. 08.05.0428 | B89: Ene-Ago | C89: 231.426 | E89: =+C89+D89 -> 231.426 | F89: =377.67+109.33-255.57+75.98-75.98 -> 231.43 | G89: =+E89-F89 -> -0.004 | H89: =+G89/E89 -> -1.7284143e-05 | I89: 14 07 2014 | J89: =+J88+1 -> 32 | M89: =+N89-F89 -> 0 | N89: 231.43 | S89: 231.43
A90: S.T.I. de Pescadores Artesanales Caleta Lo Rojas, R.S.U. 08.07.0287. | B90: Ene-Ago | C90: 2.271 | E90: =+C90+D90 -> 2.271 | F90: =1.37-1.37 -> 0 | G90: =+E90-F90 -> 2.271 | H90: =+G90/E90 -> 1 | J90: =+J89+1 -> 33 | M90: =+N90-F90 -> 0 | N90: 0 | S90: 0
A91: S.T.I. de Pescadores Artesanales Merluceros y Afines de Caleta Lo Rojas, R.S.U. 08.07.0227 | B91: Ene-Ago | C91: 10.08 | E91: =+C91+D91 -> 10.08 | F91: =13.85-3.77 -> 10.08 | G91: =+E91-F91 -> 0 | H91: =+G91/E91 -> 0 | I91: 41768 | J91: =+J90+1 -> 34 | M91: =+N91-F91 -> 0 | N91: 10.08 | S91: 10.08
A92: S.T.I. de Pescadores Artesanales, Armadores Artesanales Pelágicos Actividades Afines y Actividades Conexas de la Caleta de San Vicente de la Comuna de Talcahuano, SIPARMARCEA, R.S.U. 08.05.0430 | B92: Ene-Ago | C92: 310.58 | E92: =+C92+D92 -> 310.58 | F92: =380.15-19.87-109.7+8.85+2.25-11.1+1.37+7.29+8.07 -> 267.31 | G92: =+E92-F92 -> 43.27 | H92: =+G92/E92 -> 0.13931998 | J92: =+J91+1 -> 35 | M92: =+N92-F92 -> 0 | N92: 267.31 | S92: 251.95
A93: S.T.I. Pescadores Armadores y Ramos Afines de la Pesca Artesanal, APAT, R.S.U. 08.05.0380 | B93: Ene-Ago | C93: 98.74 | E93: =+C93+D93 -> 98.74 | F93: =139.92+10.8-51.98 -> 98.74 | G93: =+E93-F93 -> 0 | H93: =+G93/E93 -> 0 | J93: =+J92+1 -> 36 | M93: =+N93-F93 -> 0 | N93: 98.74 | S93: 98.74
A94: S.T.I. Pescadores Artesanales de Caleta Tumbes - Talcahuano, R.S.U. 08.05.0057 | B94: Ene-Ago | C94: 400.54 | E94: =+C94+D94 -> 400.54 | F94: =114.26+163.24+123-1.99+12.68-10.69+4.47+21.1-25.57+54.55-54.55+2.28-2.28 -> 400.5 | G94: =+E94-F94 -> 0.04 | H94: =+G94/E94 -> 9.9865182e-05 | J94: =+J93+1 -> 37 | M94: =+N94-F94 -> 0 | N94: 400.5 | S94: 402.78
A95: S.T.I. Pescadores Artesanales Históricos de Talcahuano, SPARHITAL, R.S.U. 08.05.0382 | B95: Ene-Ago | C95: 111.041 | E95: =+C95+D95 -> 111.041 | F95: =0.06-0.06+6.68+10.5+4.04+22.12+8.06+3.23+3.44+7.72+2.65+0.28 -> 68.72 | G95: =+E95-F95 -> 42.321 | H95: =+G95/E95 -> 0.38112949 | J95: =+J94+1 -> 38 | M95: =+N95-F95 -> 0 | N95: 68.72 | S95: 54.63
A96: S.T.I. Pescadores Artesanales Península de Tumbes, R.S.U. 08.05.0391 | B96: Ene-Ago | C96: 264.465 | E96: =+C96+D96 -> 264.465 | F96: =278.69+24.59-38.81+11.1-11.1+0.41-0.41+0.41 -> 264.88 | G96: =+E96-F96 -> -0.415 | H96: =+G96/E96 -> -0.0015692058 | J96: =+J95+1 -> 39 | M96: =+N96-F96 -> 0 | N96: 264.88 | S96: 264.47
A97: S.T.I. Pescadores Artesanales, Armadores y Actividades Conexas Tome Los Bagres, R.S.U. 08.06.0024 | B97: Ene-Ago | C97: 0 | E97: =+C97+D97 -> 0 | F97: 0 | G97: =+E97-F97 -> 0 | H97: =+G97/E97 -> #DIV/0! | J97: =+J96+1 -> 40 | M97: =+N97-F97 -> 0 | N97: 0 | S97: 0
A98: S.T.I. Pescadores Artesanales, Armadores, Patrones y Tripulantes de Pesca Artesanal y Actividades Conexas de la Caleta Cocholgüe de la Comuna de Tomé VIII Región, R.S.U. 08.0601.06. | B98: Ene-Ago | C98: 0 | E98: =+C98+D98 -> 0 | F98: 0 | G98: =+E98-F98 -> 0 | H98: =+G98/E98 -> #DIV/0! | I98: 41768 | J98: =+J97+1 -> 41 | M98: =+N98-F98 -> 0 | N98: 0 | S98: 0
A99: S.T.I. Pescadores Artesanales, Buzos Mariscadores y Actividades Conexas del Puerto de Coronel de la VIII Región y del Golfo de Arauco, SIPARBUMAR R.S.U. 08.07.01837 | B99: Ene-Ago | C99: 444.49 | E99: =+C99+D99 -> 444.49 | F99: =561.2-71.08+6.23-51.86+46.59+10.95-57.54+10.62-10.62+5.61-4.35+2.65-1.25-2.66+24.95-24.95+5.41-5.41+1.03-1.03+5.63-5.63 -> 444.49 | G99: =+E99-F99 -> 0 | H99: =+G99/E99 -> 0 | J99: =+J98+1 -> 42 | M99: =+N99-F99 -> 0 | N99: 444.49 | S99: 448.4
A100: S.T.I. Pescadores Artesanales, Lancheros, Acuicultores y Actividades Conexas de Caleta Lota Bajo, R.S.U. 08.07.0106 | B100: Ene-Ago | C100: 309.538 | E100: =+C100+D100 -> 309.538 | F100: =189.67+31.73+88.14+22.47+46.52-68.47-0.52+0.37+26.75-27.12+35.03-12.81+1.3-23.52+12.17-12.17+10.4+7.8-18.2+7.63+0.3+5.51-13.44 -> 309.54 | G100: =+E100-F100 -> -0.002 | H100: =+G100/E100 -> -6.4612422e-06 | I100: 14 07 2014 | J100: =+J99+1 -> 43 | M100: =+N100-F100 -> 0 | N100: 309.54 | S100: 333.06
A101: S.T.I. Pescadores de la Caleta Cocholgüe, R.S.U. 08.06.0023 | B101: Ene-Ago | C101: 7.361 | E101: =+C101+D101 -> 7.361 | F101: =2.63+7.18-2.63 -> 7.18 | G101: =+E101-F101 -> 0.181 | H101: =+G101/E101 -> 0.02458905 | J101: =+J100+1 -> 44 | M101: =+N101-F101 -> 0 | N101: 7.18 | S101: 7.18
A102: S.T.I. Pescadores de la Caleta Coliumo, R.S.U. 08.06.0027 | B102: Ene-Ago | C102: 820.796 | E102: =+C102+D102 -> 820.796 | F102: =502.62+169.76+148.42+70.81-37.26-3.19-19.01+56.97-33.34-34.98+48.47-48.47+29.14-29.14+63.39-56.53-6.86-29.96+26.61+0.88 -> 818.33 | G102: =+E102-F102 -> 2.466 | H102: =+G102/E102 -> 0.0030044006 | I102: 14 07 2014 | J102: =+J101+1 -> 45 | M102: =+N102-F102 -> 0 | N102: 818.33 | S102: 884.19
A103: S.T.I. Pescadores y Armadores y Ramos Afines de la Pesca Artesanal, SIPARMA - LOTA, R.S.U. 08.07.0306 | B103: Ene-Ago | C103: 571.1 | E103: =+C103+D103 -> 571.1 | F103: =382.55+34.59+31.12+40.02+49.02+218.53-65.77-104.87-47.89-0.02+2.6-2.6+13.1+12.62+4.61-30.33+4.25-4.25+2.16+81.85-84.03 -> 537.26 | G103: =+E103-F103 -> 33.84 | H103: =+G103/E103 -> 0.059254071 | I103: 17 07 2014 | J103: =+J102+1 -> 46 | M103: =+N103-F103 -> 0 | N103: 537.26 | S103: 537.28
A104: S.T.I. Pescadores, Armadores Artesanales Buzos, Acuicultores y Ramos Afines de la Pesca Artesanal Comuna de Talcahuano, R.S.U. 08.05.0487. | B104: Ene-Ago | C104: =95.739+4.036 -> 99.775 | E104: =+C104+D104 -> 99.775 | F104: =98.83+18.09-38.42+5.08+0.07+12.09+3.46-3.46+20.02-20.02+0.31-0.31 -> 95.74 | G104: =+E104-F104 -> 4.035 | H104: =+G104/E104 -> 0.040440992 | I104: 41822 | J104: =+J103+1 -> 47 | K104: hacer aperturas | M104: =+N104-F104 -> 0 | N104: 95.74 | S104: 95.74
A105: S.T.I. Pescadores, Armadores y Ramas Afines de la Pesca Artesanal de Coronel SIPESMAFESA, R.S.U. 08.07.0332 | B105: Ene-Ago | C105: 302.79 | E105: =+C105+D105 -> 302.79 | F105: =293.79-109.22+68.57+35.22+8.38-8.38+19.29-19.29+16.31-16.31+8.23+5.31-13.54+2.37+0.74 -> 291.47 | G105: =+E105-F105 -> 11.32 | H105: =+G105/E105 -> 0.037385647 | I105: 14 07 2014 / apertura 04 07 2014 | J105: =+J104+1 -> 48 | M105: =+N105-F105 -> 0 | N105: 291.47 | S105: 288.36
A106: S.T.I. Pescadores, Armadores y Ramos Afines de la Pesca Artesanal de Coronel, SIPARMAR CORONEL , R.S.U. 08.07.0271 | B106: Ene-Ago | C106: 184.522 | E106: =+C106+D106 -> 184.522 | F106: =42.97-20.13+10.62+28.48+70.33+2.66+0.77+27.54+13.64+6.77+1.96-0.77-0.32+1.64+1.32-2.96 -> 184.52 | G106: =+E106-F106 -> 0.002 | H106: =+G106/E106 -> 1.0838816e-05 | J106: =+J105+1 -> 49 | M106: =+N106-F106 -> 0 | N106: 184.52 | S106: 176.88
A107: S.T.I. Pescadores, Armadores y Ramos Afines SIPEAYRAS de Lota, R.S.U. 08.07.0296 | B107: Ene-Ago | C107: 450.87 | E107: =+C107+D107 -> 450.87 | F107: =213.34-136.48+105.52+95.48+11.91+12.11+84.55+8.74+0.77+36.48+13.6+4.85-14.63+15.59-0.96+4.33+4.36+3.76+0.26-12.71+0.52+2.91-3.43+0.31-0.31+11.56-11.56+7.95-7.95 -> 450.87 | G107: =+E107-F107 -> 0 | H107: =+G107/E107 -> 0 | J107: =+J106+1 -> 50 | M107: =+N107-F107 -> 0 | N107: 450.87 | S107: 450.87
A108: S.T.I. , Armadores, Buzos acuicultores y ramos afines de la pesca artesanal "SIPEARBUCOR" R.S.U. 08.07.0376 | B108: Ene-Ago | C108: 164.447 | E108: =+C108+D108 -> 164.447 | F108: =89.58+14.83+6.39+32.29-14.83+6.1+0.29+2.75+7.35+1.42+4.47+7.61+3.75-8.22+1.54-5.43 -> 149.89 | G108: =+E108-F108 -> 14.557 | H108: =+G108/E108 -> 0.088520922 | I108: 14 07 2014 | J108: =+J107+1 -> 51 | M108: =+N108-F108 -> 0 | N108: 149.89 | S108: 137.4
A109: S.T.I. , Ayudantes de Buzos, Pescadores Artesanales y Algueras y Actividades Conexas de las Caletas Tomé y Quichiuto, R.S.U. 08.06.0043 | B109: Ene-Ago | C109: 152.904 | E109: =+C109+D109 -> 152.904 | F109: =52.46-17.46+69.42-9.58+1.51+2.54+6.82-2.25+42.33+28.44-21.33+3.17-3.17+3.13-3.13 -> 152.9 | G109: =+E109-F109 -> 0.004 | H109: =+G109/E109 -> 2.6160205e-05 | J109: =+J108+1 -> 52 | M109: =+N109-F109 -> 0 | N109: 152.9 | S109: 152.9
A110: S.T.I. , Pescadores Artesanales, Armadores Artesanales Pelágicos, Patrones y Tripulantes de Pesca Artesanal y Actividades Conexas de la Común de Talcahuano " ASPAS", R.S.U. 08.05.0474 | B110: Ene-Ago | C110: 295.401 | E110: =+C110+D110 -> 295.401 | F110: =310.71+95.29-110.59-0.01+0.81+17.43-18.24+23.8-23.8+7.01-7.01+8.41+30.43-38.84+2.81-2.81+0.44-0.44 -> 295.4 | G110: =+E110-F110 -> 0.001 | H110: =+G110/E110 -> 3.3852289e-06 | I110: 14 07 2014 | J110: =+J109+1 -> 53 | M110: =+N110-F110 -> 0 | N110: 295.4 | S110: 303.81
A111: S.T.I. , Pescadores Artesanales, Armadores Artesanales, "Rio Maipo" de la Caleta de San Vicente de la Comuna de Talcahuano; R.S.U. 08.05.0488. | B111: Ene-Ago | C111: 89.139 | E111: =+C111+D111 -> 89.139 | F111: =74.64+54.65-40.15+40.42-40.42+0.34-0.34 -> 89.14 | G111: =+E111-F111 -> -0.001 | H111: =+G111/E111 -> -1.1218434e-05 | J111: =+J110+1 -> 54 | M111: =+N111-F111 -> 0 | N111: 89.14 | S111: 89.48
A112: S.T.I. , Pescadores Artesanales, Armadores Artesanales, Buzos Mariscadores y Recolectores de Orilla Isla Santa Maria Puerto Sur, R.S.U. 08.07.0364. | B112: Ene-Ago | C112: 29.269 | E112: =+C112+D112 -> 29.269 | F112: =50.7-9.33-12.1 -> 29.27 | G112: =+E112-F112 -> -0.001 | H112: =+G112/E112 -> -3.4165841e-05 | J112: =+J111+1 -> 55 | M112: =+N112-F112 -> 0 | N112: 29.27 | S112: 29.27
A113: S.T.I. , Pescadores de la Pesca Artesanal, Armadores Artesanales y Actividades Conexas de la Caleta de Lota VIII Región (SIPAR GENTE DE MAR), R.S.U. 08.07.0326 | B113: Ene-Ago | C113: 665.778 | E113: =+C113+D113 -> 665.778 | F113: =567.05-280.55+48.35+36.88+16.4+57.65+159.8+16.49+32.81+9.1+1.8+44.47-44.47+0.55-0.55+38.27-38.27+32.42+24.19+31.34+10.1-98.05+0.54+1.55+1.18-3.27+3-2.13-0.87 -> 665.78 | G113: =+E113-F113 -> -0.002 | H113: =+G113/E113 -> -3.0040043e-06 | J113: =+J112+1 -> 56 | M113: =+N113-F113 -> 0 | N113: 665.78 | S113: 704.05
...

Sheet RAE Anchoveta
A2: RAE Anchoveta 2014
A4: IV REGIÓN | AI4: Promedio Consumo Anual Flota
A6: A.G. de pescadores Artesanales y Buzos Mariscadores de Coquimbo - IV Región
A7: Mes | B7: Total mes | C7: 1 | D7: 2 | E7: 3 | F7: 4 | G7: 5 | H7: 6 | I7: 7 | J7: 8 | K7: 9 | L7: 10 | M7: 11 | N7: 12 | O7: 13 | P7: 14 | Q7: 15 | R7: 16 | S7: 17 | T7: 18 | U7: 19 | V7: 20 | W7: 21 | X7: 22 | Y7: 23 | Z7: 24 | AA7: 25 | AB7: 26 | AC7: 27 | AD7: 28 | AE7: 29 | AF7: 30 | AG7: 31 | AH7: TOTAL | AI7: Xc | AJ7: =(B20/COUNTIF($C$8:$AG$19,">0")) -> 4.128
A8: Enero | B8: =+AH8 -> 0.4 | C8: 0 | D8: 0 | E8: 0 | F8: 0 | G8: 0 | H8: 0 | I8: 0 | J8: 0 | K8: 0 | L8: 0 | M8: 0 | N8: 0 | O8: 0 | P8: 0 | Q8: 0.4 | R8: 0 | S8: 0 | T8: 0 | U8: 0 | V8: 0 | W8: 0 | X8: 0 | Y8: 0 | Z8: 0 | AA8: 0 | AB8: 0 | AC8: 0 | AD8: 0 | AE8: 0 | AF8: 0 | AG8: 0 | AH8: =SUM(C8:AG8) -> 0.4 | AJ8: =+'Resumen RAE Anchoveta'!G13 -> 22.256
A9: Febrero | B9: =+AH9 -> 0 | C9: 0 | D9: 0 | E9: 0 | F9: 0 | G9: 0 | H9: 0 | I9: 0 | J9: 0 | K9: 0 | L9: 0 | M9: 0 | N9: 0 | O9: 0 | P9: 0 | Q9: 0 | R9: 0 | S9: 0 | T9: 0 | U9: 0 | V9: 0 | W9: 0 | X9: 0 | Y9: 0 | Z9: 0 | AA9: 0 | AB9: 0 | AC9: 0 | AD9: 0 | AH9: =SUM(C9:AG9) -> 0 | AJ9: =+AJ8/AJ7 -> 5.3914729
A10: Marzo | B10: =+AH10 -> 4.853 | C10: 0 | D10: 0 | E10: 0 | F10: 0 | G10: 0 | H10: 0 | I10: 0 | J10: 0 | K10: 0 | L10: 0 | M10: 0 | N10: 4.853 | O10: 0 | P10: 0 | Q10: 0 | R10: 0 | S10: 0 | T10: 0 | U10: 0 | V10: 0 | W10: 0 | X10: 0 | Y10: 0 | Z10: 0 | AA10: 0 | AB10: 0 | AC10: 0 | AD10: 0 | AE10: 0 | AF10: 0 | AG10: 0 | AH10: =SUM(C10:AG10) -> 4.853
A11: Abril | B11: =+AH11 -> 19.836 | C11: 0 | D11: 0 | E11: 4.807 | F11: 0 | G11: 0 | H11: 0 | I11: 0 | J11: 0 | K11: 0 | L11: 0 | M11: 0 | N11: 0 | O11: 0 | P11: 0 | Q11: 0 | R11: 3 | S11: 0 | T11: 0 | U11: 0 | V11: 0 | W11: 12.029 | X11: 0 | Y11: 0 | Z11: 0 | AA11: 0 | AB11: 0 | AC11: 0 | AD11: 0 | AE11: 0 | AF11: 0 | AH11: =SUM(C11:AG11) -> 19.836
A12: Mayo | B12: =+AH12 -> 0 | C12: 0 | D12: 0 | E12: 0 | F12: 0 | G12: 0 | H12: 0 | I12: 0 | J12: 0 | K12: 0 | L12: 0 | M12: 0 | N12: 0 | O12: 0 | P12: 0 | Q12: 0 | R12: 0 | S12: 0 | T12: 0 | U12: 0 | V12: 0 | W12: 0 | X12: 0 | Y12: 0 | Z12: 0 | AA12: 0 | AB12: 0 | AC12: 0 | AD12: 0 | AE12: 0 | AF12: 0 | AG12: 0 | AH12: =SUM(C12:AG12) -> 0
A13: Junio | B13: =+AH13 -> 0 | C13: 0 | D13: 0 | E13: 0 | F13: 0 | G13: 0 | H13: 0 | I13: 0 | J13: 0 | K13: 0 | L13: 0 | M13: 0 | N13: 0 | O13: 0 | P13: 0 | Q13: 0 | R13: 0 | S13: 0 | T13: 0 | U13: 0 | V13: 0 | W13: 0 | X13: 0 | Y13: 0 | Z13: 0 | AA13: 0 | AB13: 0 | AC13: 0 | AD13: 0 | AE13: 0 | AF13: 0 | AH13: =SUM(C13:AG13) -> 0
A14: Julio | B14: =+AH14 -> 0 | C14: 0 | D14: 0 | E14: 0 | F14: 0 | G14: 0 | H14: 0 | I14: 0 | J14: 0 | K14: 0 | L14: 0 | M14: 0 | N14: 0 | O14: 0 | P14: 0 | Q14: 0 | R14: 0 | S14: 0 | T14: 0 | U14: 0 | V14: 0 | W14: 0 | X14: 0 | Y14: 0 | Z14: 0 | AA14: 0 | AB14: 0 | AC14: 0 | AD14: 0 | AE14: 0 | AF14: 0 | AG14: 0 | AH14: =SUM(C14:AG14) -> 0
A15: Agosto | B15: =+AH15 -> 0 | C15: 0 | D15: 0 | E15: 0 | F15: 0 | G15: 0 | H15: 0 | I15: 0 | J15: 0 | K15: 0 | L15: 0 | M15: 0 | N15: 0 | O15: 0 | P15: 0 | Q15: 0 | R15: 0 | S15: 0 | T15: 0 | U15: 0 | V15: 0 | W15: 0 | X15: 0 | Y15: 0 | Z15: 0 | AA15: 0 | AB15: 0 | AC15: 0 | AD15: 0 | AE15: 0 | AF15: 0 | AG15: 0 | AH15: =SUM(C15:AG15) -> 0
A16: Septiembre | B16: =+AH16 -> 0 | C16: VEDA | AH16: =SUM(C16:AG16) -> 0
A17: Octubre | B17: =+AH17 -> 7.435 | C17: 0 | D17: 0 | E17: 0 | F17: 0 | G17: 0 | H17: 6.935 | I17: 0 | J17: 0 | K17: 0 | L17: 0 | M17: 0.5 | N17: 0 | O17: 0 | P17: 0 | Q17: 0 | R17: 0 | S17: 0 | T17: 0 | U17: 0 | V17: 0 | W17: 0 | X17: 0 | Y17: 0 | Z17: 0 | AA17: 0 | AB17: 0 | AC17: 0 | AD17: 0 | AE17: 0 | AF17: 0 | AG17: 0 | AH17: =SUM(C17:AG17) -> 7.435
A18: Noviembre | B18: =+AH18 -> 0 | C18: 0 | D18: 0 | E18: 0 | F18: 0 | G18: 0 | H18: 0 | I18: 0 | J18: 0 | K18: 0 | L18: 0 | M18: 0 | N18: 0 | O18: 0 | P18: 0 | Q18: 0 | R18: 0 | S18: 0 | T18: 0 | U18: 0 | V18: 0 | W18: 0 | X18: 0 | Y18: 0 | Z18: 0 | AA18: 0 | AB18: 0 | AC18: 0 | AD18: 0 | AE18: 0 | AF18: 0 | AH18: =SUM(C18:AG18) -> 0
A19: Diciembre | B19: =+AH19 -> 0.5 | C19: 0 | D19: 0 | E19: 0 | F19: 0 | G19: 0 | H19: 0 | I19: 0 | J19: 0 | K19: 0 | L19: 0 | M19: 0 | N19: 0 | O19: 0 | P19: 0 | Q19: 0 | R19: 0 | S19: 0 | T19: 0 | U19: 0 | V19: 0.5 | W19: 0 | X19: 0 | Y19: 0 | Z19: 0 | AA19: 0 | AB19: 0 | AC19: 0 | AD19: 0 | AE19: 0 | AF19: 0 | AG19: 0 | AH19: =SUM(C19:AG19) -> 0.5
A20: TOTAL | B20: =SUM(B8:B19) -> 33.024 | C20: =SUM(C8:C19) -> 0 | D20: =SUM(D8:D19) -> 0 | E20: =SUM(E8:E19) -> 4.807 | F20: =SUM(F8:F19) -> 0 | G20: =SUM(G8:G19) -> 0 | H20: =SUM(H8:H19) -> 6.935 | I20: =SUM(I8:I19) -> 0 | ... AH20: =SUM(AH8:AH19) -> 33.024
A22: Cooperativa de Armadores Cerqueros IV región
A23: Mes | B23: Total mes | C23: 1 | D23: 2 | E23: 3 | F23: 4 | G23: 5 | H23: 6 | I23: 7 | J23: 8 | K23: 9 | L23: 10 | M23: 11 | N23: 12 | O23: 13 | P23: 14 | Q23: 15 | R23: 16 | S23: 17 | T23: 18 | U23: 19 | V23: 20 | W23: 21 | X23: 22 | Y23: 23 | Z23: 24 | AA23: 25 | AB23: 26 | AC23: 27 | AD23: 28 | AE23: 29 | AF23: 30 | AG23: 31 | AH23: TOTAL | AI23: Xc | AJ23: =(B36/COUNTIF($C$24:$AG$35,">0")) -> 123.81772
A24: Enero | B24: =+AH24 -> 871.278 | C24: 0 | D24: 0 | E24: 6.116 | F24: 0 | G24: 0 | H24: 125.139 | I24: 5.567 | J24: 0 | K24: 2.797 | L24: 0 | M24: 64.142 | N24: 0 | O24: 68.526 | P24: 0 | Q24: 11.957 | R24: 47.883 | S24: 25.648 | T24: 1.463 | U24: 0 | V24: 0 | W24: 13.548 | X24: 10.581 | Y24: 15.563 | Z24: 9.319 | AA24: 70.817 | AB24: 0 | AC24: 88.011 | AD24: 18.571 | AE24: 72.51 | AF24: 128.241 | AG24: 84.879 | AH24: =SUM(C24:AG24) -> 871.278 | AJ24: =+'Resumen RAE Anchoveta'!G14 -> 339.272
A25: Febrero | B25: =+AH25 -> 300.345 | C25: 80.736 | D25: 0 | E25: 79.716 | F25: 0 | G25: 61.029 | H25: 69.938 | I25: 0 | J25: 0 | K25: 0 | L25: 0 | M25: 0 | N25: 0 | O25: 0 | P25: 0 | Q25: 0 | R25: 0 | S25: 0 | T25: 0 | U25: 0 | V25: 0 | W25: 0 | X25: 0 | Y25: 0 | Z25: 0 | AA25: 8.926 | AB25: 0 | AC25: 0 | AD25: 0 | AH25: =SUM(C25:AG25) -> 300.345 | AJ25: =+AJ24/AJ23 -> 2.7400924
A26: Marzo | B26: =+AH26 -> 2664.947 | C26: 0 | D26: 0 | E26: 0 | F26: 0 | G26: 0 | H26: 0 | I26: 0 | J26: 0 | K26: 0 | L26: 0 | M26: 0 | N26: 35.913 | O26: 0 | P26: 156.131 | Q26: 30.302 | R26: 0 | S26: 196.246 | T26: 149.609 | U26: 210.739 | V26: 467.599 | W26: 445.705 | X26: 186.914 | Y26: 44.417 | Z26: 17.004 | AA26: 305.517 | AB26: 82.96 | AC26: 153.762 | AD26: 55.805 | AE26: 0 | AF26: 0 | AG26: 126.324 | AH26: =SUM(C26:AG26) -> 2664.947
A27: Abril | B27: =+AH27 -> 3344.858 | C27: 25.018 | D27: 0 | E27: 36.329 | F27: 227.268 | G27: 34.607 | H27: 0 | I27: 269.383 | J27: 123.563 | K27: 0 | L27: 27.649 | M27: 0 | N27: 0 | O27: 0 | P27: 133.101 | Q27: 263.151 | R27: 77.975 | S27: 0 | T27: 0 | U27: 0 | V27: 0 | W27: 201.602 | X27: 341.665 | Y27: 125.876 | Z27: 545.293 | AA27: 313.946 | AB27: 276.327 | AC27: 0 | AD27: 322.105 | AE27: 0 | AF27: 0 | AH27: =SUM(C27:AG27) -> 3344.858
A28: Mayo | B28: =+AH28 -> 0 | C28: 0 | D28: 0 | E28: 0 | F28: 0 | G28: 0 | H28: 0 | I28: 0 | J28: 0 | K28: 0 | L28: 0 | M28: 0 | N28: 0 | O28: 0 | P28: 0 | Q28: 0 | R28: 0 | S28: 0 | T28: 0 | U28: 0 | V28: 0 | W28: 0 | X28: 0 | Y28: 0 | Z28: 0 | AA28: 0 | AB28: 0 | AC28: 0 | AD28: 0 | AE28: 0 | AF28: 0 | AG28: 0 | AH28: =SUM(C28:AG28) -> 0
A29: Junio | B29: =+AH29 -> 0 | AH29: =SUM(C29:AG29) -> 0
A30: Julio | B30: =+AH30 -> 0 | AH30: =SUM(C30:AG30) -> 0
A31: Agosto | B31: =+AH31 -> 0
A32: Septiembre | B32: =+AH32 -> 0
A33: Octubre | B33: =+AH33 -> 0 | AH33: =SUM(C33:AG33) -> 0
A34: Noviembre | B34: =+AH34 -> 0 | AH34: =SUM(C34:AG34) -> 0
A35: Diciembre | B35: =+AH35 -> 0 | AH35: =SUM(C35:AG35) -> 0
A36: TOTAL | B36: =SUM(B24:B35) -> 7181.428 | C36: =SUM(C24:C35) -> 105.754 | D36: =SUM(D24:D35) -> 0 | E36: =SUM(E24:E35) -> 122.161 | F36: =SUM(F24:F35) -> 227.268 | G36: =SUM(G24:G35) -> 95.636 | H36: =SUM(H24:H35) -> 195.077 | I36: =SUM(I24:I35) -> 274.95 | ... AH36: =SUM(AH24:AH35) -> 7181.428
A38: Cuota residual - Bolson
A39: Mes | B39: Total mes | C39: 1 | D39: 2 | E39: 3 | F39: 4 | G39: 5 | H39: 6 | I39: 7 | J39: 8 | K39: 9 | L39: 10 | M39: 11 | N39: 12 | O39: 13 | P39: 14 | Q39: 15 | R39: 16 | S39: 17 | T39: 18 | U39: 19 | V39: 20 | W39: 21 | X39: 22 | Y39: 23 | Z39: 24 | AA39: 25 | AB39: 26 | AC39: 27 | AD39: 28 | AE39: 29 | AF39: 30 | AG39: 31 | AH39: TOTAL | AI39: Xc | AJ39: =(B52/COUNTIF($C$40:$AG$51,">0")) -> 0.30572727
A40: Enero | B40: =+AH40 -> 0.268 | C40: 0 | D40: 0 | E40: 0 | F40: 0 | G40: 0 | H40: 0 | I40: 0.015 | J40: 0 | K40: 0.015 | L40: 0 | M40: 0 | N40: 0 | O40: 0 | P40: 0.012 | Q40: 0 | R40: 0 | S40: 0 | T40: 0.001 | U40: 0.06 | V40: 0 | W40: 0 | X40: 0 | Y40: 0 | Z40: 0.07 | AA40: 0 | AB40: 0 | AC40: 0.06 | AD40: 0 | AE40: 0.035 | AF40: 0 | AG40: 0 | AH40: =SUM(C40:AG40) -> 0.268 | AJ40: =+'Resumen RAE Anchoveta'!G15 -> 3.294
A41: Febrero | B41: =+AH41 -> 0.155 | C41: 0 | D41: 0 | E41: 0 | F41: 0 | G41: 0.07 | H41: 0 | I41: 0.055 | J41: 0 | K41: 0 | L41: 0 | M41: 0.03 | N41: 0 | O41: 0 | P41: 0 | Q41: 0 | R41: 0 | S41: 0 | T41: 0 | U41: 0 | V41: 0 | W41: 0 | X41: 0 | Y41: 0 | Z41: 0 | AA41: 0 | AB41: 0 | AC41: 0 | AD41: 0 | AH41: =SUM(C41:AG41) -> 0.155 | AJ41: =+AJ40/AJ39 -> 10.774309
A42: Marzo | B42: =+AH42 -> 2.306 | C42: 0 | D42: 0 | E42: 0 | F42: 0 | G42: 0 | H42: 0 | I42: 0 | J42: 0 | K42: 0 | L42: 0 | M42: 0 | N42: 0 | O42: 0 | P42: 0 | Q42: 0 | R42: 0.27 | S42: 0 | T42: 0.3 | U42: 0 | V42: 1.736 | W42: 0 | X42: 0 | Y42: 0 | Z42: 0 | AA42: 0 | AB42: 0 | AC42: 0 | AD42: 0 | AE42: 0 | AF42: 0 | AG42: 0 | AH42: =SUM(C42:AG42) -> 2.306
A43: Abril | B43: =+AH43 -> 3.377 | C43: 2.7 | D43: 0 | E43: 0 | F43: 0 | G43: 0 | H43: 0 | I43: 0 | J43: 0 | K43: 0 | L43: 0 | M43: 0 | N43: 0 | O43: 0 | P43: 0 | Q43: 0 | R43: 0 | S43: 0 | T43: 0 | U43: 0 | V43: 0 | W43: 0.28 | X43: 0.115 | Y43: 0 | Z43: 0 | AA43: 0 | AB43: 0 | AC43: 0 | AD43: 0 | AE43: 0 | AF43: 0.282 | AH43: =SUM(C43:AG43) -> 3.377
A44: Mayo | B44: =+AH44 -> 0.32 | C44: 0 | D44: 0.082 | E44: 0.123 | F44: 0 | G44: 0 | H44: 0.115 | I44: 0 | AH44: =SUM(C44:AG44) -> 0.32
A45: Junio | B45: =+AH45 -> 0 | AH45: =SUM(C45:AG45) -> 0
A46: Julio | B46: =+AH46 -> 0 | AH46: =SUM(C46:AG46) -> 0
A47: Agosto | B47: =+AH47 -> 0 | AH47: =SUM(C47:AG47) -> 0
A48: Septiembre | B48: =+AH48 -> 0 | AH48: =SUM(C48:AG48) -> 0
A49: Octubre | B49: =+AH49 -> 0.3 | C49: 0 | D49: 0 | E49: 0 | F49: 0 | G49: 0 | H49: 0 | I49: 0 | J49: 0 | K49: 0 | L49: 0 | M49: 0 | N49: 0 | O49: 0.3 | AH49: =SUM(C49:AG49) -> 0.3
A50: Noviembre | B50: =+AH50 -> 0 | AH50: =SUM(C50:AG50) -> 0
A51: Diciembre | B51: =+AH51 -> 0 | AH51: =SUM(C51:AG51) -> 0
A52: TOTAL | B52: =SUM(B40:B51) -> 6.726 | C52: =SUM(C40:C50) -> 2.7 | D52: =SUM(D40:D50) -> 0.082 | E52: 0 | F52: =SUM(F40:F50) -> 0 | G52: =SUM(G40:G50) -> 0.07 | H52: =SUM(H40:H50) -> 0.115 | I52: =SUM(I40:I50) -> 0.07 | J52: =SUM(J40:J50) -> 0 | K52: =SUM(K40:K50) -> 0.015 | L52: =SUM(L40:L50) -> 0 | M52: =SUM(M40:M50) -> 0.03 | ... AC52: =SUM(AC40:AC50) -> 0.06 | AD52: 0 | AE52: =SUM(AE40:AE50) -> 0.035 | AF52: =SUM(AF40:AF50) -> 0.282 | AG52: =SUM(AG40:AG50) -> 0 | AH52: =SUM(AH40:AH50) -> 6.726
A54: V región | AL54: V región DESCARTES R EX 1000 09 b04 2014
A56: V Región A.G. Armadores artesanales del Puerto de San Antonio R.A.G. N° 2510 | J56: ok¡ | AL56: V Región A.G. Armadores artesanales del Puerto de San Antonio R.A.G. N° 2510
A57: Mes | B57: Total mes | C57: 1 | D57: 2 | E57: 3 | F57: 4 | G57: 5 | H57: 6 | I57: 7 | J57: 8 | K57: 9 | L57: 10 | M57: 11 | N57: 12 | O57: 13 | P57: 14 | Q57: 15 | R57: 16 | S57: 17 | T57: 18 | U57: 19 | V57: 20 | W57: 21 | X57: 22 | Y57: 23 | Z57: 24 | AA57: 25 | AB57: 26 | AC57: 27 | AD57: 28 | AE57: 29 | AF57: 30 | AG57: 31 | AH57: TOTAL | AI57: Xc | AJ57: =(B70/COUNTIF($C$58:$AG$69,">0")) -> 132.32975 | AL57: Mes | AM57: Total mes | AN57: 1 | AO57: 2 | AP57: 3 | AQ57: 4 | AR57: 5 | AS57: 6 | AT57: 7 | AU57: 8 | AV57: 9 | AW57: 10 | AX57: 11 | AY57: 12 | AZ57: 13 | BA57: 14 | BB57: 15 | BC57: 16 | BD57: 17 | BE57: 18 | BF57: 19 | BG57: 20 | BH57: 21 | BI57: 22 | BJ57: 23 | BK57: 24 | BL57: 25 | BM57: 26 | BN57: 27 | BO57: 28 | BP57: 29 | BQ57: 30 | BR57: 31 | BS57: TOTAL | BT57: Xc | BU57: =(AM70/COUNTIF($AN$58:$BR$69,">0")) -> 95.394727
A58: Enero | B58: =+AH58 -> 0 | C58: VEDA | D58: VEDA | E58: VEDA | F58: VEDA | G58: VEDA | H58: VEDA | I58: VEDA | J58: VEDA | K58: VEDA | L58: VEDA | M58: VEDA | N58: VEDA | O58: VEDA | P58: VEDA | Q58: VEDA | R58: VEDA | S58: VEDA | T58: VEDA | U58: VEDA | V58: VEDA | W58: VEDA | X58: VEDA | Y58: VEDA | Z58: VEDA | AA58: VEDA | AB58: VEDA | AC58: VEDA | AD58: VEDA | AE58: VEDA | AF58: VEDA | AG58: VEDA | AH58: =SUM(C58:AG58) -> 0 | AJ58: =+'Resumen RAE Anchoveta'!G31 -> -134.276 | AL58: Enero | AM58: =+BS58 -> 0 | BS58: =SUM(AN58:BR58) -> 0
A59: Febrero | B59: =+AH59 -> 0 | C59: VEDA | D59: VEDA | E59: VEDA | F59: VEDA | G59: VEDA | H59: VEDA | I59: VEDA | J59: VEDA | K59: VEDA | L59: VEDA | M59: VEDA | N59: VEDA | O59: VEDA | P59: VEDA | Q59: VEDA | R59: VEDA | S59: VEDA | T59: VEDA | U59: VEDA | V59: VEDA | W59: VEDA | X59: VEDA | Y59: VEDA | Z59: VEDA | AA59: VEDA | AB59: VEDA | AC59: VEDA | AD59: VEDA | AE59: VEDA | AF59: VEDA | AG59: VEDA | AH59: =SUM(C59:AG59) -> 0 | AJ59: =+AJ58/AJ57 -> -1.0147076 | AL59: Febrero | AM59: =+BS59 -> 0 | BS59: =SUM(AN59:BR59) -> 0
A60: Marzo | B60: =+AH60 -> 1353.89 | C60: VEDA | D60: VEDA | E60: VEDA | F60: VEDA | G60: VEDA | H60: 0 | I60: 0 | J60: 0 | K60: 0 | L60: 0 | M60: 0 | N60: 15.271 | O60: 5.607 | P60: 0 | Q60: 18.08 | R60: 6.647 | S60: 0 | T60: 213.894 | U60: 139.738 | V60: 152.272 | W60: 89.01 | X60: 0 | Y60: 0 | Z60: 0 | AA60: 0 | AB60: 0 | AC60: 0 | AD60: 0 | AE60: 284.242 | AF60: 0 | AG60: 429.129 | AH60: =SUM(C60:AG60) -> 1353.89 | AL60: Marzo | AM60: =+BS60 -> 0 | BS60: =SUM(AN60:BR60) -> 0
A61: Abril | B61: =+AH61 -> 763.386 | C61: 44.801 | D61: 0 | E61: 5.605 | F61: 231.122 | G61: 228.068 | H61: 190.557 | I61: 63.233 | AH61: =SUM(C61:AG61) -> 763.386 | AL61: Abril | AM61: =+BS61 -> 282.627 | AN61: 0 | AO61: 0 | AP61: 0 | AQ61: 0 | AR61: 0 | AS61: 0 | AT61: 0 | AU61: 0 | AV61: 0 | AW61: 0 | AX61: 0 | AY61: 0 | AZ61: 0 | BA61: 0 | BB61: 0 | BC61: 0 | BD61: 0 | BE61: 0 | BF61: 0 | BG61: 0 | BH61: 0 | BI61: 244.508 | BJ61: 35.551 | BK61: 0 | BL61: 0.209 | BM61: 0 | BN61: 0 | BO61: 0 | BP61: 0 | BQ61: 2.359 | BR61: 0 | BS61: =SUM(AN61:BR61) -> 282.627
A62: Mayo | B62: =+AH62 -> 0 | C62: =423.474 -423.474 -> 0 | D62: =104.304-104.304 -> 0 | AH62: =SUM(C62:AG62) -> 0 | AL62: Mayo | AM62: =+BS62 -> 766.715 | AN62: 479.279 | AO62: 104.304 | AP62: 0 | AQ62: 0 | AR62: 0 | AS62: 0 | AT62: 8.03 | AU62: 0 | AV62: 0 | AW62: 0 | AX62: 1.691 | AY62: 0 | AZ62: 0 | BA62: 0 | BB62: 0 | BC62: 0 | BD62: 3.738 | BE62: 80.684 | BF62: 88.989 | BG62: 0 | BH62: 0 | BI62: 0 | BJ62: 0 | BK62: 0 | BL62: 0 | BM62: 0 | BN62: 0 | BO62: 0 | BP62: 0 | BQ62: 0 | BR62: 0 | BS62: =SUM(AN62:BR62) -> 766.715
A63: Junio | B63: =+AH63 -> 0 | AH63: =SUM(C63:AG63) -> 0 | AL63: Junio | AM63: =+BS63 -> 0 | BS63: =SUM(AN63:BR63) -> 0
A64: Julio | B64: =+AH64 -> 0 | AF64: VEDA | AG64: VEDA | AH64: =SUM(C64:AG64) -> 0 | AL64: Julio | AM64: =+BS64 -> 0 | BS64: =SUM(AN64:BR64) -> 0
A65: Agosto | B65: =+AH65 -> 0 | C65: VEDA | D65: VEDA | E65: VEDA | F65: VEDA | G65: VEDA | H65: VEDA | I65: VEDA | J65: VEDA | K65: VEDA | L65: VEDA | M65: VEDA | N65: VEDA | O65: VEDA | P65: VEDA | Q65: VEDA | R65: VEDA | S65: VEDA | T65: VEDA | U65: VEDA | V65: VEDA | W65: VEDA | X65: VEDA | Y65: VEDA | Z65: VEDA | AA65: VEDA | AB65: VEDA | AC65: VEDA | AD65: VEDA | AE65: VEDA | AF65: VEDA | AG65: VEDA | AH65: =SUM(C65:AG65) -> 0 | AL65: Agosto | AM65: =+BS65 -> 0 | BS65: =SUM(AN65:BR65) -> 0
A66: Septiembre | B66: =+AH66 -> 0 | C66: VEDA | D66: VEDA | E66: VEDA | F66: VEDA | G66: VEDA | H66: VEDA | I66: VEDA | J66: VEDA | K66: VEDA | L66: VEDA | M66: VEDA | N66: VEDA | O66: VEDA | P66: VEDA | Q66: VEDA | R66: VEDA | S66: VEDA | T66: VEDA | U66: VEDA | V66: VEDA | W66: VEDA | X66: VEDA | Y66: VEDA | Z66: VEDA | AA66: VEDA | AB66: VEDA | AC66: VEDA | AD66: VEDA | AE66: VEDA | AF66: VEDA | AG66: VEDA | AH66: =SUM(C66:AG66) -> 0 | AL66: Septiembre | AM66: =+BS66 -> 0 | BS66: =SUM(AN66:BR66) -> 0
A67: Octubre | B67: =+AH67 -> 0 | C67: VEDA | D67: VEDA | E67: VEDA | F67: VEDA | G67: VEDA | H67: VEDA | I67: VEDA | J67: VEDA | K67: VEDA | L67: VEDA | M67: VEDA | N67: VEDA | O67: VEDA | P67: VEDA | Q67: VEDA | R67: VEDA | S67: VEDA | T67: VEDA | U67: VEDA | V67: VEDA | W67: VEDA | AH67: =SUM(C67:AG67) -> 0 | AL67: Octubre | AM67: =+BS67 -> 0 | BS67: =SUM(AN67:BR67) -> 0
A68: Noviembre | B68: =+AH68 -> 0 | AH68: =SUM(C68:AG68) -> 0 | AL68: Noviembre | AM68: =+BS68 -> 0 | BS68: =SUM(AN68:BR68) -> 0
A69: Diciembre | B69: =+AH69 -> 0 | L69: VEDA | M69: VEDA | N69: VEDA | O69: VEDA | P69: VEDA | Q69: VEDA | R69: VEDA | S69: VEDA | T69: VEDA | U69: VEDA | V69: VEDA | W69: VEDA | X69: VEDA | Y69: VEDA | Z69: VEDA | AA69: VEDA | AB69: VEDA | AC69: VEDA | AD69: VEDA | AE69: VEDA | AF69: VEDA | AG69: VEDA | AH69: =SUM(C69:AG69) -> 0 | AL69: Diciembre | AM69: =+BS69 -> 0 | BS69: =SUM(AN69:BR69) -> 0
A70: TOTAL | B70: =SUM(B58:B69) -> 2117.276 | C70: =SUM(C58:C68) -> 44.801 | D70: =SUM(D58:D68) -> 0 | E70: 0 | F70: =SUM(F58:F68) -> 231.122 | G70: =SUM(G58:G68) -> 228.068 | H70: =SUM(H58:H68) -> 190.557 | I70: =SUM(I58:I68) -> 63.233 | J70: =SUM(J58:J68) -> 0 | K70: =SUM(K58:K68) -> 0 | L70: =SUM(L58:L68) -> 0 | M70: =SUM(M58:M68) -> 0 | ... AC70: =SUM(AC58:AC68) -> 0 | AD70: 0 | AE70: =SUM(AE58:AE68) -> 284.242 | AF70: =SUM(AF58:AF68) -> 0 | AG70: =SUM(AG58:AG68) -> 429.129 | AH70: =SUM(AH58:AH68) -> 2117.276 | AL70: TOTAL | AM70: =SUM(AM58:AM69) -> 1049.342 | AN70: =SUM(AN58:AN68) -> 479.279 | AO70: =SUM(AO58:AO68) -> 104.304 | AP70: 0 | AQ70: =SUM(AQ58:AQ68) -> 0 | AR70: =SUM(AR58:AR68) -> 0 | AS70: =SUM(AS58:AS68) -> 0 | AT70: =SUM(AT58:AT68) -> 8.03 | AU70: =SUM(AU58:AU68) -> 0 | AV70: =SUM(AV58:AV68) -> 0 | AW70: =SUM(AW58:AW68) -> 0 | AX70: =SUM(AX58:AX68) -> 1.691 | ... BN70: =SUM(BN58:BN68) -> 0 | BO70: 0 | BP70: =SUM(BP58:BP68) -> 0 | BQ70: =SUM(BQ58:BQ68) -> 2.359 | BR70: =SUM(BR58:BR68) -> 0 | BS70: =SUM(BS58:BS68) -> 1049.342
A72: Cuota bolsón o residual | K72: OK¡ | AT72: =SUM(AT62:BF62) -> 183.132
A73: Mes | B73: Total mes | C73: 1 | D73: 2 | E73: 3 | F73: 4 | G73: 5 | H73: 6 | I73: 7 | J73: 8 | K73: 9 | L73: 10 | M73: 11 | N73: 12 | O73: 13 | P73: 14 | Q73: 15 | R73: 16 | S73: 17 | T73: 18 | U73: 19 | V73: 20 | W73: 21 | X73: 22 | Y73: 23 | Z73: 24 | AA73: 25 | AB73: 26 | AC73: 27 | AD73: 28 | AE73: 29 | AF73: 30 | AG73: 31 | AH73: TOTAL | AI73: Xc | AJ73: =(B86/COUNTIF($C$74:$AG$85,">0")) -> 9.78
A74: Enero | B74: =+AH74 -> 0 | C74: VEDA | D74: VEDA | E74: VEDA | F74: VEDA | G74: VEDA | H74: VEDA | I74: VEDA | J74: VEDA | K74: VEDA | L74: VEDA | M74: VEDA | N74: VEDA | O74: VEDA | P74: VEDA | Q74: VEDA | R74: VEDA | S74: VEDA | T74: VEDA | U74: VEDA | V74: VEDA | W74: VEDA | X74: VEDA | Y74: VEDA | Z74: VEDA | AA74: VEDA | AB74: VEDA | AC74: VEDA | AD74: VEDA | AE74: VEDA | AF74: VEDA | AG74: VEDA | AH74: =SUM(C74:AG74) -> 0 | AJ74: =+'Resumen RAE Anchoveta'!G32 -> -19.12
A75: Febrero | B75: =+AH75 -> 0 | C75: VEDA | D75: VEDA | E75: VEDA | F75: VEDA | G75: VEDA | H75: VEDA | I75: VEDA | J75: VEDA | K75: VEDA | L75: VEDA | M75: VEDA | N75: VEDA | O75: VEDA | P75: VEDA | Q75: VEDA | S75: VEDA | T75: VEDA | U75: VEDA | V75: VEDA | X75: VEDA | Y75: VEDA | Z75: VEDA | AA75: VEDA | AB75: VEDA | AC75: VEDA | AD75: VEDA | AE75: VEDA | AF75: VEDA | AG75: VEDA | AH75: =SUM(C75:AG75) -> 0 | AJ75: =+AJ74/AJ73 -> -1.9550102
A76: Marzo | B76: =+AH76 -> 39.12 | C76: VEDA | D76: VEDA | E76: VEDA | F76: VEDA | G76: VEDA | R76: 3.027 | T76: 10.587 | U76: 9.122 | V76: 16.384 | AH76: =SUM(C76:AG76) -> 39.12
A77: Abril | B77: =+AH77 -> 0 | AH77: =SUM(C77:AG77) -> 0
A78: Mayo | B78: =+AH78 -> 0 | AH78: =SUM(C78:AG78) -> 0
A79: Junio | B79: =+AH79 -> 0 | AH79: =SUM(C79:AG79) -> 0
A80: Julio | B80: =+AH80 -> 0 | AF80: VEDA | AG80: VEDA | AH80: =SUM(C80:AG80) -> 0
A81: Agosto | B81: =+AH81 -> 0 | C81: VEDA | D81: VEDA | E81: VEDA | F81: VEDA | G81: VEDA | H81: VEDA | I81: VEDA | J81: VEDA | K81: VEDA | L81: VEDA | M81: VEDA | N81: VEDA | O81: VEDA | P81: VEDA | Q81: VEDA | R81: VEDA | S81: VEDA | T81: VEDA | U81: VEDA | V81: VEDA | W81: VEDA | X81: VEDA | Y81: VEDA | Z81: VEDA | AA81: VEDA | AB81: VEDA | AC81: VEDA | AD81: VEDA | AE81: VEDA | AF81: VEDA | AG81: VEDA | AH81: =SUM(C81:AG81) -> 0
A82: Septiembre | B82: =+AH82 -> 0 | C82: VEDA | D82: VEDA | E82: VEDA | F82: VEDA | G82: VEDA | H82: VEDA | I82: VEDA | J82: VEDA | K82: VEDA | L82: VEDA | M82: VEDA | N82: VEDA | O82: VEDA | P82: VEDA | Q82: VEDA | R82: VEDA | S82: VEDA | T82: VEDA | U82: VEDA | V82: VEDA | W82: VEDA | X82: VEDA | Y82: VEDA | Z82: VEDA | AA82: VEDA | AB82: VEDA | AC82: VEDA | AD82: VEDA | AE82: VEDA | AF82: VEDA | AG82: VEDA | AH82: =SUM(C82:AG82) -> 0
A83: Octubre | B83: =+AH83 -> 0 | C83: VEDA | D83: VEDA | E83: VEDA | F83: VEDA | G83: VEDA | H83: VEDA | I83: VEDA | J83: VEDA | K83: VEDA | L83: VEDA | M83: VEDA | N83: VEDA | O83: VEDA | P83: VEDA | Q83: VEDA | R83: VEDA | S83: VEDA | T83: VEDA | U83: VEDA | V83: VEDA | W83: VEDA | AH83: =SUM(C83:AG83) -> 0
A84: Noviembre | B84: =+AH84 -> 0 | AH84: =SUM(C84:AG84) -> 0
A85: Diciembre | B85: =+AH85 -> 0 | L85: VEDA | M85: VEDA | N85: VEDA | O85: VEDA | P85: VEDA | Q85: VEDA | R85: VEDA | S85: VEDA | T85: VEDA | U85: VEDA | V85: VEDA | W85: VEDA | X85: VEDA | Y85: VEDA | Z85: VEDA | AA85: VEDA | AB85: VEDA | AC85: VEDA | AD85: VEDA | AE85: VEDA | AF85: VEDA | AG85: VEDA | AH85: =SUM(C85:AG85) -> 0
A86: TOTAL | B86: =SUM(B74:B85) -> 39.12 | C86: =SUM(C74:C84) -> 0 | D86: =SUM(D74:D84) -> 0 | E86: 0 | F86: =SUM(F74:F84) -> 0 | G86: =SUM(G74:G84) -> 0 | H86: =SUM(H74:H84) -> 0 | I86: =SUM(I74:I84) -> 0 | J86: =SUM(J74:J84) -> 0 | K86: =SUM(K74:K84) -> 0 | L86: =SUM(L74:L84) -> 0 | M86: =SUM(M74:M84) -> 0 | ... AC86: =SUM(AC74:AC84) -> 0 | AD86: 0 | AE86: =SUM(AE74:AE84) -> 0 | AF86: =SUM(AF74:AF84) -> 0 | AG86: =SUM(AG74:AG84) -> 0 | AH86: =SUM(AH74:AH84) -> 39.12
A88: VII Región, del Maule
A89: STI. De Pesc. Pelagícos del Maule, Constitución RSU. N° 07050150
A90: Mes | B90: Total mes | C90: 1 | D90: 2 | E90: 3 | F90: 4 | G90: 5 | H90: 6 | I90: 7 | J90: 8 | K90: 9 | L90: 10 | M90: 11 | N90: 12 | O90: 13 | P90: 14 | Q90: 15 | R90: 16 | S90: 17 | T90: 18 | U90: 19 | V90: 20 | W90: 21 | X90: 22 | Y90: 23 | Z90: 24 | AA90: 25 | AB90: 26 | AC90: 27 | AD90: 28 | AE90: 29 | AF90: 30 | AG90: 31 | AH90: TOTAL | AI90: Xc | AJ90: =(B103/COUNTIF($C$91:$AG$102,">0")) -> 17.6446
A91: Enero | B91: =+AH91 -> 0 | C91: VEDA | D91: VEDA | E91: VEDA | F91: VEDA | G91: VEDA | H91: VEDA | I91: VEDA | J91: VEDA | K91: VEDA | L91: VEDA | M91: VEDA | N91: VEDA | O91: VEDA | P91: VEDA | Q91: VEDA | R91: VEDA | S91: VEDA | T91: VEDA | U91: VEDA | V91: VEDA | W91: VEDA | X91: VEDA | Y91: VEDA | Z91: VEDA | AA91: VEDA | AB91: VEDA | AC91: VEDA | AD91: VEDA | AE91: VEDA | AF91: VEDA | AG91: VEDA | AH91: =SUM(C91:AG91) -> 0 | AJ91: =+'Resumen RAE Anchoveta'!G50 -> -1.623
A92: Febrero | B92: =+AH92 -> 0 | C92: VEDA | D92: VEDA | E92: VEDA | F92: VEDA | G92: VEDA | H92: VEDA | I92: VEDA | J92: VEDA | K92: VEDA | L92: VEDA | M92: VEDA | N92: VEDA | O92: VEDA | P92: VEDA | Q92: VEDA | R92: VEDA | S92: VEDA | T92: VEDA | U92: VEDA | V92: VEDA | W92: VEDA | X92: VEDA | Y92: VEDA | Z92: VEDA | AA92: VEDA | AB92: VEDA | AC92: VEDA | AD92: VEDA | AE92: VEDA | AF92: VEDA | AG92: VEDA | AH92: =SUM(C92:AG92) -> 0 | AJ92: =+AJ91/AJ90 -> -0.091982816
A93: Marzo | B93: =+AH93 -> 0 | C93: VEDA | D93: VEDA | E93: VEDA | F93: VEDA | G93: VEDA | AH93: =SUM(C93:AG93) -> 0
A94: Abril | B94: =+AH94 -> 90.097 | AA94: 20.1 | AB94: 54.972 | AD94: 15.025 | AH94: =SUM(C94:AG94) -> 90.097
A95: Mayo | B95: =+AH95 -> 80.606 | J95: 30.387 | K95: 22.438 | L95: 8.308 | AA95: 17.511 | AB95: 1.962 | AH95: =SUM(C95:AG95) -> 80.606
A96: Junio | B96: =+AH96 -> 3.461 | V96: 3.461 | AH96: =SUM(C96:AG96) -> 3.461
A97: Julio | B97: =+AH97 -> 0 | AF97: VEDA | AG97: VEDA | AH97: =SUM(C97:AG97) -> 0
A98: Agosto | B98: =+AH98 -> 0 | C98: VEDA | D98: VEDA | E98: VEDA | F98: VEDA | G98: VEDA | H98: VEDA | I98: VEDA | J98: VEDA | K98: VEDA | L98: VEDA | M98: VEDA | N98: VEDA | O98: VEDA | P98: VEDA | Q98: VEDA | R98: VEDA | S98: VEDA | T98: VEDA | U98: VEDA | V98: VEDA | W98: VEDA | X98: VEDA | Y98: VEDA | Z98: VEDA | AA98: VEDA | AB98: VEDA | AC98: VEDA | AD98: VEDA | AE98: VEDA | AF98: VEDA | AG98: VEDA | AH98: =SUM(C98:AG98) -> 0
A99: Septiembre | B99: =+AH99 -> 0 | C99: VEDA | D99: VEDA | E99: VEDA | F99: VEDA | G99: VEDA | H99: VEDA | I99: VEDA | J99: VEDA | K99: VEDA | L99: VEDA | M99: VEDA | N99: VEDA | O99: VEDA | P99: VEDA | Q99: VEDA | R99: VEDA | S99: VEDA | T99: VEDA | U99: VEDA | V99: VEDA | W99: VEDA | X99: VEDA | Y99: VEDA | Z99: VEDA | AA99: VEDA | AB99: VEDA | AC99: VEDA | AD99: VEDA | AE99: VEDA | AF99: VEDA | AG99: VEDA | AH99: =SUM(C99:AG99) -> 0
A100: Octubre | B100: =+AH100 -> 0 | C100: VEDA | D100: VEDA | E100: VEDA | F100: VEDA | G100: VEDA | H100: VEDA | I100: VEDA | J100: VEDA | K100: VEDA | L100: VEDA | M100: VEDA | N100: VEDA | O100: VEDA | P100: VEDA | Q100: VEDA | R100: VEDA | S100: VEDA | T100: VEDA | U100: VEDA | V100: VEDA | W100: VEDA | AH100: =SUM(C100:AG100) -> 0
A101: Noviembre | B101: =+AH101 -> 2.282 | M101: 2.282 | AH101: =SUM(C101:AG101) -> 2.282
A102: Diciembre | B102: =+AH102 -> 0 | L102: VEDA | M102: VEDA | N102: VEDA | O102: VEDA | P102: VEDA | Q102: VEDA | R102: VEDA | S102: VEDA | T102: VEDA | U102: VEDA | V102: VEDA | W102: VEDA | X102: VEDA | Y102: VEDA | Z102: VEDA | AA102: VEDA | AB102: VEDA | AC102: VEDA | AD102: VEDA | AE102: VEDA | AF102: VEDA | AG102: VEDA | AH102: =SUM(C102:AG102) -> 0
A103: TOTAL | B103: =SUM(B91:B102) -> 176.446 | C103: =SUM(C91:C102) -> 0 | D103: =SUM(D91:D102) -> 0 | E103: =SUM(E91:E102) -> 0 | F103: =SUM(F91:F102) -> 0 | G103: =SUM(G91:G102) -> 0 | H103: =SUM(H91:H102) -> 0 | I103: =SUM(I91:I102) -> 0 | ... AH103: =SUM(AH91:AH102) -> 176.446
A105: STI. AGUA LIMPIA RSU. N° 07050118
A106: Mes | B106: Total mes | C106: 1 | D106: 2 | E106: 3 | F106: 4 | G106: 5 | H106: 6 | I106: 7 | J106: 8 | K106: 9 | L106: 10 | M106: 11 | N106: 12 | O106: 13 | P106: 14 | Q106: 15 | R106: 16 | S106: 17 | T106: 18 | U106: 19 | V106: 20 | W106: 21 | X106: 22 | Y106: 23 | Z106: 24 | AA106: 25 | AB106: 26 | AC106: 27 | AD106: 28 | AE106: 29 | AF106: 30 | AG106: 31 | AH106: TOTAL | AI106: Xc | AJ106: =(B119/COUNTIF($C$107:$AG$118,">0")) -> #DIV/0!
A107: Enero | B107: =+AH107 -> 0 | C107: VEDA | D107: VEDA | E107: VEDA | F107: VEDA | G107: VEDA | H107: VEDA | I107: VEDA | J107: VEDA | K107: VEDA | L107: VEDA | M107: VEDA | N107: VEDA | O107: VEDA | P107: VEDA | Q107: VEDA | R107: VEDA | S107: VEDA | T107: VEDA | U107: VEDA | V107: VEDA | W107: VEDA | X107: VEDA | Y107: VEDA | Z107: VEDA | AA107: VEDA | AB107: VEDA | AC107: VEDA | AD107: VEDA | AE107: VEDA | AF107: VEDA | AG107: VEDA | AH107: =SUM(C107:AG107) -> 0
A108: Febrero | B108: =+AH108 -> 0 | C108: VEDA | D108: VEDA | E108: VEDA | F108: VEDA | G108: VEDA | H108: VEDA | I108: VEDA | J108: VEDA | K108: VEDA | L108: VEDA | M108: VEDA | N108: VEDA | O108: VEDA | P108: VEDA | Q108: VEDA | R108: VEDA | S108: VEDA | T108: VEDA | U108: VEDA | V108: VEDA | W108: VEDA | X108: VEDA | Y108: VEDA | Z108: VEDA | AA108: VEDA | AB108: VEDA | AC108: VEDA | AD108: VEDA | AE108: VEDA | AF108: VEDA | AG108: VEDA | AH108: =SUM(C108:AG108) -> 0
A109: Marzo | B109: =+AH109 -> 0 | C109: VEDA | D109: VEDA | E109: VEDA | F109: VEDA | G109: VEDA | AH109: =SUM(C109:AG109) -> 0
A110: Abril | B110: =+AH110 -> 0 | AH110: =SUM(C110:AG110) -> 0
...

Sheet Anchoveta
A2: Anchoveta 2014
AI3: Promedio Consumo Anual Flota
F4: 79301.99 | AN4: RES 1893 22 07 2014
A5: XV y I Región, Arica e Iquique | AN5: XV Región IMPREVISTOS
A6: Mes | B6: Total mes | C6: 1 | D6: 2 | E6: 3 | F6: 4 | G6: 5 | H6: 6 | I6: 7 | J6: 8 | K6: 9 | L6: 10 | M6: 11 | N6: 12 | O6: 13 | P6: 14 | Q6: 15 | R6: 16 | S6: 17 | T6: 18 | U6: 19 | V6: 20 | W6: 21 | X6: 22 | Y6: 23 | Z6: 24 | AA6: 25 | AB6: 26 | AC6: 27 | AD6: 28 | AE6: 29 | AF6: 30 | AG6: 31 | AH6: TOTAL | AI6: Xc | AJ6: =(B19/COUNTIF($C$7:$AG$18,">0")) -> 801.833 | AL6: Suma global mas imprevistos | AN6: Mes | AO6: Total mes | AP6: 1 | AQ6: 2 | AR6: 3 | AS6: 4 | AT6: 5 | AU6: 6 | AV6: 7 | AW6: 8 | AX6: 9 | AY6: 10 | AZ6: 11 | BA6: 12 | BB6: 13 | BC6: 14 | BD6: 15 | BE6: 16 | BF6: 17 | BG6: 18 | BH6: 19 | BI6: 20 | BJ6: 21 | BK6: 22 | BL6: 23 | BM6: 24 | BN6: 25 | BO6: 26 | BP6: 27 | BQ6: 28 | BR6: 29 | BS6: 30 | BT6: 31 | BU6: TOTAL
A7: Enero | B7: =+AH7 -> 0 | C7: 0 | D7: 0 | E7: 0 | F7: 0 | G7: 0 | H7: 0 | I7: 0 | J7: 0 | K7: 0 | L7: 0 | M7: 0 | N7: 0 | O7: 0 | P7: 0 | Q7: 0 | R7: 0 | S7: 0 | T7: 0 | U7: 0 | V7: 0 | W7: 0 | X7: 0 | Y7: 0 | Z7: 0 | AA7: 0 | AB7: 0 | AC7: 0 | AD7: 0 | AE7: 0 | AF7: 0 | AG7: 0 | AH7: =SUM(C7:AG7) -> 0 | AJ7: =+'Res. Global'!J7 -> 41.322 | AL7: =+B7+AO7 -> 0 | AN7: Enero | AO7: =+BU7 -> 0 | BU7: =SUM(AP7:BT7) -> 0
A8: Febrero | B8: =+AH8 -> 5476.057 | C8: 0 | D8: 0 | E8: 0 | F8: 0 | G8: 0 | H8: 0 | I8: 0 | J8: 0 | K8: 0 | L8: 0 | M8: 865.35 | N8: 1669.385 | O8: 1803.79 | P8: 1024.092 | Q8: 113.44 | R8: 0 | S8: 0 | T8: 0 | U8: 0 | V8: 0 | W8: 0 | X8: 0 | Y8: 0 | Z8: 0 | AA8: 0 | AB8: 0 | AC8: 0 | AD8: 0 | AE8: - | AF8: - | AG8: - | AH8: =SUM(C8:AG8) -> 5476.057 | AJ8: =+AJ7/AJ6 -> 0.051534422 | AL8: =+B8+AO8 -> 5476.057 | AN8: Febrero | AO8: =+BU8 -> 0 | BU8: =SUM(AP8:BT8) -> 0
A9: Marzo | B9: =+AH9 -> 23235.61 | C9: 0 | D9: 0 | E9: 683.725 | F9: 2110.347 | G9: 1522.345 | H9: 1388.355 | I9: 540.665 | J9: 1070.354 | K9: 0 | L9: 2065.151 | M9: 997.196 | N9: 1407.911 | O9: 1606.53 | P9: 1004.979 | Q9: 488.58 | R9: 0 | S9: 0 | T9: 43.357 | U9: 386.734 | V9: 497.539 | W9: 203.312 | X9: 979.98 | Y9: 0 | Z9: 1001.331 | AA9: 1358.956 | AB9: 1628.798 | AC9: 327.011 | AD9: 1039.659 | AE9: 671.332 | AF9: 0 | AG9: 211.463 | AH9: =SUM(C9:AG9) -> 23235.61 | AL9: =+B9+AO9 -> 23235.61 | AN9: Marzo | AO9: =+BU9 -> 0 | BU9: =SUM(AP9:BT9) -> 0
A10: Abril | B10: =+AH10 -> 13636.963 | C10: 0 | D10: 0 | E10: 0 | F10: 0 | G10: 0 | H10: 0 | I10: 0 | J10: 0 | K10: 962.845 | L10: 66.415 | M10: 0 | N10: 0 | O10: 0 | P10: 1506.728 | Q10: 1146.245 | R10: 901.509 | S10: 345.533 | T10: 0 | U10: 0 | V10: 0 | W10: 1133.422 | X10: 296.778 | Y10: 729.212 | Z10: 1416.418 | AA10: 1368.25 | AB10: 0 | AC10: 0 | AD10: 212.862 | AE10: 1942.49 | AF10: 1608.256 | AG10: - | AH10: =SUM(C10:AG10) -> 13636.963 | AL10: =+B10+AO10 -> 13636.963 | AN10: Abril | AO10: =+BU10 -> 0 | BU10: =SUM(AP10:BT10) -> 0
A11: Mayo | B11: =+AH11 -> 20336.373 | C11: 0 | D11: 1727.028 | E11: 1437.48 | F11: 127.225 | G11: 305.33 | H11: 0 | I11: 0 | J11: 0 | K11: 0 | L11: 850.489 | M11: 32.715 | N11: 1575.642 | O11: 579.98 | P11: 528.137 | Q11: 29.72 | R11: 208.617 | S11: 1172.022 | T11: 13.98 | U11: 1723.523 | V11: 1845.976 | W11: 834.85 | X11: 1470.222 | Y11: 745.596 | Z11: 872.05 | AA11: 0 | AB11: 1553.87 | AC11: 211.955 | AD11: 736.039 | AE11: 512.732 | AF11: 623.785 | AG11: 617.41 | AH11: =SUM(C11:AG11) -> 20336.373 | AL11: =+B11+AO11 -> 20336.373 | AN11: Mayo | AO11: =+BU11 -> 0 | BU11: =SUM(AP11:BT11) -> 0
A12: Junio | B12: =+AH12 -> 15204.677 | C12: 0 | D12: 198.683 | E12: 1037.948 | F12: 901.204 | G12: 1240.481 | H12: 134.509 | I12: 0 | J12: 0 | K12: 949.724 | L12: 872.07 | M12: 1059.965 | N12: 701.715 | O12: 0 | P12: 330.46 | Q12: 46.22 | R12: 617.119 | S12: 275.747 | T12: 337.781 | U12: 543.185 | V12: 506.46 | W12: 42.215 | X12: 0 | Y12: 920.453 | Z12: 1181.518 | AA12: 893.68 | AB12: 1586.645 | AC12: 826.895 | AD12: 0 | AE12: 0 | AF12: 0 | AG12: - | AH12: =SUM(C12:AG12) -> 15204.677 | AL12: =+B12+AO12 -> 15204.677 | AN12: Junio | AO12: =+BU12 -> 0 | BU12: =SUM(AP12:BT12) -> 0
A13: Julio | B13: =+AH13 -> 3897.286 | C13: 365.694 | D13: 600.685 | E13: 573.86 | F13: 0 | G13: 0 | H13: 0 | I13: 0 | J13: 337.583 | K13: 353.491 | L13: 37.569 | M13: 35.991 | N13: 21.29 | O13: 0 | P13: 63.61 | Q13: 231.375 | R13: 0 | S13: 252.967 | T13: 1023.171 | U13: 0 | V13: 0 | W13: 0 | X13: 0 | Y13: 0 | Z13: 0 | AA13: 0 | AB13: 0 | AC13: 0 | AD13: 0 | AE13: 0 | AF13: 0 | AG13: 0 | AH13: =SUM(C13:AG13) -> 3897.286 | AI13: cierre 18 07 2014 | AL13: =+B13+AO13 -> 4766.329 | AN13: Julio | AO13: =+BU13 -> 869.043 | BK13: 0 | BL13: 443.785 | BM13: 96.625 | BN13: 153.218 | BO13: 0 | BP13: 0 | BQ13: 169.745 | BR13: 0 | BS13: 3.76 | BT13: 1.91 | BU13: =SUM(AP13:BT13) -> 869.043
A14: Agosto | B14: =+AH14 -> 0 | C14: 0 | D14: 0 | E14: 0 | F14: 0 | G14: 0 | H14: 0 | I14: 0 | J14: 0 | K14: 0 | L14: 0 | M14: 0 | N14: 0 | O14: 0 | P14: 0 | Q14: 0 | R14: 0 | S14: 0 | T14: 0 | U14: 0 | V14: 0 | W14: 0 | X14: 0 | Y14: 0 | Z14: 0 | AA14: 0 | AB14: 0 | AC14: 0 | AD14: 0 | AE14: 0 | AF14: 0 | AG14: 0 | AH14: =SUM(C14:AG14) -> 0 | AL14: =+B14+AO14 -> 2048.095 | AN14: Agosto | AO14: =+BU14 -> 2048.095 | AP14: 0 | AQ14: 0 | AR14: 0 | AS14: 1182.229 | AT14: 236.927 | AU14: 628.939 | AV14: 0 | AW14: 0 | AX14: 0 | AY14: 0 | BU14: =SUM(AP14:BT14) -> 2048.095
A15: Septiembre | B15: =+AH15 -> 0 | C15: 0 | D15: 0 | E15: 0 | F15: 0 | G15: 0 | H15: 0 | I15: 0 | J15: 0 | K15: 0 | L15: 0 | M15: 0 | N15: 0 | O15: 0 | P15: 0 | Q15: 0 | R15: 0 | S15: 0 | T15: 0 | U15: 0 | V15: 0 | W15: 0 | X15: 0 | Y15: 0 | Z15: 0 | AA15: 0 | AB15: 0 | AC15: 0 | AD15: 0 | AE15: 0 | AF15: 0 | AG15: - | AH15: =SUM(C15:AG15) -> 0 | AL15: =+B15+AO15 -> 2613.851 | AN15: Septiembre | AO15: =+BU15 -> 2613.851 | AP15: 0 | AQ15: 0 | AR15: 0 | AS15: 0 | AT15: 0 | AU15: 0 | AV15: 0 | AW15: 0 | AX15: 0 | AY15: 0 | AZ15: 0 | BA15: 0 | BB15: 0 | BC15: 0 | BD15: 0 | BE15: 0 | BF15: 0 | BG15: 0 | BH15: 0 | BI15: 0 | BJ15: 0 | BK15: 0 | BL15: 0 | BM15: 0 | BN15: 1238.755 | BO15: 1275.386 | BP15: 99.71 | BQ15: 0 | BU15: =SUM(AP15:BT15) -> 2613.851
A16: Octubre | B16: =+AH16 -> 0 | AH16: =SUM(C16:AG16) -> 0 | AL16: =+B16+AO16 -> 1882.723 | AN16: Octubre | AO16: =+BU16 -> 1882.723 | AP16: 0 | AQ16: 0 | AR16: 0 | AS16: 0 | AT16: 0 | AU16: 0 | AV16: 701.595 | AW16: 907.145 | AX16: 175.368 | AY16: 0 | AZ16: 98.615 | BU16: =SUM(AP16:BT16) -> 1882.723
A17: Noviembre | B17: =+AH17 -> 0 | C17: VEDA | D17: VEDA | E17: VEDA | F17: VEDA | G17: VEDA | H17: VEDA | I17: VEDA | J17: VEDA | K17: VEDA | L17: VEDA | M17: VEDA | N17: VEDA | O17: VEDA | P17: VEDA | Q17: VEDA | R17: VEDA | S17: VEDA | T17: VEDA | U17: VEDA | V17: VEDA | W17: VEDA | X17: VEDA | Y17: VEDA | Z17: VEDA | AA17: VEDA | AB17: VEDA | AC17: VEDA | AD17: VEDA | AE17: VEDA | AG17: VEDA | AH17: =SUM(C17:AG17) -> 0 | AL17: =+B17+AO17 -> 0 | AN17: Noviembre | AO17: =+BU17 -> 0 | AP17: VEDA | AQ17: VEDA | AR17: VEDA | AS17: VEDA | AT17: VEDA | AU17: VEDA | AV17: VEDA | AW17: VEDA | AX17: VEDA | AY17: VEDA | AZ17: VEDA | BA17: VEDA | BB17: VEDA | BC17: VEDA | BD17: VEDA | BE17: VEDA | BF17: VEDA | BG17: VEDA | BH17: VEDA | BI17: VEDA | BJ17: VEDA | BK17: VEDA | BL17: VEDA | BM17: VEDA | BN17: VEDA | BO17: VEDA | BP17: VEDA | BQ17: VEDA | BR17: VEDA | BS17: VEDA | BT17: VEDA | BU17: =SUM(AP17:BT17) -> 0
A18: Diciembre | B18: =+AH18 -> 0 | C18: VEDA | F18: VEDA | G18: VEDA | H18: VEDA | I18: VEDA | J18: VEDA | K18: VEDA | L18: VEDA | M18: VEDA | N18: VEDA | O18: VEDA | P18: VEDA | Q18: VEDA | R18: VEDA | S18: VEDA | T18: VEDA | U18: VEDA | V18: VEDA | W18: VEDA | X18: VEDA | Y18: VEDA | Z18: VEDA | AA18: VEDA | AB18: VEDA | AC18: VEDA | AD18: VEDA | AE18: VEDA | AF18: VEDA | AG18: VEDA | AH18: =SUM(C18:AG18) -> 0 | AL18: =+B18+AO18 -> 0 | AN18: Diciembre | AO18: =+BU18 -> 0 | AP18: VEDA | AQ18: VEDA | AR18: VEDA | AS18: VEDA | AT18: VEDA | AU18: VEDA | AV18: VEDA | AW18: VEDA | AX18: VEDA | AY18: VEDA | AZ18: VEDA | BA18: VEDA | BB18: VEDA | BC18: VEDA | BD18: VEDA | BE18: VEDA | BF18: VEDA | BG18: VEDA | BH18: VEDA | BI18: VEDA | BJ18: VEDA | BK18: VEDA | BL18: VEDA | BM18: VEDA | BN18: VEDA | BO18: VEDA | BP18: VEDA | BQ18: VEDA | BR18: VEDA | BS18: VEDA | BT18: VEDA | BU18: =SUM(AP18:BT18) -> 0
A19: TOTAL | B19: =SUM(B7:B18) -> 81786.966 | AH19: =SUM(AH7:AH18) -> 81786.966 | AL19: =+B19+AO19 -> 89200.678 | AN19: TOTAL | AO19: =SUM(AO7:AO18) -> 7413.712 | BU19: =SUM(BU7:BU18) -> 7413.712
F20: 89242 | AN20: cuota imprevistos | AO20: 7500 | AP20: por resol 1893 de 22 07 2014
A21: II Región, de Antofasta | AN21: saldo | AO21: =+AO20-AO19 -> 86.288
A22: Mes | B22: Total mes | C22: 1 | D22: 2 | E22: 3 | F22: 4 | G22: 5 | H22: 6 | I22: 7 | J22: 8 | K22: 9 | L22: 10 | M22: 11 | N22: 12 | O22: 13 | P22: 14 | Q22: 15 | R22: 16 | S22: 17 | T22: 18 | U22: 19 | V22: 20 | W22: 21 | X22: 22 | Y22: 23 | Z22: 24 | AA22: 25 | AB22: 26 | AC22: 27 | AD22: 28 | AE22: 29 | AF22: 30 | AG22: 31 | AH22: TOTAL | AI22: Xc | AJ22: =(B36/COUNTIF($C$23:$AG$34,">0")) -> 218.3504
AG23: 0.69 | AH23: =SUM(C23:AG23) -> 0.69 | AJ23: =+'Res. Global'!J9 -> 6685.456
A24: Enero | B24: =SUM(AH24) -> 0.69 | AG24: 0.69 | AH24: =SUM(C24:AG24) -> 0.69 | AJ24: =+AJ23/+AJ22 -> 30.618016
A25: Febrero | B25: =SUM(AH25) -> 0.39 | S25: 0.02 | AD25: 0.37 | AH25: =SUM(C25:AG25) -> 0.39
A26: Marzo | B26: =SUM(AH26) -> 3331.813 | E26: 219.24 | F26: 303.195 | G26: 75.45 | H26: 322.864 | I26: 281.393 | J26: 357.046 | L26: 54.435 | T26: 60.73 | W26: 0.3 | Z26: 75 | AA26: 340.585 | AB26: 248.205 | AC26: 164.9 | AD26: 345.965 | AE26: 266.55 | AF26: 144.265 | AG26: 71.69 | AH26: =SUM(C26:AG26) -> 3331.813
A27: Abril | B27: =SUM(AH27) -> 2053.37 | I27: 306.685 | J27: 190.075 | K27: 269.69 | L27: 234.807 | M27: 0.05 | N27: 256.195 | Y27: 5.285 | Z27: 40.86 | AA27: 223.705 | AB27: 49.492 | AC27: 232.166 | AD27: 79.905 | AE27: 144.805 | AF27: 19.65 | AH27: =SUM(C27:AG27) -> 2053.37
A28: Mayo | B28: =SUM(AH28) -> 1762.262 | E28: 0.03 | F28: 24.195 | G28: 115.11 | H28: 205.497 | I28: 74.945 | K28: 210.698 | S28: 0.02 | Y28: 574.3 | AA28: 107.922 | AC28: 67.305 | AE28: 290.505 | AG28: 91.735 | AH28: =SUM(C28:AG28) -> 1762.262 | AQ28: X|
A29: Junio | B29: =SUM(AH29) -> 355.372 | F29: 32.665 | G29: 15.31 | L29: 7.422 | N29: 56.295 | U29: 43.25 | W29: 69.995 | Y29: 45.085 | Z29: 85.35 | AH29: =SUM(C29:AG29) -> 355.372
A30: Julio | B30: =SUM(AH30) -> 283.021 | T30: 1.439 | U30: 104.49 | W30: 159.682 | AC30: 0.08 | AG30: 17.33 | AH30: =SUM(C30:AG30) -> 283.021
A31: Agosto | B31: =SUM(AH31) -> 0.02 | V31: 0.02 | AH31: =SUM(C31:AG31) -> 0.02
A32: Septiembre | B32: =SUM(AH32) -> 28.1 | G32: 0.01 | AB32: 24.635 | AC32: 3.055 | AF32: 0.4 | AH32: =SUM(C32:AG32) -> 28.1
A33: Octubre | B33: =SUM(AH33) -> 6174.975 | H33: 368.61 | I33: 354.205 | J33: 298.16 | K33: 249.7 | L33: 271.62 | M33: 256.83 | Q33: 273.65 | R33: 497.555 | S33: 374.965 | T33: 350.8 | U33: 468.547 | AA33: 0.04 | AC33: 507.27 | AD33: 540.833 | AE33: 395.25 | AF33: 403.49 | AG33: 563.45 | AH33: =SUM(C33:AG33) -> 6174.975
A34: Noviembre | B34: =SUM(AH34) -> 6845.26 | C34: 343.81 | D34: 310.175 | E34: 507.795 | F34: 37.76 | G34: 274.95 | H34: 274.335 | I34: 140.585 | L34: 16.755 | M34: 160.095 | N34: 380.785 | O34: 459.81 | P34: 408.3 | Q34: 384.78 | R34: 104.85 | S34: 228.405 | T34: 303.105 | U34: 313.98 | V34: 127.69 | W34: 314.665 | X34: 92.22 | Y34: 88.66 | Z34: 113.725 | AA34: 355.765 | AB34: 221.18 | AC34: 514.83 | AD34: 166.41 | AE34: 69.835 | AF34: 130.005 | AH34: =SUM(C34:AG34) -> 6845.26
A35: Diciembre | B35: =SUM(AH35) -> 3183.271 | C35: 186.02 | D35: 37.525 | E35: 259.21 | F35: 548.228 | G35: 313.577 | I35: 71.63 | J35: 294.631 | K35: 351.2 | L35: 129.79 | M35: 0.03 | N35: 37.405 | P35: 295.07 | Q35: 195.57 | R35: 215.445 | S35: 215.9 | T35: 6.585 | U35: 25.455 | AH35: =SUM(C35:AG35) -> 3183.271
A36: TOTAL | B36: =SUM(B23:B35) -> 24018.544 | C36: 0 | D36: 0 | E36: 0 | F36: 0 | G36: 0 | H36: 0 | I36: 0 | J36: 0 | K36: 0 | L36: 0 | M36: 0 | N36: 0 | O36: 0 | P36: 0 | Q36: 0 | R36: 0 | S36: 0 | T36: 0 | U36: 0 | V36: 0 | W36: 0 | X36: 0 | Y36: 0 | Z36: 0 | AA36: 0 | AB36: 0 | AC36: 0 | AD36: 0 | AE36: 0 | AF36: 0 | AG36: 0 | AH36: =SUM(AH24:AH35) -> 24018.544
A38: III Región, de Atacama
A39: Mes | B39: Total mes | C39: 1 | D39: 2 | E39: 3 | F39: 4 | G39: 5 | H39: 6 | I39: 7 | J39: 8 | K39: 9 | L39: 10 | M39: 11 | N39: 12 | O39: 13 | P39: 14 | Q39: 15 | R39: 16 | S39: 17 | T39: 18 | U39: 19 | V39: 20 | W39: 21 | X39: 22 | Y39: 23 | Z39: 24 | AA39: 25 | AB39: 26 | AC39: 27 | AD39: 28 | AE39: 29 | AF39: 30 | AG39: 31 | AH39: TOTAL | AI39: Xc | AJ39: =(B52/COUNTIF($C$40:$AG$51,">0")) -> 111.4973
A40: Enero | B40: =+AH40 -> 258.606 | C40: 0 | D40: 0 | E40: 0 | F40: 0 | G40: 0 | H40: 0 | I40: 0 | J40: 0 | K40: 0 | L40: 0 | M40: 0 | N40: 0 | O40: 0 | P40: 0 | Q40: 0 | R40: 0 | S40: 0 | T40: 0 | U40: 0 | V40: 0 | W40: 0 | X40: 0 | Y40: 22.381 | Z40: 25.365 | AA40: 0 | AB40: 0 | AC40: 0 | AD40: 0 | AE40: 0 | AF40: 14 | AG40: 196.86 | AH40: =SUM(C40:AG40) -> 258.606 | AJ40: =+'Res. Global'!J11 -> 5660.292
A41: Febrero | B41: =+AH41 -> 695.36 | C41: 7.765 | D41: 16.8 | E41: 0 | F41: 14.244 | G41: 0 | H41: 0 | I41: 0 | J41: 0 | K41: 0 | L41: 0 | M41: 0 | N41: 0 | O41: 0 | P41: 0 | Q41: 0 | R41: 0 | S41: 0 | T41: 0 | U41: 0 | V41: 0 | W41: 0 | X41: 0 | Y41: 74.13 | Z41: 233.106 | AA41: 210.285 | AB41: 0 | AC41: 94.08 | AD41: 44.95 | AH41: =SUM(C41:AG41) -> 695.36 | AJ41: =+AJ40/AJ39 -> 50.766182
A42: Marzo | B42: =+AH42 -> 4278.602 | C42: 240.81 | D42: 136.7 | E42: 146.743 | F42: 0 | G42: 0 | H42: 7.946 | I42: 0 | J42: 99.726 | K42: 551.981 | L42: 82.14 | M42: 0 | N42: 66.465 | O42: 175.506 | P42: 297.395 | Q42: 208.031 | R42: 0 | S42: 156.06 | T42: 148.307 | U42: 258.815 | V42: 13.745 | W42: 59.383 | X42: 33.36 | Y42: 5.04 | Z42: 0 | AA42: 39.765 | AB42: 30.975 | AC42: 640.435 | AD42: 538.795 | AE42: 204.954 | AF42: 50.35 | AG42: 85.175 | AH42: =SUM(C42:AG42) -> 4278.602
A43: Abril | B43: =+AH43 -> 892.871 | C43: 16.09 | D43: 31.89 | E43: 0 | F43: 0 | G43: 0 | H43: 0 | I43: 0 | J43: 0 | K43: 0 | L43: 0 | M43: 0 | N43: 0 | O43: 0 | P43: 0 | Q43: 0 | R43: 0 | S43: 0 | T43: 0 | U43: 0 | V43: 0 | W43: 0 | X43: 62.445 | Y43: 343.36 | Z43: 69.205 | AA43: 25.796 | AB43: 17.31 | AC43: 0 | AD43: 72.415 | AE43: 172.105 | AF43: 82.255 | AH43: =SUM(C43:AG43) -> 892.871
A44: Mayo | B44: =+AH44 -> 3206.976 | C44: 0 | D44: 0 | E44: 3.985 | F44: 117.94 | G44: 82.59 | H44: 91.794 | I44: 112.59 | J44: 70.334 | K44: 146.021 | L44: 383.312 | M44: 0 | N44: 26.29 | O44: 142.1 | P44: 0 | Q44: 85.08 | R44: 90.675 | S44: 165.355 | T44: 0 | U44: 0 | V44: 146.558 | W44: 130.845 | X44: 134.905 | Y44: 215.913 | Z44: 369.852 | AA44: 17.53 | AB44: 0 | AC44: 239.595 | AD44: 9.55 | AE44: 186.687 | AF44: 141.905 | AG44: 95.57 | AH44: =SUM(C44:AG44) -> 3206.976
A45: Junio | B45: =+AH45 -> 2087.615 | C45: 0 | D45: 0 | E45: 184.802 | F45: 181.035 | G45: 43.755 | H45: 122.095 | I45: 0 | J45: 0 | K45: 0 | L45: 221.35 | M45: 104.84 | N45: 280.81 | O45: 14.063 | P45: 0 | Q45: 0 | R45: 146.615 | S45: 67.131 | T45: 179.645 | U45: 32.78 | V45: 75.38 | W45: 82.602 | X45: 0 | Y45: 54.64 | Z45: 0 | AA45: 64.31 | AB45: 98.637 | AC45: 90.3 | AD45: 42.825 | AE45: 0 | AF45: 0 | AG45: 0 | AH45: =SUM(C45:AG45) -> 2087.615
A46: Julio | B46: =+AH46 -> 580.359 | C46: 0 | D46: 17.565 | E46: 0 | F46: 61.14 | G46: 112 | H46: 0 | I46: 161.67 | J46: 77.075 | K46: 9.114 | L46: 0 | M46: 0 | N46: 0 | O46: 16.14 | P46: 10.505 | Q46: 0 | R46: 0 | S46: 0 | T46: 0 | U46: 0 | V46: 0 | W46: 0 | X46: 0 | Y46: 0 | Z46: 0 | AA46: 0 | AB46: 0 | AC46: 42.69 | AD46: 0 | AE46: 49.225 | AF46: 7.65 | AG46: 15.585 | AH46: =SUM(C46:AG46) -> 580.359
A47: Agosto | B47: =+AH47 -> 0 | AH47: =SUM(C47:AG47) -> 0
A48: Septiembre | B48: =+AH48 -> 0 | AH48: =SUM(C48:AG48) -> 0
A49: Octubre | B49: =+AH49 -> 35.109 | C49: 0 | D49: 0 | E49: 0 | F49: 0 | G49: 0 | H49: 0 | I49: 0 | J49: 0 | K49: 0 | L49: 0 | M49: 0 | N49: 0 | O49: 0 | P49: 0 | Q49: 0 | R49: 0 | S49: 0 | T49: 0 | U49: 0 | V49: 0 | W49: 0 | X49: 0 | Y49: 0 | Z49: 0 | AA49: 0 | AB49: 15.98 | AC49: 6.17 | AD49: 0.15 | AE49: 0.029 | AF49: 12.78 | AG49: 0 | AH49: =SUM(C49:AG49) -> 35.109
A50: Noviembre | B50: =+AH50 -> 6.21 | C50: 0 | D50: 0 | E50: 0 | F50: 6.21 | G50: 0 | H50: 0 | I50: 0 | J50: 0 | K50: 0 | L50: 0 | M50: 0 | N50: 0 | O50: 0 | P50: 0 | Q50: 0 | R50: 0 | S50: 0 | T50: 0 | U50: 0 | V50: 0 | W50: 0 | X50: 0 | Y50: 0 | Z50: 0 | AA50: 0 | AB50: 0 | AC50: 0 | AD50: 0 | AE50: 0 | AF50: 0 | AG50: 0 | AH50: =SUM(C50:AG50) -> 6.21
A51: Diciembre | B51: =+AH51 -> 0 | AH51: =SUM(C51:AG51) -> 0
A52: TOTAL | B52: =SUM(B40:B51) -> 12041.708
A54: IV Región, de Coquimbo
A55: Mes | B55: Total mes | C55: 1 | D55: 2 | E55: 3 | F55: 4 | G55: 5 | H55: 6 | I55: 7 | J55: 8 | K55: 9 | L55: 10 | M55: 11 | N55: 12 | O55: 13 | P55: 14 | Q55: 15 | R55: 16 | S55: 17 | T55: 18 | U55: 19 | V55: 20 | W55: 21 | X55: 22 | Y55: 23 | Z55: 24 | AA55: 25 | AB55: 26 | AC55: 27 | AD55: 28 | AE55: 29 | AF55: 30 | AG55: 31 | AH55: TOTAL
A56: Enero | B56: =+AH56 -> 0 | AH56: =SUM(C56:AG56) -> 0
A57: Febrero | B57: =+AH57 -> 0 | AH57: =SUM(C57:AG57) -> 0
A58: Marzo | B58: =+AH58 -> 0 | AH58: =SUM(C58:AG58) -> 0
A59: Abril | B59: =+AH59 -> 0 | AH59: =SUM(C59:AG59) -> 0
A60: Mayo | B60: =+AH60 -> 0 | AH60: =SUM(C60:AG60) -> 0
A61: Junio | B61: =+AH61 -> 0 | AH61: =SUM(C61:AG61) -> 0
A62: Julio | B62: =+AH62 -> 0 | AH62: =SUM(C62:AG62) -> 0
A63: Agosto | B63: =+AH63 -> 0 | AA63: veda | AB63: veda | AC63: veda | AD63: veda | AE63: veda | AF63: veda | AG63: veda | AH63: =SUM(C63:AG63) -> 0
A64: Septiembre | B64: =+AH64 -> 0 | C64: veda | D64: veda | E64: veda | F64: veda | G64: veda | H64: veda | I64: veda | J64: veda | K64: veda | L64: veda | M64: veda | N64: veda | O64: veda | P64: veda | Q64: veda | R64: veda | S64: veda | T64: veda | U64: veda | V64: veda | W64: veda | X64: veda | Y64: veda | AH64: =SUM(C64:AG64) -> 0
A65: Octubre | B65: =+AH65 -> 0 | AH65: =SUM(C65:AG65) -> 0
A66: Noviembre | B66: =+AH66 -> 0 | AH66: =SUM(C66:AG66) -> 0
A67: Diciembre | B67: =+AH67 -> 0 | AH67: =SUM(C67:AG67) -> 0
A68: TOTAL | B68: =SUM(B56:B67) -> 0
A70: V Región, de Valparaiso
A71: Mes | B71: Total mes | C71: 1 | D71: 2 | E71: 3 | F71: 4 | G71: 5 | H71: 6 | I71: 7 | J71: 8 | K71: 9 | L71: 10 | M71: 11 | N71: 12 | O71: 13 | P71: 14 | Q71: 15 | R71: 16 | S71: 17 | T71: 18 | U71: 19 | V71: 20 | W71: 21 | X71: 22 | Y71: 23 | Z71: 24 | AA71: 25 | AB71: 26 | AC71: 27 | AD71: 28 | AE71: 29 | AF71: 30 | AG71: 31 | AH71: TOTAL
A72: Enero | B72: =+AH72 -> 0 | AH72: =SUM(C72:AG72) -> 0
A73: Febrero | B73: =+AH73 -> 0 | AH73: =SUM(C73:AG73) -> 0
A74: Marzo | B74: =+AH74 -> 0 | AH74: =SUM(C74:AG74) -> 0
A75: Abril | B75: =+AH75 -> 0 | AH75: =SUM(C75:AG75) -> 0
A76: Mayo | B76: =+AH76 -> 0 | AH76: =SUM(C76:AG76) -> 0
A77: Junio | B77: =+AH77 -> 0 | AH77: =SUM(C77:AG77) -> 0
A78: Julio | B78: =+AH78 -> 0 | AH78: =SUM(C78:AG78) -> 0
A79: Agosto | B79: =+AH79 -> 0 | AA79: veda | AB79: veda | AC79: veda | AD79: veda | AE79: veda | AF79: veda | AG79: veda | AH79: =SUM(C79:AG79) -> 0
A80: Septiembre | B80: =+AH80 -> 0 | C80: veda | D80: veda | E80: veda | F80: veda | G80: veda | H80: veda | I80: veda | J80: veda | K80: veda | L80: veda | M80: veda | N80: veda | O80: veda | P80: veda | Q80: veda | R80: veda | S80: veda | T80: veda | U80: veda | V80: veda | W80: veda | X80: veda | Y80: veda | AH80: =SUM(C80:AG80) -> 0
A81: Octubre | B81: =+AH81 -> 0 | AH81: =SUM(C81:AG81) -> 0
A82: Noviembre | B82: =+AH82 -> 0 | AH82: =SUM(C82:AG82) -> 0
A83: Diciembre | B83: =+AH83 -> 0 | AH83: =SUM(C83:AG83) -> 0
A84: TOTAL | B84: =SUM(B72:B83) -> 0
A87: VI Región, de O'higgins
A88: Mes | B88: Total mes | C88: 1 | D88: 2 | E88: 3 | F88: 4 | G88: 5 | H88: 6 | I88: 7 | J88: 8 | K88: 9 | L88: 10 | M88: 11 | N88: 12 | O88: 13 | P88: 14 | Q88: 15 | R88: 16 | S88: 17 | T88: 18 | U88: 19 | V88: 20 | W88: 21 | X88: 22 | Y88: 23 | Z88: 24 | AA88: 25 | AB88: 26 | AC88: 27 | AD88: 28 | AE88: 29 | AF88: 30 | AG88: 31 | AH88: TOTAL | AI88: Xc | AJ88: =(B101/COUNTIF($C$89:$AG$100,">0")) -> #DIV/0!
A89: Enero | B89: =+AH89 -> 0 | C89: VEDA | D89: VEDA | E89: VEDA | F89: VEDA | G89: VEDA | H89: VEDA | I89: VEDA | J89: VEDA | K89: VEDA | L89: VEDA | M89: VEDA | N89: VEDA | O89: VEDA | P89: VEDA | Q89: VEDA | R89: VEDA | S89: VEDA | T89: VEDA | U89: VEDA | V89: VEDA | W89: VEDA | X89: VEDA | Y89: VEDA | Z89: VEDA | AA89: VEDA | AB89: VEDA | AC89: VEDA | AD89: VEDA | AE89: VEDA | AF89: VEDA | AG89: VEDA | AH89: =SUM(C89:AG89) -> 0
A90: Febrero | B90: =+AH90 -> 0 | C90: VEDA | D90: VEDA | E90: VEDA | F90: VEDA | G90: VEDA | H90: VEDA | I90: VEDA | J90: VEDA | K90: VEDA | L90: VEDA | M90: VEDA | N90: VEDA | O90: VEDA | P90: VEDA | Q90: VEDA | R90: VEDA | S90: VEDA | T90: VEDA | U90: VEDA | V90: VEDA | W90: VEDA | X90: VEDA | Y90: VEDA | Z90: VEDA | AA90: VEDA | AB90: VEDA | AC90: VEDA | AD90: VEDA | AE90: VEDA | AF90: VEDA | AG90: VEDA | AH90: =SUM(C90:AG90) -> 0
A91: Marzo | B91: =+AH91 -> 0 | C91: VEDA | D91: VEDA | E91: VEDA | F91: VEDA | G91: VEDA | AH91: =SUM(C91:AG91) -> 0
A92: Abril | B92: =+AH92 -> 0 | AH92: =SUM(C92:AG92) -> 0
A93: Mayo | B93: =+AH93 -> 0 | AH93: =SUM(C93:AG93) -> 0
A94: Junio | B94: =+AH94 -> 0 | AH94: =SUM(C94:AG94) -> 0
A95: Julio | B95: =+AH95 -> 0 | AF95: VEDA | AG95: VEDA | AH95: =SUM(C95:AG95) -> 0
A96: Agosto | B96: =+AH96 -> 0 | C96: VEDA | D96: VEDA | E96: VEDA | F96: VEDA | G96: VEDA | H96: VEDA | I96: VEDA | J96: VEDA | K96: VEDA | L96: VEDA | M96: VEDA | N96: VEDA | O96: VEDA | P96: VEDA | Q96: VEDA | R96: VEDA | S96: VEDA | T96: VEDA | U96: VEDA | V96: VEDA | W96: VEDA | X96: VEDA | Y96: VEDA | Z96: VEDA | AA96: VEDA | AB96: VEDA | AC96: VEDA | AD96: VEDA | AE96: VEDA | AF96: VEDA | AG96: VEDA | AH96: =SUM(C96:AG96) -> 0
A97: Septiembre | B97: =+AH97 -> 0 | C97: VEDA | D97: VEDA | E97: VEDA | F97: VEDA | G97: VEDA | H97: VEDA | I97: VEDA | J97: VEDA | K97: VEDA | L97: VEDA | M97: VEDA | N97: VEDA | O97: VEDA | P97: VEDA | Q97: VEDA | R97: VEDA | S97: VEDA | T97: VEDA | U97: VEDA | V97: VEDA | W97: VEDA | X97: VEDA | Y97: VEDA | Z97: VEDA | AA97: VEDA | AB97: VEDA | AC97: VEDA | AD97: VEDA | AE97: VEDA | AF97: VEDA | AG97: VEDA | AH97: =SUM(C97:AG97) -> 0
A98: Octubre | B98: =+AH98 -> 0 | C98: VEDA | D98: VEDA | E98: VEDA | F98: VEDA | G98: VEDA | H98: VEDA | I98: VEDA | J98: VEDA | K98: VEDA | L98: VEDA | M98: VEDA | N98: VEDA | O98: VEDA | P98: VEDA | Q98: VEDA | R98: VEDA | S98: VEDA | T98: VEDA | U98: VEDA | V98: VEDA | W98: VEDA | AH98: =SUM(C98:AG98) -> 0
A99: Noviembre | B99: =+AH99 -> 0 | AH99: =SUM(C99:AG99) -> 0
A100: Diciembre | B100: =+AH100 -> 0 | L100: VEDA | M100: VEDA | N100: VEDA | O100: VEDA | P100: VEDA | Q100: VEDA | R100: VEDA | S100: VEDA | T100: VEDA | U100: VEDA | V100: VEDA | W100: VEDA | X100: VEDA | Y100: VEDA | Z100: VEDA | AA100: VEDA | AB100: VEDA | AC100: VEDA | AD100: VEDA | AE100: VEDA | AF100: VEDA | AG100: VEDA | AH100: =SUM(C100:AG100) -> 0
A101: TOTAL | B101: =SUM(B89:B100) -> 0 | C101: =SUM(C89:C100) -> 0 | D101: =SUM(D89:D100) -> 0 | E101: =SUM(E89:E100) -> 0 | F101: =SUM(F89:F100) -> 0 | G101: =SUM(G89:G100) -> 0 | H101: =SUM(H89:H100) -> 0 | I101: =SUM(I89:I100) -> 0 | ... AH101: =SUM(AH89:AH100) -> 0
A103: VII Región, de Maule
A104: Mes | B104: Total mes | C104: 1 | D104: 2 | E104: 3 | F104: 4 | G104: 5 | H104: 6 | I104: 7 | J104: 8 | K104: 9 | L104: 10 | M104: 11 | N104: 12 | O104: 13 | P104: 14 | Q104: 15 | R104: 16 | S104: 17 | T104: 18 | U104: 19 | V104: 20 | W104: 21 | X104: 22 | Y104: 23 | Z104: 24 | AA104: 25 | AB104: 26 | AC104: 27 | AD104: 28 | AE104: 29 | AF104: 30 | AG104: 31 | AH104: TOTAL
A105: Enero | B105: =+AH105 -> 0 | C105: VEDA | D105: VEDA | E105: VEDA | F105: VEDA | G105: VEDA | H105: VEDA | I105: VEDA | J105: VEDA | K105: VEDA | L105: VEDA | M105: VEDA | N105: VEDA | O105: VEDA | P105: VEDA | Q105: VEDA | R105: VEDA | S105: VEDA | T105: VEDA | U105: VEDA | V105: VEDA | W105: VEDA | X105: VEDA | Y105: VEDA | Z105: VEDA | AA105: VEDA | AB105: VEDA | AC105: VEDA | AD105: VEDA | AE105: VEDA | AF105: VEDA | AG105: VEDA | AH105: =SUM(C105:AG105) -> 0
A106: Febrero | B106: =+AH106 -> 0 | C106: VEDA | D106: VEDA | E106: VEDA | F106: VEDA | G106: VEDA | H106: VEDA | I106: VEDA | J106: VEDA | K106: VEDA | L106: VEDA | M106: VEDA | N106: VEDA | O106: VEDA | P106: VEDA | Q106: VEDA | R106: VEDA | S106: VEDA | T106: VEDA | U106: VEDA | V106: VEDA | W106: VEDA | X106: VEDA | Y106: VEDA | Z106: VEDA | AA106: VEDA | AB106: VEDA | AC106: VEDA | AD106: VEDA | AE106: VEDA | AF106: VEDA | AG106: VEDA | AH106: =SUM(C106:AG106) -> 0
A107: Marzo | B107: =+AH107 -> 0 | C107: VEDA | D107: VEDA | E107: VEDA | F107: VEDA | G107: VEDA | AC107: VEDA | AD107: VEDA | AE107: VEDA | AF107: VEDA | AG107: VEDA | AH107: =SUM(C107:AG107) -> 0
...

Sheet Resumen RAE S.Común
A2: Resumen RAE Sardina común 2014
A5: V Región, de Valparaíso
A7: Organización | B7: Periodo | C7: Cuota asignada (t) | D7: TRASPASOS | E7: Cuota efectiva (t) | F7: Desembarque (t) | G7: Saldo (t) | H7: Saldo % | I7: Fecha de Cierre
A8: A.G. Armadores Artesanales San Antonio R.A.G. 2510 | B8: Ene-Abr | C8: =4445+1540 -> 5985 | E8: =+C8+D8 -> 5985 | F8: =+SUM('RAE S.común'!B8:B11) -> 6061.911 | G8: =+E8-F8 -> -76.911 | H8: =+G8/E8 -> -0.012850627 | I8: 21 03 2014 / 07 04 2014 24-04-2014 02-05-2014
A9: Pescadores artesanales no afiliados | B9: Ene-Abr | C9: 1278 | E9: =+C9+D9 -> 1278 | F9: =+SUM('RAE S.común'!B24:B27) -> 1255.841 | G9: =+E9-F9 -> 22.159 | H9: =+G9/E9 -> 0.017338811
A10: Total | B10: Ene-Abr | C10: =SUM(C8:C9) -> 7263 | E10: =SUM(E8:E9) -> 7263 | F10: =SUM(F8:F9) -> 7317.752 | G10: =+E10-F10 -> -54.752
A12: Organización | B12: Periodo | C12: Cuota asignada (t) | E12: Cuota efectiva (t) | F12: Desembarque (t) | G12: Saldo (t) | H12: Saldo % | I12: Fecha de Cierre
A13: A.G. Armadores Artesanales San Antonio R.A.G. 2510 | B13: May-Ago | C13: =165+821 -> 986 | E13: =+C13+G8+D13 -> 909.089 | F13: =+SUM('RAE S.común'!B12:B15) -> 633.835 | G13: =+E13-F13 -> 275.254 | H13: =+G13/E13 -> 0.30278004 | I13: Apertura 23 05 2014 | J13: Apertura
A14: Pescadores artesanales no afiliados | B14: May-Ago | C14: =150+757 -> 907 | E14: =+C14+G9+D14 -> 929.159 | F14: =+SUM('RAE S.común'!B28:B31) -> 1807.874 | G14: =+E14-F14 -> -878.715 | H14: =+G14/E14 -> -0.94571005 | I14: 41771
A15: Total | B15: May-Ago | C15: =SUM(C13:C14) -> 1893 | E15: =+C15+G10 -> 1838.248 | F15: =SUM(F13:F14) -> 2441.709 | G15: =+E15-F15 -> -603.461
A17: Organización | B17: Periodo | C17: Cuota asignada (t) | E17: Cuota efectiva (t) | F17: Desembarque (t) | G17: Saldo (t) | H17: Saldo % | I17: 2
A18: A.G. Armadores Artesanales San Antonio R.A.G. 2510 | B18: Sep-Dic | C18: 83 | E18: =+C18+G13+D18 -> 358.254 | F18: =+SUM('RAE S.común'!B16:B19) -> 293.56 | G18: =+E18-F18 -> 64.694 | H18: =+G18/E18 -> 0.18058138 | K18: =+J18-135 -> -135
A19: Pescadores artesanales no afiliados | B19: Sep-Dic | C19: 75 | E19: =+C19+G14+D19 -> -803.715 | F19: =+SUM('RAE S.común'!B32:B35) -> 0 | G19: =+E19-F19 -> -803.715 | H19: =+G19/E19 -> 1
A20: Total | B20: Sep-Dic | C20: =SUM(C18:C19) -> 158 | E20: =+C20+G15 -> -445.461 | F20: =SUM(F18:F19) -> 293.56 | G20: =+E20-F20 -> -739.021
A22: VII Región, deL Maule
A24: Organización | B24: Periodo | C24: Cuota asignada (t) | D24: TRASPASOS | E24: Cuota efectiva (t) | F24: Desembarque (t) | G24: Saldo (t) | H24: Saldo % | I24: Fecha de Cierre
A25: STI:.de Pescadores "Pelágicos del Maule" Constitución, R.S.U. N° 07050150 | B25: Ene-Abr | C25: 1478.606 | E25: =+C25+D25 -> 1478.606 | F25: =+SUM('RAE S.común'!B41:B44) -> 1039.118 | G25: =+E25-F25 -> 439.488 | H25: =+G25/E25 -> 0.29723131
A26: STI. AGUA LIMPIA RSU. N° 07050118 | B26: Ene-Abr | C26: 17.143 | E26: =+C26+D26 -> 17.143 | F26: =+SUM('RAE S.común'!B57:B60) -> 0 | G26: =+E26-F26 -> 17.143 | H26: =+G26/E26 -> 1
A27: Cuota Residual | B27: Ene-Abr | C27: 91.251 | E27: =+C27 -> 91.251 | F27: =+SUM('RAE S.común'!B73:B76) -> 0 | G27: =+E27-F27 -> 91.251 | H27: =G27/E27 -> 1
A28: Total | B28: Ene-Abr | C28: =SUM(C25:C27) -> 1587 | E28: =SUM(E25:E27) -> 1587 | F28: =SUM(F25:F27) -> 1039.118 | G28: =+E28-F28 -> 547.882
A30: Organización | B30: Periodo | C30: Cuota asignada (t) | E30: Cuota efectiva (t) | F30: Desembarque (t) | G30: Saldo (t) | H30: Saldo % | I30: Fecha de Cierre
A31: STI:.de Pescadores "Pelágicos del Maule" Constitución, R.S.U. N° 07050150 | B31: May-Ago | C31: 211.254 | E31: =+C31+G25 -> 650.742 | F31: =+SUM('RAE S.común'!B45:B48) -> 311.153 | G31: =+E31-F31 -> 339.589 | H31: =+G31/E31 -> 0.5218489
A32: STI. AGUA LIMPIA RSU. N° 07050118 | B32: May-Ago | C32: 2.016 | E32: =+C32+G26 -> 19.159 | F32: =+SUM('RAE S.común'!B61:B64) -> 0 | G32: =+E32-F32 -> 19.159 | H32: =+G32/E32 -> 1
A33: Cuota Residual | B33: May-Ago | C33: 10.73 | E33: =+C33+G27 -> 101.981 | F33: =+SUM('RAE S.común'!B77:B80) -> 0 | G33: =+E33-F33 -> 101.981 | H33: =+G33/E33 -> 1
A34: Total | B34: May-Ago | C34: =SUM(C31:C33) -> 224 | E34: =+C34+G28 -> 771.882 | F34: =SUM(F31:F33) -> 311.153 | G34: =+E34-F34 -> 460.729
A36: Organización | B36: Periodo | C36: Cuota asignada (t) | E36: Cuota efectiva (t) | F36: Desembarque (t) | G36: Saldo (t) | H36: Saldo % | I36: Fecha de Cierre
A37: STI:.de Pescadores "Pelágicos del Maule" Constitución, R.S.U. N° 07050150 | B37: Sep-Dic | C37: 105.627 | E37: =+C37+G31 -> 445.216 | F37: =+SUM('RAE S.común'!B49:B52) -> 145.198 | G37: =+E37-F37 -> 300.018 | H37: =+G37/E37 -> 0.67387066
A38: STI. AGUA LIMPIA RSU. N° 07050118 | B38: Sep-Dic | C38: 1.008 | E38: =+C38+G32 -> 20.167 | F38: =+SUM('RAE S.común'!B65:B68) -> 0 | G38: =+E38-F38 -> 20.167 | H38: =+G38/E38 -> 1
A39: Cuota Residual | B39: Sep-Dic | C39: 5.365 | E39: =+C39+G33 -> 107.346 | F39: =+SUM('RAE S.común'!B81:B84) -> 207.631 | G39: =+E39-F39 -> -100.285 | H39: =+G39/E39 -> -0.93422205
A40: Total | B40: Sep-Dic | C40: =SUM(C37:C39) -> 112 | E40: =+C40+G34 -> 572.729 | F40: =SUM(F37:F39) -> 352.829 | G40: =+E40-F40 -> 219.9
K41: elemn
A42: VIII Región, del Bio Bio | L42: insertar aquí
A43: Organización | B43: Periodo | C43: Cuota asignada (t) | D43: traspaso | E43: Cuota efectiva (t) | F43: Desembarque (t) | G43: Saldo (t) | H43: Saldo % | I43: Fecha de Cierre | L43: desembarque
A44: Agrupación de Armadores y Pescadores Pelágicos de Caleta Tubul, Registro de Organización Comunitaria Funcional 478-2007 | B44: Ene-Ago | C44: 793 | E44: =+C44+D44 -> 793 | F44: =26.06+80.32+2.64+13.47+60.18+62.4+68.32+62.59-14.64+14.2+13.75+41.69+49.2+52.25+28.42+0.004+67.485+15.116+59.944 -> 703.399 | G44: =+E44-F44 -> 89.601 | H44: =+G44/E44 -> 0.11298991 | J44: 1 | K44: =+L44-F44 -> 0 | L44: 703.399
A45: ¿+¿ | B45: Ene-Ago | C45: 3232 | E45: =+C45+D45 -> 3232 | F45: =66.7+132.89+139.53+317.27+131.42+124.59+217.06+165.52+118.91+41.5+125.44+16.1+44.52+61.28+56.93+33.78+17.1+14.14+33.63+70.19+58.16+37.35+33.83+0.005+17.18+76.635+50.13+81.701+62.726+19.671+27.16+37.561 -> 2430.609 | G45: =+E45-F45 -> 801.391 | H45: =+G45/E45 -> 0.24795514 | J45: 2 | K45: =+L45-F45 -> 0 | L45: 2430.609
A46: Asociación de Armadores, Pescadores Artesanales y Actividades Afines de la Octava Región, Asociación Gremial ARPESCA A.G., R.A.G. 429-8 | B46: Ene-Ago | C46: 3211 | E46: =+C46+D46 -> 3211 | F46: =75.64+218.34+202+75.94+223.33+162.33+157.11+202.975+275.64+379.78+95.073+138.105+55.099+325.805+5.748+142.989+0.379-1015.993+79.555+94.191+59.899+4.333-224.423+63.395+185.77-262.72+55.967+137.515+42.334+80.024+58.545+75.33+52.45+73.89+46.163+12.33 -> 2354.838 | G46: =+E46-F46 -> 856.162 | H46: =+G46/E46 -> 0.26663407 | J46: 3 | K46: =+L46-F46 -> 0 | L46: 2354.838
A47: A.G. Armadores Artesanales Pelágico Coronel-Lota del Bío Bío, ARPES BIO BIO A.G., R.A.G. 445-8 | B47: Ene-Ago | C47: 12788 | E47: =+C47+D47 -> 12788 | F47: =549.765+380.877+1537.52+525.261+510.651+289.205+496.982+256.641+425.861+866.656+341.482+666.301+139.62+317.984+78.965+418.51+25.187+76.592+65.529+21.216+37.063+2.686+244.985+7.782+155.609+83.246+240.9+29.252+127.622+2.95+180.025+69.082+103.15+194.216+108.393+71.969+28.09+168.318+163.197+136.314+154.443+458.926+455.271+65.018+203.58+97.495+29.878 -> 11610.265 | G47: =+E47-F47 -> 1177.735 | H47: =+G47/E47 -> 0.092096888 | I47: 22 07 2014 | J47: 4 | K47: =+L47-F47 -> 0 | L47: 11610.265
A48: A.G. Armadores y Pescadores Artesanales, SIARPAR A.G., R.A.G. 448-8 | B48: Ene-Ago | C48: 0 | E48: =+C48+D48 -> 0 | G48: =+E48-F48 -> 0 | H48: =+G48/E48 -> #DIV/0! | J48: 5 | K48: =+L48-F48 -> 0 | L48: 0
A49: A.G. de Armadores Artesanales - ARMAR A.G., R.A.G. 384-8 | B49: Ene-Ago | C49: 9563 | E49: =+C49+D49 -> 9563 | F49: =533.136+193.789+1040.699+403.043+426.534+77.018+804.11+290.23+566.914+405.198+207.062+113.495+81.297+380.011+81.517+95.824+0.947+58.975+130.696+37.293+17.043+79.438+2.996+132.63+0.116+63.505+226.241+71.7+83.88+95.245+5.105+64.29+4.65+94.49+9.516+50.125+20.258+332.544+298.808+36.123+7.946+4.116+52.555 -> 7681.108 | G49: =+E49-F49 -> 1881.892 | H49: =+G49/E49 -> 0.19678887 | J49: 6 | K49: =+L49-F49 -> 0 | L49: 7681.108
A50: A.G. de Armadores Artesanales y Productores Pelágicos de la Caleta el Morro de Talcahuano - AGEMAPAR, R.A.G. 376-8 | B50: Ene-Ago | C50: 8995 | E50: =+C50+D50 -> 8995 | F50: =207.324+463.102+4.267+84.782+325.155+348.317+1195.332+150.691+272.8+213.507+245.91+323.319+229.24+503.062+201.693+249.909+69.525+5.323+89.005+106.881+3.524+127.225+9.382+148.281+76.531+5.359+105.073+12.723+167.449+31.771+103.691+37.063+3.992+15.667+86.135+1.34+3.388+65.08+108.174+312.633+95.822+143.301+35.013+53.003+81.272+40.641+100.941+191.937+142.441+204.046-29.415+95.767+304.369+139.064+42.352+41.185 -> 8395.364 | G50: =+E50-F50 -> 599.636 | H50: =+G50/E50 -> 0.066663257 | J50: 7 | K50: =+L50-F50 -> 0 | L50: 8395.364
A51: A.G. de Armadores y Productores Pelágicos Artesanales de la Octava Región - ARPROPELAR A.G., R.A.G. 353-8 | B51: Ene-Ago | C51: 0 | E51: =+C51+D51 -> 0 | G51: =+E51-F51 -> 0 | H51: =+G51/E51 -> #DIV/0! | J51: 8 | K51: =+L51-F51 -> 0 | L51: 0
A52: A.G. de Pequeños Armadores, Pescadores y Tripulantes - ITALMAR A.G., R.A.G. 392-8 | B52: Ene-Ago | C52: 2503.83 | E52: =+C52+D52 -> 2503.83 | F52: =100.89+216.78+35.26+77.34+121.35+101.07+307.73+102.3+107.85+108.75+75.52+93.93+260.64+51.62+59.73+48.97+43.27+0.28+53.4+27.2+5.79+21.86+34.45+41.79+86.015+78.389+82.955+95.787+62.915 -> 2503.831 | G52: =+E52-F52 -> -0.001 | H52: =+G52/E52 -> -3.9938814e-07 | I52: 14 07 2014 | J52: 9 | K52: =+L52-F52 -> 0 | L52: 2503.831
A53: A.G. de Pescadores Artesanales de caleta INFIERNILLO, R.A.G. 98-8 | B53: Ene-Ago | C53: 0 | E53: =+C53+D53 -> 0 | G53: =+E53-F53 -> 0 | H53: =+G53/E53 -> #DIV/0! | J53: 10 | K53: =+L53-F53 -> 0 | L53: 0
A54: A.G. de Pescadores Artesanales de Coronel, R.A.G. 5-08 | B54: Ene-Ago | C54: 27337 | E54: =+C54+D54 -> 27337 | F54: =265.23+3038.435+112.947+835.228+1407.177+1102.776+2815.898+618.894+1084.194+1394.498+1455.944+514.579+762.995+1107.408+657.649+694.704+372.167+539.07+507.094+515.216+108.713+192.722+27.399+9.136+6.423+8.151+395.884+40.116+123.592+43.145+171.727+197.992+184.401+8.688+276.088+199.922+86.165+82.506+7.313+147.025+59.22+16.985+50.6565+238.571+121.934+524.462+383.543+61.295+151.771+116.27+50.643+75.597-53.137 -> 23917.022 | G54: =+E54-F54 -> 3419.9785 | H54: =+G54/E54 -> 0.12510438 | J54: 11 | K54: =+L54-F54 -> 0.00049999999 | L54: 23917.022
A55: A.G. de Pescadores Artesanales de Lota - A.G. APESCA Lota, R.A.G. 428-8 | B55: Ene-Ago | C55: 1465 | E55: =+C55+D55 -> 1465 | F55: =48.37+12.95+117.57+117.54+0.14+34.86+9.86+138.02+5.42+7.41+39.16+24.77+6.58+3.45+0.004+1.419 -> 567.523 | G55: =+E55-F55 -> 897.477 | H55: =+G55/E55 -> 0.61261229 | J55: 12 | K55: =+L55-F55 -> 0 | L55: 567.523
A56: A.G. de Pescadores Artesanales de San Vicente – Talcahuano, R.A.G. 18-8 | B56: Ene-Ago | C56: 4010 | E56: =+C56+D56 -> 4010 | F56: =12.2+23.1+5.11+293.415+236.856+713.504+253.044+261.175+262.174+241.191+202.002+300.76+480.841+115.329+233.911+20.076+1.132+70.721+25.931+107.024+43.208+13.595+61.532-10.296 -> 3967.535 | G56: =+E56-F56 -> 42.465 | H56: =+G56/E56 -> 0.010589776 | I56: 17 07 2014 | J56: 13 | K56: =+L56-F56 -> 0 | L56: 3967.535
A57: A.G. de Pescadores Artesanales, VIII Región- AGREPESCA A.G., R.A.G. N° 396-8 | B57: Ene-Ago | C57: 0 | E57: =+C57+D57 -> 0 | G57: =+E57-F57 -> 0 | H57: =+G57/E57 -> #DIV/0! | J57: 14 | K57: =+L57-F57 -> 0 | L57: 0
A58: A.G. de Pescadores y Armadores Artesanales Pelágicos de la Región del Bío Bío, PESCA MAR A.G., R.A.G. 450-8 | B58: Ene-Ago | C58: 9428 | E58: =+C58+D58 -> 9428 | F58: =469.131+116.88+1581.336+183.166+566.096+125.04+927.698+375.269+585.691+489.088+603.952+359.319+191.315+14.523+208.154+82.701+1.226+4.213+1.044+23.871+53.585+31.89+71.89+4.679+157.562+6.31+82.589+102.218-151.016+5.78+66.736+72.332+12.269+63.66+401.196-53.162-143.915-45.442 -> 7648.874 | G58: =+E58-F58 -> 1779.126 | H58: =+G58/E58 -> 0.18870662 | J58: 15 | K58: =+L58-F58 -> 45.442 | L58: 7694.316
A59: A.G. de Productores Pelágicos Artesanales de las Caletas de Talcahuano y San Vicente de la VIII Región GEMAR A.G., R.A.G. 464-8 | B59: Ene-Ago | C59: 8729 | E59: =+C59+D59 -> 8729 | F59: =48.44+229.7+22.64+26.27+343.01+193.64+769.58+3.97+282.58+368.61+226.73+240.545+233.61+321.393+148.353+139.552+615.469+803.614+1.653+109.191+16.443+64.243+9.788+24.453+5.391+1.245-1.653+106.758+109.889+169.853+46.561+96.05 -> 5777.571 | G59: =+E59-F59 -> 2951.429 | H59: =+G59/E59 -> 0.33811765 | J59: 16 | K59: =+L59-F59 -> 0 | L59: 5777.571
A60: A.G. Productores Pelágicos, Armadores Artesanales de la Comuna de Coronel, VIII Región, ARPESCA A.G., R.A.G. 447-8 | B60: Ene-Ago | C60: 13615 | E60: =+C60+D60 -> 13615 | F60: =154.64+10.43+19.42+741.11+524.74+1020.49+249.07+664.81+585.51+660.51+141.23+924.26+541.66+296.2+478.01+453.73+200.86+347.78+197.4+79.26+63.63+53.73+18.75+59.94+78.02+70.75+1.85+85.58+0.081+68.826+79.15+74.43+33.049+99.839+26.705+166.059+66.965+122.569+344.205+316.149+16.206+24.92+30.861 -> 10193.384 | G60: =+E60-F60 -> 3421.616 | H60: =+G60/E60 -> 0.25131223 | J60: 17 | K60: =+L60-F60 -> 0 | L60: 10193.384
A61: Cooperativa de Pescadores Pelilleros Isla Santa María Ltda., Registro de Cooperativa Rol 1826 | B61: Ene-Ago | C61: 228 | E61: =+C61+D61 -> 228 | F61: =14.93+115.31+15.76+28.75+13.2+40.48-0.003 -> 228.427 | G61: =+E61-F61 -> -0.427 | H61: =+G61/E61 -> -0.001872807 | I61: 14 03 2014 / Apertura 07 04 2014 | J61: 18 | K61: =+L61-F61 -> 0 | L61: 228.427
A62: Cooperativa de Pescadores y Armadores Artesanales de Lota o GEVIMAR, Registro de Cooperativa Rol 4465 | B62: Ene-Ago | C62: 5122 | E62: =+C62+D62 -> 5122 | F62: =178.399+284.959+818.306+208.572+247.859+461.328+159.3+401.148+407.688+242.808+314.939+211.06+163.796+220.312+49.28+7.461+20.265+75.905+42.048+86.545+81.864-20.021 -> 4663.821 | G62: =+E62-F62 -> 458.179 | H62: =+G62/E62 -> 0.089453143 | I62: 10 07 2014 | J62: 19 | K62: =+L62-F62 -> 0 | L62: 4663.821
A63: Sindicato de Pescadores Artesanales Lo Rojas y Caletas Anexas del Golfo de Arauco , R.S.U. 08.07.0307 | B63: Ene-Ago | C63: 6532 | E63: =+C63+D63 -> 6532 | F63: =180.61+84.275+19.953+60.755+424.254+148.81+916.544+301.31+311.88+720.364+482.689+451.189+282.783+325.49+138.663+79.28+359.825+68.566+476.633+12.01+121.19+58.551+66.23+53.075+25.148+68.785+34.49+80.932+17.214 -> 6371.498 | G63: =+E63-F63 -> 160.502 | H63: =+G63/E63 -> 0.024571647 | J63: 20 | K63: =+L63-F63 -> 0 | L63: 6371.498
A64: Sindicato de Pescadores Artesanales y Armadores Artesanales de la Octava Región, SPAADA SD, R.S.U. 08.05.0339 | B64: Ene-Ago | C64: =11960+300 -> 12260 | E64: =+C64+D64 -> 12260 | F64: =78.19+211.85+6.57+63.19+810.905+446.735+1406.54+425.888+589.071+660.099+890.434+529.79+294.162+618.675+228.831+437.436+123.646+311.469+319.985+167.802+191.689+73.99+19.597+60.983+145.911+69.979+39.973+211.764+46.157+6.042+68.29+96.434+20.596+10.44+39+72.55+80.153+12.17+13.38+61.065+224.379+64.658+40.633+77.16+51.7+147.875+190.496+189.61+75.9+37.685 -> 11061.527 | G64: =+E64-F64 -> 1198.473 | H64: =+G64/E64 -> 0.097754731 | J64: 21 | K64: =+L64-F64 -> 0 | L64: 11061.527
A65: Sindicato de Pescadores Artesanales, Armadores Pelágicos y Actividades Conexas de la Caleta Vegas de Coliumo, R.S.U. 08.06.0113 | B65: Ene-Ago | C65: 2476 | E65: =+C65+D65 -> 2476 | F65: =144.73+426.82+142.11+57.46+55.22+155.2+130.96+136.72+70.56+152+10.86+24.79+88.25+0.42+61.12+109.58+66.1+73.86+7.74+63.01+15.77+79.19+35.079+12.986+9.541+57.81+12.87 -> 2200.756 | G65: =+E65-F65 -> 275.244 | H65: =+G65/E65 -> 0.11116478 | J65: 22 | K65: =+L65-F65 -> 0 | L65: 2200.756
A66: Sindicato de Pescadores y Armadores Artesanales del Mar, SIPARMAR, R.S.U. 08.05.0399 | B66: Ene-Ago | C66: 10097 | E66: =+C66+D66 -> 10097 | F66: =29.06+180.84+19.42+216.99+509.77+448+1444.61+164.23+520.07+339.91+256.28+307.77+444.1+388.96+554.14+212.09+195.74+178.89+149.95+133.8+126.37+124.66+209.94+245.39+73.04+22.52+202.43+81.82+43.34+62.153+156.5+123.7+185.962+63.317+46.83-0.327+227.2+124.773+50.886+16.549+66.66+44.095+85.497+29.514+69.732 -> 9177.171 | G66: =+E66-F66 -> 919.829 | H66: =+G66/E66 -> 0.091099237 | I66: 02 07 2014 | J66: 23 | K66: =+L66-F66 -> 0 | L66: 9177.171
A67: Sindicato de Pescadores y Trabajadores Independientes "Brisas del Mar", R.S.U. 08.04.0115 | B67: Ene-Ago | C67: 585.18 | E67: =+C67+D67 -> 585.18 | F67: =171.25+9.78+24.58+88.23+25.34+89.82+40.48+68.98+6.09+7.03+26.68+2.03+36.52-0.002 -> 596.808 | G67: =+E67-F67 -> -11.628 | H67: =+G67/E67 -> -0.019870809 | I67: 26 03 2014 | J67: 24 | K67: =+L67-F67 -> 0 | L67: 596.808
A68: S.T.I. Armadores Pescadores Artesanales Buzos Mariscadores, Algueros Acuicultores y Actividades Conexas de la Región del Bío Bío (PESCA BIO BIO), R.S.U. 08.05.0532 | B68: Ene-Ago | C68: 178 | E68: =+C68+D68 -> 178 | F68: =21.17+59.25+1.79+9.99+26.5+33.73+15.17+10.77-0.002 -> 178.368 | G68: =+E68-F68 -> -0.368 | H68: =+G68/E68 -> -0.0020674157 | J68: 25 | K68: =+L68-F68 -> 0 | L68: 178.368
A69: S.T.I. Armadores Pescadores del Mar "SIARPEMAR", R.S.U. 08.05.0459. | B69: Ene-Ago | C69: 2228 | E69: =+C69+D69 -> 2228 | F69: =84.08+420.65+21.94+94.81+33.35+39.87+92.24+105.3+63.6+92.91+39.12+2.12+29.53+127.86+15.66+10.14+42.549+58.313+4.045+23.977+161.08-0.288+24.333+35.675+8.325+38.59+3.479+82.397+57.42+42.853+44.469+16+34.54+41.915+15.39+53.036-102.728 -> 1958.55 | G69: =+E69-F69 -> 269.45 | H69: =+G69/E69 -> 0.12093806 | J69: 26 | K69: =+L69-F69 -> 102.728 | L69: 2061.278
A70: S.T.I. Armadores, Pescadores y Ramos Afines de la Pesca Artesanal de la Región del Bio-Bio, SARPAR BIO-BIO, R.S.U. 08.05.0378 | B70: Ene-Ago | C70: 1598 | E70: =+C70+D70 -> 1598 | F70: =115.45+72.93+264.46+135.33+149.99+77.56+123.94+141.36+147.13+76.92+51.44+14.71+5.19+50.42+31.09 -> 1457.92 | G70: =+E70-F70 -> 140.08 | H70: =+G70/E70 -> 0.087659574 | J70: 27 | K70: =+L70-F70 -> 0 | L70: 1457.92
A71: S.T.I. Armadores, Pescadores y Ramos Afines de la Pesca Artesanal Lo Rojas "SITRAL", R.S.U. 08.07.0322 | B71: Ene-Ago | C71: 2103 | E71: =+C71+D71 -> 2103 | F71: =14.02+991.88+88.77+286.5+20.75+106.015+163.534+106.483+25.987+66.152-104.373+23.157+78.21+1.519+21.164+3.081+0.581+2.014+2.366+2.702+15.034+13.158+1.736 -> 1930.44 | G71: =+E71-F71 -> 172.56 | H71: =+G71/E71 -> 0.082054208 | I71: 28 03 2014 / apertura 07 04 2014 | J71: 28 | K71: =+L71-F71 -> 0 | L71: 1930.44
A72: S.T.I. de Armadores y Pescadores Artesanales y Ramas afines, R.S.U. 08.05.0512 | B72: Ene-Ago | C72: 2005 | E72: =+C72+D72 -> 2005 | F72: =64.88+287.37+68.88+124.308+94.872+137.211+135.872+159.29+109.928+91.557+4.977+70.282+56.79+32.592+76.58+8.666+0.83+67.536+35.383+49.676+32.441+10.005+20.231+19.29+19.939 -> 1779.386 | G72: =+E72-F72 -> 225.614 | H72: =+G72/E72 -> 0.11252569 | J72: 29 | K72: =+L72-F72 -> 0 | L72: 1779.386
A73: S.T.I. de Buzos asistentes, Armadores, Pescadores Artesanales Hermandad de la Costa, R.S.U. 08.05.0404 | B73: Ene-Ago | C73: 0 | E73: =+C73+D73 -> 0 | G73: =+E73-F73 -> 0 | H73: =+G73/E73 -> #DIV/0! | J73: 30 | K73: =+L73-F73 -> 0 | L73: 0
A74: S.T.I. de la Pesca Artesanal, Armadores Artesanales Pelágicos Actividades Afines y Actividades Conexas de la Comuna de Talcahuano, MAR AZUL, R.S.U. 08.05.0434 | B74: Ene-Ago | C74: 3163 | E74: =+C74+D74 -> 3163 | F74: =225.09+175.49+416.68+202.27+61.63+246.74+218.98+227.76+209.27+226.88+117.76+231.55+49.06+18.74+9.72+1.47+39.67+44.22+68.08+2.33+27.08+9.936 -> 2830.406 | G74: =+E74-F74 -> 332.594 | H74: =+G74/E74 -> 0.10515144 | J74: 31 | K74: =+L74-F74 -> 0 | L74: 2830.406
A75: S.T.I. de la Pesca Artesanal, Armadores Artesanales Pelágicos, Pescadores Artesanales propiamente tales y actividades Conexas de Caleta San Vicente "Sindicato Tsunami", R.S.U. 08.05.0428 | B75: Ene-Ago | C75: 4847 | E75: =+C75+D75 -> 4847 | F75: =49.59+275.7+248.57+793.419+213.122+180.208+200.413+281.564+157.917+265.194+249.695+143.569+112.337+32.852+390.816+35.612+96.933+63.03+64.37+50.53+137.929 -> 4043.37 | G75: =+E75-F75 -> 803.63 | H75: =+G75/E75 -> 0.16579946 | I75: 14 07 2014 | J75: 32 | K75: =+L75-F75 -> 0 | L75: 4043.37
A76: S.T.I. de Pescadores Artesanales Caleta Lo Rojas, R.S.U. 08.07.0287. | B76: Ene-Ago | C76: 183 | E76: =+C76+D76 -> 183 | F76: =12.415+52.885+46.599+17.785+13.599+31.23-31.23 -> 143.283 | G76: =+E76-F76 -> 39.717 | H76: =+G76/E76 -> 0.21703279 | J76: 33 | K76: =+L76-F76 -> 0 | L76: 143.283
A77: S.T.I. de Pescadores Artesanales Merluceros y Afines de Caleta Lo Rojas, R.S.U. 08.07.0227 | B77: Ene-Ago | C77: 197 | E77: =+C77+D77 -> 197 | F77: =93.52+27.09+29.86+15.92+8.09+16.5+5.91-0.001 -> 196.889 | G77: =+E77-F77 -> 0.111 | H77: =+G77/E77 -> 0.00056345178 | I77: 41768 | J77: 34 | K77: =+L77-F77 -> 0 | L77: 196.889
A78: S.T.I. de Pescadores Artesanales, Armadores Artesanales Pelágicos Actividades Afines y Actividades Conexas de la Caleta de San Vicente de la Comuna de Talcahuano, SIPARMARCEA, R.S.U. 08.05.0430 | B78: Ene-Ago | C78: 5775 | E78: =+C78+D78 -> 5775 | F78: =59.03+353.94+133.4+924.565+124.385+385.661+244.029+293.122+100+136.483+107.356+324.39+102.792+286.127+150.323+476.267+379.675+0.264+138.541+19.851+68.48+64.32+102.284+123.761+101.596 -> 5200.642 | G78: =+E78-F78 -> 574.358 | H78: =+G78/E78 -> 0.099455931 | J78: 35 | K78: =+L78-F78 -> 0 | L78: 5200.642
A79: S.T.I. Pescadores Armadores y Ramos Afines de la Pesca Artesanal, APAT, R.S.U. 08.05.0380 | B79: Ene-Ago | C79: 1168 | E79: =+C79+D79 -> 1168 | F79: =0.045+100.719+205.48+197.452+194.067+138.308+84.419+111.503+55.897-0.09 -> 1087.8 | G79: =+E79-F79 -> 80.2 | H79: =+G79/E79 -> 0.068664384 | J79: 36 | K79: =+L79-F79 -> 0.09 | L79: 1087.89
A80: S.T.I. Pescadores Artesanales de Caleta Tumbes - Talcahuano, R.S.U. 08.05.0057 | B80: Ene-Ago | C80: 9333 | E80: =+C80+D80 -> 9333 | F80: =143.12+603.32+56.74+146.86+661.62+541.67+1464.14+770.32+149.99+598.37+796.01+724.07-43.08+201.89+520.56+71.49+20.26+3.98+104.98+105.03+26.7+0.48+16.41+9.66+43.5+0.247+45.271+17.51 -> 7801.118 | G80: =+E80-F80 -> 1531.882 | H80: =+G80/E80 -> 0.16413608 | I80: 31 03 2014 / apertura 07 04 2014 | J80: 37 | K80: =+L80-F80 -> 0 | L80: 7801.118
A81: S.T.I. Pescadores Artesanales Históricos de Talcahuano, SPARHITAL, R.S.U. 08.05.0382 | B81: Ene-Ago | C81: 2025 | E81: =+C81+D81 -> 2025 | F81: =117.324+236.05+104.935+19.82+104.021+88.971+18.37+92.953+82.403+46.39+93.991+67.097+56.648+67.531+30.233+49.087+40+7.634+46.46+56.858+7.198+61.465+18.275+76.48+72.36+48.07+34.86+17.922+62.482+41.416+6.23+34.85+36.67+13.38+24.82 -> 1983.254 | G81: =+E81-F81 -> 41.746 | H81: =+G81/E81 -> 0.020615309 | J81: 38 | K81: =+L81-F81 -> 0 | L81: 1983.254
A82: S.T.I. Pescadores Artesanales Península de Tumbes, R.S.U. 08.05.0391 | B82: Ene-Ago | C82: 5017 | E82: =+C82+D82 -> 5017 | F82: =63.06+51.51+0.23+267.93+289.65+146.36+687.4+329.96+199.72+461.63+439.75+282.71+64.51+403.34+189.03+189.41+85.47+2.94+83.4+70.06+35.85+8.19+24.66+0.002+11.33+44.562+3.357+80.23+57.879+40.434+29.415+168.816+90.03+43.74-238.063-80.413 -> 4628.089 | G82: =+E82-F82 -> 388.911 | H82: =+G82/E82 -> 0.077518637 | J82: 39 | K82: =+L82-F82 -> 0 | L82: 4628.089 | M82: 4628.089
A83: S.T.I. Pescadores Artesanales, Armadores y Actividades Conexas Tome Los Bagres, R.S.U. 08.06.0024 | B83: Ene-Ago | C83: 0 | E83: =+C83+D83 -> 0 | G83: =+E83-F83 -> 0 | H83: =+G83/E83 -> #DIV/0! | J83: 40 | K83: =+L83-F83 -> 0 | L83: 0
A84: S.T.I. Pescadores Artesanales, Armadores, Patrones y Tripulantes de Pesca Artesanal y Actividades Conexas de la Caleta Cocholgüe de la Comuna de Tomé VIII Región, R.S.U. 08.0601.06. | B84: Ene-Ago | C84: 659 | E84: =+C84+D84 -> 659 | F84: =136.01+377.17+5.92+49.36+43.17+8.06+90.03+14.5+13.87+0.003 -> 738.093 | G84: =+E84-F84 -> -79.093 | H84: =+G84/E84 -> -0.12001973 | I84: 41768 | J84: 41 | K84: =+L84-F84 -> 0 | L84: 738.093
A85: S.T.I. Pescadores Artesanales, Buzos Mariscadores y Actividades Conexas del Puerto de Coronel de la VIII Región y del Golfo de Arauco, SIPARBUMAR R.S.U. 08.07.0183 | B85: Ene-Ago | C85: 9316 | E85: =+C85+D85 -> 9316 | F85: =89.488+948.656+92.103+313.893+598.896+395.019+1149.51+138.801+508.479+467.329+398.461+268.711+263.845+445.623+144.247+133.246+112.352+357.055+120.078+219.04+2.199+66.06+36.364+33.406+42.59+117.52+22.854-0.002+128.05+283.425+13.47+18.745+38.076+60.345+67.261+84.087+44.837+21.901+19.123+66.04 -> 8331.183 | G85: =+E85-F85 -> 984.817 | H85: =+G85/E85 -> 0.10571243 | J85: 42 | K85: =+L85-F85 -> 0 | L85: 8331.183
A86: S.T.I. Pescadores Artesanales, Lancheros, Acuicultores y Actividades Conexas de Caleta Lota Bajo, R.S.U. 08.07.0106 | B86: Ene-Ago | C86: 6482 | E86: =+C86+D86 -> 6482 | F86: =17.62+255.71+162.19+396.49+313.49+1014.08+281.8+255.35+273.665+268.238+205.129+119.598+628.522+181.45+366.586+127.75+1.936+203.19+29.178+1.245+111.177+11.703+19.639+52.348+17.529+10.727+52.97+6.673+15.555+11.655+37.628+87.15+60.09+229.391+77.506+17.931 -> 5922.889 | G86: =+E86-F86 -> 559.111 | H86: =+G86/E86 -> 0.08625594 | I86: 14 07 2014 | J86: 43 | K86: =+L86-F86 -> 0 | L86: 5922.889
A87: S.T.I. Pescadores de la Caleta Cocholgüe, R.S.U. 08.06.0023 | B87: Ene-Ago | C87: 308 | E87: =+C87+D87 -> 308 | F87: =55.68+7.02+9.27+61.6+23.05+23.96+17.7+77.34+30.24+2.43-0.004 -> 308.286 | G87: =+E87-F87 -> -0.286 | H87: =+G87/E87 -> -0.00092857143 | J87: 44 | K87: =+L87-F87 -> 0 | L87: 308.286
A88: S.T.I. Pescadores de la Caleta Coliumo, R.S.U. 08.06.0027 | B88: Ene-Ago | C88: 17189 | E88: =+C88+D88 -> 17189 | F88: =255.29+1146.5+75.9+22.38+708.78+612.8+1946.74+529.56+746.11+621.7+297.01+736.44+793.12+1583.78+348.51+820.64+283.9+143.29+34.45+131.41+3.01+104.84+243.63+3+807.06+63+121.65+165.22+238.09+206.77+43.59+24.35+167.501+10.239+64.475+14.98+265.406+61.758+29.953+64.401+29.747+86.25+24.377+14.017+23.84 -> 14719.464 | G88: =+E88-F88 -> 2469.536 | H88: =+G88/E88 -> 0.14366956 | I88: 14 07 2014 | J88: 45 | K88: =+L88-F88 -> 0 | L88: 14719.464
A89: S.T.I. Pescadores y Armadores y Ramos Afines de la Pesca Artesanal, SIPARMA - LOTA, R.S.U. 08.07.0306 | B89: Ene-Ago | C89: 12134 | E89: =+C89+D89 -> 12134 | F89: =324.582+49.406+204.377+487.084+387.529+1500.094+248.816+720.707+707.238+335.613+56.194+638.444+657.001+710.512+56.283+180.669+129.834+188.135+35.646+113.616+21.795+103.386+7.788+26.094+17.636+1.578+26.542+48.368+9.363+112.47+126.768+57.188+7.143+156.305+92.358+26+0.653+34.406+697.857+760.201+13.97+16.034+57.754 -> 10153.437 | G89: =+E89-F89 -> 1980.563 | H89: =+G89/E89 -> 0.16322425 | I89: 28 03 2014 / 17 07 2014 / apertura 07 04 2014 | J89: 46 | K89: =+L89-F89 -> 0 | L89: 10153.437
A90: S.T.I. Pescadores, Armadores Artesanales Buzos, Acuicultores y Ramos Afines de la Pesca Artesanal Comuna de Talcahuano, R.S.U. 08.05.0487. | B90: Ene-Ago | C90: 2050 | E90: =+C90+D90 -> 2050 | F90: =126.28+481.75+20.89+70.57+35.77+63.08+223.8+93.93+93.9+34.71+56.77+48.26+131.67+75.3+44.36+3.47+0.14+9.76+8.44+42.53+8.89-30.21+2.34+11.24+0.001+25.62+18.903+4.046+17.887+44.251+55.41+21.968+29.336+14.22+9.763+20.011 -> 1919.056 | G90: =+E90-F90 -> 130.944 | H90: =+G90/E90 -> 0.063875122 | I90: 28 03 2014 /02-07-2014 / apertura 07 04 2014 | J90: 47 | K90: =+L90-F90 -> 0 | L90: 1919.056
A91: S.T.I. Pescadores, Armadores y Ramas Afines de la Pesca Artesanal de Coronel SIPESMAFESA, R.S.U. 08.07.0332 | B91: Ene-Ago | C91: 5936 | E91: =+C91+D91 -> 5936 | F91: =4889.359+73.415+67.982+72.69+10.67+54.19+153.074+31.435+35.366+73.884 -> 5462.065 | G91: =+E91-F91 -> 473.935 | H91: =+G91/E91 -> 0.079840802 | I91: 14 07 2014 / apertura 04 07 2014 | J91: 48 | K91: =+L91-F91 -> 0 | L91: 5462.065
A92: S.T.I. Pescadores, Armadores y Ramos Afines de la Pesca Artesanal de Coronel, SIPARMAR CORONEL , R.S.U. 08.07.0271 | B92: Ene-Ago | C92: 3433 | E92: =+C92+D92 -> 3433 | F92: =25.441+730.974+100.2+182.651+57.749+130.521+349.029+92.444+114.663+131.872+103.08+91.254+202.893+90.53+76.278+46.469+62.055+17.027+41.736+9.735+22.148+10.711+5.326+25.462+5.244+66.86+92.155+37.776+33.545+11.601+43.246+70.089 -> 3080.764 | G92: =+E92-F92 -> 352.236 | H92: =+G92/E92 -> 0.10260297 | J92: 49 | K92: =+L92-F92 -> 0 | L92: 3080.764
A93: S.T.I. Pescadores, Armadores y Ramos Afines SIPEAYRAS de Lota, R.S.U. 08.07.0296 | B93: Ene-Ago | C93: 9442 | E93: =+C93+D93 -> 9442 | F93: =71.42+498.36+380.04+1100.31+308.335+441.7+272.562+333.625+511.589+322.058+743.781+302.461+502.448+262.822+238.44+174.99+255.243+66.13+92.064+18.384+85.555+3.364+16.94+12.075+67.539+2.712+6.88+60.56+15.166+196.88+247.562+77.359+79.628+59.826+65.283+20.494+5.26+37.002+3.565+21.115+161.994+257.539+163.299+21.902+39.738+20.284+44.04 -> 8690.323 | G93: =+E93-F93 -> 751.677 | H93: =+G93/E93 -> 0.079609934 | J93: 50 | K93: =+L93-F93 -> 0 | L93: 8690.323
A94: S.T.I. , Armadores, Buzos acuicultores y ramos afines de la pesca artesanal "SIPEARBUCOR" R.S.U. 08.07.0376 | B94: Ene-Ago | C94: 3444 | E94: =+C94+D94 -> 3444 | F94: =108.609+544.142+19.271+281.852+224.491+585.316+242.096+211.39+5.18+182.178+82.922+96.809+61.165+90.962+83.364+15.033-41.018-7.33+41.129+24.77+0.292+63.337+68.065+17.206+0.189+49.177+69.653+10.85+45.83+129.35+79.69-27.774+19.743-234.302 -> 3143.637 | G94: =+E94-F94 -> 300.363 | H94: =+G94/E94 -> 0.087213415 | I94: 28 03 2014 / 14 07 2014 / apertura 07 04 2014 | J94: 51 | K94: =+L94-F94 -> 0 | L94: 3143.637
A95: S.T.I. , Ayudantes de Buzos, Pescadores Artesanales y Algueras y Actividades Conexas de las Caletas Tomé y Quichiuto, R.S.U. 08.06.0043 | B95: Ene-Ago | C95: 3202 | E95: =+C95+D95 -> 3202 | F95: =42.326+43.402+6.772+59.626+71.191+147.508+302.918+55.261+77.4+132.076+60.38+113.2+146.814+159.061+101.16+107.411+79.607+132.065+9.616+69.825+79.655+16.699+33.264+95.137+9.495+77.84+75.922+71.02+53.75+82.195+1.62+3.753 -> 2517.969 | G95: =+E95-F95 -> 684.031 | H95: =+G95/E95 -> 0.21362617 | J95: 52 | K95: =+L95-F95 -> 0 | L95: 2517.969
A96: S.T.I. , Pescadores Artesanales, Armadores Artesanales Pelágicos, Patrones y Tripulantes de Pesca Artesanal y Actividades Conexas de la Común de Talcahuano " ASPAS", R.S.U. 08.05.0474 | B96: Ene-Ago | C96: 6246 | E96: =+C96+D96 -> 6246 | F96: =123.305+316.17+784.968+217.77+283.084+332.274+344.429+200.031+232.843+409.426+22.2+159.769+59.633+329.704+104.715+268.708+61.546+24.992+80.269+116.776+8.74+68.978+112.582+40.837+113.65+90.4-2.726+72.79+30.07+72.78+115.009+49.585+17.24+64.48+42.288+130.755+43.61 -> 5543.68 | G96: =+E96-F96 -> 702.32 | H96: =+G96/E96 -> 0.11244316 | I96: 14 07 2014 | J96: 53 | K96: =+L96-F96 -> 0 | L96: 5543.68
A97: S.T.I. , Pescadores Artesanales, Armadores Artesanales, "Rio Maipo" de la Caleta de San Vicente de la Comuna de Talcahuano; R.S.U. 08.05.0488. | B97: Ene-Ago | C97: 1867 | E97: =+C97+D97 -> 1867 | F97: =130.36+114.99+107.02+70.76+69.29+72.82+134.34+11.9+90.57+80.75+41.18+108.84+137.23+75.68+91.11+104.68+0.003+8.132 -> 1449.655 | G97: =+E97-F97 -> 417.345 | H97: =+G97/E97 -> 0.22353776 | J97: 54 | K97: =+L97-F97 -> 0 | L97: 1449.655
A98: S.T.I. , Pescadores Artesanales, Armadores Artesanales, Buzos Mariscadores y Recolectores de Orilla Isla Santa Maria Puerto Sur, R.S.U. 08.07.0364. | B98: Ene-Ago | C98: 613 | E98: =+C98+D98 -> 613 | F98: =68.725+69.81+154.125+143.98+156.371 -> 593.011 | G98: =+E98-F98 -> 19.989 | H98: =+G98/E98 -> 0.032608483 | I98: 27 03 2014 / apertura 07 04 2014 | J98: 55 | K98: =+L98-F98 -> 0 | L98: 593.011
A99: S.T.I. , Pescadores de la Pesca Artesanal, Armadores Artesanales y Actividades Conexas de la Caleta de Lota VIII Región (SIPAR GENTE DE MAR), R.S.U. 08.07.0326 | B99: Ene-Ago | C99: 13943 | E99: =+C99+D99 -> 13943 | F99: =770.256+615.362+1591.899+402.659+694.015+665.662+699.344+436.209+369.063+1016.633+331.266+775.051+509.423+599.077+423.881+296.667+0.807+79.517+55.177+33.772+10.438+13.161+264.092+19.053-94.913+4.382+43.074+137.156+27.018+69.492+164.31+151.22+180.878+149.951+10.163+80.005+76.441+163.165+183.567+217.425+447.431+387.759+76.377+57.98+108.003 -> 13313.368 | G99: =+E99-F99 -> 629.632 | H99: =+G99/E99 -> 0.04515757 | J99: 56 | K99: =+L99-F99 -> 0 | L99: 13313.368
A100: Sindicato de Trabajadores Pescadores y Armadores Artesanales Independientes, Buzos Mariscadores y Actividades Anexas de Talcahuano, SIPARBUM, R.S.U. 08.05.0424 | B100: Ene-Ago | C100: 8043 | E100: =+C100+D100 -> 8043 | F100: =112.51+547.06+92.17+397.57+331.31+314.47+1117.83+257.555+246.362+430.618+166.297+294.573+350.014+381.184+135.93+356.678+264.179+484.813+139.011+109.825+53.363+148.5+30.428-1.122+59.19-288.661+0.534+25.956+8.817+23.437-91.54+141.803+71.149+34.299+65.941+23.999+3.255+75.74+71.392+141.166 -> 7127.605 | G100: =+E100-F100 -> 915.395 | H100: =+G100/E100 -> 0.11381263 | I100: 10 07 2014 | J100: 57 | K100: =+L100-F100 -> 0 | L100: 7127.605
A101: Sindicato Independiente de Armadores y Pescadores Artesanales Afines, SARPE, R.S.U. 08.05.0398 | B101: Ene-Ago | C101: 16116 | E101: =+C101+D101 -> 16116 | F101: =141.89+598.4+450.26+2278.46+702.72+840.803+529.276+762.742+718.455+595.294+1251.969+507.958+804.372+468.079+279.828+166.858+334.747+158.039+74.536+326.695+330.835+93.269+50.623+342.57+100.516+113.516+33.99+7.504+39.692+25.558+148.097+45.727-10.332+64.187+4.34+34.786+125.744+67.53+2.489+139.78+102.563+55.42 -> 13909.785 | G101: =+E101-F101 -> 2206.215 | H101: =+G101/E101 -> 0.13689594 | J101: 58 | K101: =+L101-F101 -> 0 | L101: 13909.785
A102: Sindicato Independiente de Pequeños Armadores Artesanales de Cerco y Otras Actividades Afines de Coronel y Lota, R.S.U. 08.07.0373 | B102: Ene-Ago | C102: 757 | E102: =+C102+D102 -> 757 | F102: =109.27+23.96+68.23+36.73+25.44+24.61+13.39+35.5+12.92+14.01+5.69+7.73+2.77-0.002+2.59+3.669+36.694+53.109+13.809+5.342 -> 495.461 | G102: =+E102-F102 -> 261.539 | H102: =+G102/E102 -> 0.34549406 | J102: 59 | K102: =+L102-F102 -> 0 | L102: 495.461
A103: Sindicato Independiente de Pescadores Artesanales, Tripulantes Artesanales de Cerco y Ramos Afines de la Comuna de Lota, R.S.U. 08.07.0220 | B103: Ene-Ago | C103: 0 | E103: =+C103+D103 -> 0 | G103: =+E103-F103 -> 0 | H103: =+G103/E103 -> #DIV/0! | J103: 60 | K103: =+L103-F103 -> 0 | L103: 0
A104: Cuota Residual | B104: Ene-Ago | C104: 1199 | E104: =+C104+D104 -> 1199 | F104: =21.74+340.03+1+57.02+52.16+34.83+33.99+57.08+27.99+94.88+18.89+115.36+29.19+67.04+16.14+91.74+71.8+93.72+55.67-16.44 -> 1263.83 | G104: =+E104-F104 -> -64.83 | H104: =+G104/E104 -> -0.054070058 | J104: 61 | K104: =+L104-F104 -> 0 | L104: 1263.83
A105: Embarcaciones tipo bote sin historia real de desembarque | B105: Ene-Ago | C105: 12735 | E105: =+C105+D105 -> 12735 | F105: =1907.925+9276.29+18.36+29.8-11.22-29.53+1.5+14.17+37.11+8.45+35.37-94.12+95.93+1159.17+366.07+95.9+4.54+6.89+2.24+0.003+2.5-2.5+0.06+7.207 -> 12932.115 | G105: =+E105-F105 -> -197.115 | H105: =+G105/E105 -> -0.01547821 | I105: 11 03 2014 Y 12 03 2014 / apertura 07 047 2014 | J105: 62 | K105: =+L105-F105 -> 0 | L105: 12932.115
A106: Medida Precautoria ( Celenia I ) | B106: Ene-Ago | C106: 1652.31 | E106: =+C106+D106 -> 1652.31 | F106: =1082.83+15.5+233.65-0.002+414.05-55.967-802.362 -> 887.699 | G106: =+E106-F106 -> 764.611 | H106: =+G106/E106 -> 0.46275275 | J106: 63 | K106: =+L106-F106 -> 802.362 | L106: 1690.061
A107: CESIONES ( Resol Ex. N° 708 y 01) | B107: Ene-Ago | C107: =14161+8528-7280 -> 15409 | E107: =+C107+D107 -> 15409 | F107: =298.37+240.11+121.25+95.61+30.26+832.4-750.6+66.55-12.28+25.94+0.91+12.78+291.93+245.984+5.391-1.133+130.48+19.291+195.562+44.188+100.525+40.399+13.215+236.786+60.547+230.336+762.196+141.81+60.166+124.913+286.255+8.067+58.739 -> 4016.947 | G107: =+E107-F107 -> 11392.053 | H107: =+G107/E107 -> 0.73931164 | J107: 64 | K107: =+L107-F107 -> 0 | L107: 4016.947
A108: Total | B108: Ene-Ago | C108: =SUM(C44:C107) -> 334965.32 | D108: =SUM(D44:D107) -> 0 | E108: =SUM(E44:E107) -> 334965.32 | F108: =SUM(F44:F107) -> 283791.17 | G108: =+E108-F108 -> 51174.153 | H108: =+G108/E108 -> 0.15277448 | K108: 0 | L108: =SUM(L44:L107) -> 284741.79 | P108: antiguo valor
J109: total anual | L109: 2° periodo | M109: capturado | P109: 7648
A110: Organización | B110: Periodo | C110: Cuota asignada (t) | E110: Cuota efectiva (t) | F110: Desembarque (t) | G110: Saldo (t) | H110: % | I110: Fecha de Cierre | J110: 2do per. | K110: 1er per. | L110: dif. | M110: anual | N110: correlativo
...

Sheet RAE S.común
A2: RAE Sardina común 2014
A4: V región | AI4: Promedio Consumo Anual Flota
A6: V Región A.G. Armadores artesanales del Puerto de San Antonio R.A.G. N° 2510
A7: Mes | B7: Total mes | C7: 1 | D7: 2 | E7: 3 | F7: 4 | G7: 5 | H7: 6 | I7: 7 | J7: 8 | K7: 9 | L7: 10 | M7: 11 | N7: 12 | O7: 13 | P7: 14 | Q7: 15 | R7: 16 | S7: 17 | T7: 18 | U7: 19 | V7: 20 | W7: 21 | X7: 22 | Y7: 23 | Z7: 24 | AA7: 25 | AB7: 26 | AC7: 27 | AD7: 28 | AE7: 29 | AF7: 30 | AG7: 31 | AH7: TOTAL | AI7: Xc | AJ7: =(B20/COUNTIF($C$8:$AG$19,">0")) -> 225.46148
A8: Enero | B8: =+AH8 -> 0 | C8: VEDA | D8: VEDA | E8: VEDA | F8: VEDA | G8: VEDA | H8: VEDA | I8: VEDA | J8: VEDA | K8: VEDA | L8: VEDA | M8: VEDA | N8: VEDA | O8: VEDA | P8: VEDA | Q8: VEDA | R8: VEDA | S8: VEDA | T8: VEDA | U8: VEDA | V8: VEDA | W8: VEDA | X8: VEDA | Y8: VEDA | Z8: VEDA | AA8: VEDA | AB8: VEDA | AC8: VEDA | AD8: VEDA | AE8: VEDA | AF8: VEDA | AG8: VEDA | AH8: =SUM(C8:AG8) -> 0 | AJ8: =+'Resumen RAE S.Común'!G18 -> 64.694
A9: Febrero | B9: =+AH9 -> 0 | C9: VEDA | D9: VEDA | E9: VEDA | F9: VEDA | G9: VEDA | H9: VEDA | I9: VEDA | J9: VEDA | K9: VEDA | L9: VEDA | M9: VEDA | N9: VEDA | O9: VEDA | P9: VEDA | Q9: VEDA | R9: VEDA | S9: VEDA | T9: VEDA | U9: VEDA | V9: VEDA | W9: VEDA | X9: VEDA | Y9: VEDA | Z9: VEDA | AA9: VEDA | AB9: VEDA | AC9: VEDA | AD9: VEDA | AE9: VEDA | AF9: VEDA | AG9: VEDA | AH9: =SUM(C9:AG9) -> 0 | AJ9: =+AJ8/AJ7 -> 0.28694036
A10: Marzo | B10: =+AH10 -> 2657.14 | C10: VEDA | D10: VEDA | E10: VEDA | F10: VEDA | G10: VEDA | M10: 41.815 | N10: 265.124 | O10: 806.862 | Q10: 97.765 | R10: 42.358 | S10: 39.955 | T10: 286.196 | U10: 328.553 | V10: 443.523 | W10: 234.29 | AE10: 51.008 | AG10: 19.691 | AH10: =SUM(C10:AG10) -> 2657.14
A11: Abril | B11: =+AH11 -> 3404.771 | C11: 31.133 | D11: 0 | E11: 94.94 | F11: 178.438 | G11: 55.207 | H11: 185.173 | I11: 93.437 | J11: 0 | K11: 0 | L11: 0 | M11: 0 | N11: 0 | O11: 0 | P11: 0 | Q11: 0 | R11: 0 | S11: 0 | T11: 0 | U11: 0 | V11: 0 | W11: 19.693 | X11: 684.01 | Y11: 555.35 | Z11: 0 | AA11: 0 | AB11: 209.99 | AC11: 534.265 | AD11: 0 | AE11: 0 | AF11: 763.135 | AG11: 0 | AH11: =SUM(C11:AG11) -> 3404.771
A12: Mayo | B12: =+AH12 -> 633.835 | C12: 503.375 | D12: 130.46 | AH12: =SUM(C12:AG12) -> 633.835
A13: Junio | B13: =+AH13 -> 0 | AH13: =SUM(C13:AG13) -> 0
A14: Julio | B14: =+AH14 -> 0 | AF14: veda | AG14: veda | AH14: =SUM(C14:AG14) -> 0
A15: Agosto | B15: =+AH15 -> 0 | C15: veda | D15: veda | E15: veda | F15: veda | G15: veda | H15: veda | I15: veda | J15: veda | K15: veda | L15: veda | M15: veda | N15: veda | O15: veda | P15: veda | Q15: veda | R15: veda | S15: veda | T15: veda | U15: veda | V15: veda | W15: veda | X15: veda | Y15: veda | Z15: veda | AA15: veda | AB15: veda | AC15: veda | AD15: veda | AE15: veda | AF15: veda | AG15: veda | AH15: =SUM(C15:AG15) -> 0
A16: Septiembre | B16: =+AH16 -> 0 | C16: veda | D16: veda | E16: veda | F16: veda | G16: veda | H16: veda | I16: veda | J16: veda | K16: veda | L16: veda | M16: veda | N16: veda | O16: veda | P16: veda | Q16: veda | R16: veda | S16: veda | T16: veda | U16: veda | V16: veda | W16: veda | X16: veda | Y16: veda | Z16: veda | AA16: veda | AB16: veda | AC16: veda | AD16: veda | AE16: veda | AF16: veda | AG16: veda | AH16: =SUM(C16:AG16) -> 0
A17: Octubre | B17: =+AH17 -> 0 | C17: veda | D17: veda | E17: veda | F17: veda | G17: veda | H17: veda | I17: veda | J17: veda | K17: veda | L17: veda | M17: veda | N17: veda | O17: veda | P17: veda | Q17: veda | R17: veda | S17: veda | T17: veda | U17: veda | V17: veda | W17: veda | AH17: =SUM(C17:AG17) -> 0
A18: Noviembre | B18: =+AH18 -> 169.54 | C18: 0 | D18: 0 | E18: 0 | F18: 0 | G18: 0 | H18: 0 | I18: 0 | J18: 0 | K18: 0 | L18: 0 | M18: 0 | N18: 0 | O18: 0 | P18: 0 | Q18: 0 | R18: 0 | S18: 49.11 | T18: 89.725 | U18: 0 | V18: 0 | W18: 30.705 | X18: 0 | Y18: 0 | Z18: 0 | AA18: 0 | AB18: 0 | AC18: 0 | AD18: 0 | AE18: 0 | AF18: 0 | AG18: 0 | AH18: =SUM(C18:AG18) -> 169.54
A19: Diciembre | B19: =+AH19 -> 124.02 | C19: 0 | D19: 71.86 | E19: 52.16 | F19: 0 | G19: 0 | H19: 0 | I19: 0 | J19: 0 | K19: 0 | L19: 0 | M19: 0 | N19: 0 | O19: 0 | P19: 0 | Q19: 0 | R19: 0 | S19: 0 | T19: 0 | U19: 0 | V19: 0 | W19: 0 | X19: 0 | Y19: 0 | Z19: 0 | AA19: 0 | AB19: 0 | AC19: 0 | AD19: 0 | AE19: 0 | AF19: 0 | AG19: 0 | AH19: =SUM(C19:AG19) -> 124.02
A20: Total | B20: =SUM(B8:B19) -> 6989.306 | C20: =SUM(C8:C18) -> 534.508 | D20: =SUM(D8:D18) -> 130.46 | E20: 0 | F20: =SUM(F8:F18) -> 178.438 | G20: =SUM(G8:G18) -> 55.207 | H20: =SUM(H8:H18) -> 185.173 | I20: =SUM(I8:I18) -> 93.437 | J20: =SUM(J8:J18) -> 0 | K20: =SUM(K8:K18) -> 0 | L20: =SUM(L8:L18) -> 0 | M20: =SUM(M8:M18) -> 41.815 | ... AC20: =SUM(AC8:AC18) -> 534.265 | AD20: 0 | AE20: =SUM(AE8:AE18) -> 51.008 | AF20: =SUM(AF8:AF18) -> 763.135 | AG20: =SUM(AG8:AG18) -> 19.691 | AH20: =SUM(AH8:AH18) -> 6865.286
A22: Cuota bolsón o residual
A23: Mes | B23: Total mes | C23: 1 | D23: 2 | E23: 3 | F23: 4 | G23: 5 | H23: 6 | I23: 7 | J23: 8 | K23: 9 | L23: 10 | M23: 11 | N23: 12 | O23: 13 | P23: 14 | Q23: 15 | R23: 16 | S23: 17 | T23: 18 | U23: 19 | V23: 20 | W23: 21 | X23: 22 | Y23: 23 | Z23: 24 | AA23: 25 | AB23: 26 | AC23: 27 | AD23: 28 | AE23: 29 | AF23: 30 | AG23: 31 | AH23: TOTAL | AI23: Xc | AJ23: =(B36/COUNTIF($C$24:$AG$35,">0")) -> 43.150915
A24: Enero | B24: =+AH24 -> 10.979 | C24: 0 | D24: 0 | E24: 0.72 | F24: 0 | G24: 0 | H24: 0.828 | I24: 0.54 | J24: 0.9 | K24: 0.486 | L24: 0 | M24: 0 | N24: 0 | O24: 0.72 | P24: 0.09 | Q24: 0 | R24: 1.49 | S24: 0 | T24: 1.44 | U24: 0.04 | V24: 0 | W24: 0 | X24: 0.72 | Y24: 0.9 | Z24: 0.9 | AA24: 0 | AB24: 0 | AC24: 0 | AD24: 0 | AE24: 0.755 | AF24: 0.45 | AG24: 0 | AH24: =SUM(C24:AG24) -> 10.979 | AJ24: =+'Resumen RAE S.Común'!G19 -> -803.715
A25: Febrero | B25: =+AH25 -> 1.66 | C25: 0 | D25: 0 | E25: 0 | F25: 0.54 | G25: 0.36 | H25: 0 | I25: 0 | J25: 0 | K25: 0 | L25: 0.36 | M25: 0.4 | AH25: =SUM(C25:AG25) -> 1.66 | AJ25: =+AJ24/AJ23 -> -18.625677
A26: Marzo | B26: =+AH26 -> 571.388 | C26: 0 | D26: 0 | E26: 0 | F26: 0 | G26: 0 | H26: 0 | I26: 0 | J26: 0 | K26: 0 | L26: 0 | M26: 0 | N26: 45.18 | O26: 157.635 | P26: 0 | Q26: 23.875 | R26: 32.173 | S26: 0 | T26: 64.488 | U26: 124.308 | V26: 120.499 | W26: 0 | X26: 0.99 | Y26: 0 | Z26: 0 | AA26: 0.26 | AB26: 0.27 | AC26: 0.378 | AD26: 0.612 | AE26: 0.72 | AF26: 0 | AG26: 0 | AH26: =SUM(C26:AG26) -> 571.388
A27: Abril | B27: =+AH27 -> 671.814 | C27: 0.72 | D27: 0 | E27: 0 | F27: 4.9 | G27: 4.53 | H27: 0.504 | I27: 0 | J27: 0.9 | K27: 0 | L27: 5.58 | M27: 0 | N27: 0 | O27: 0 | P27: 0.918 | Q27: 0 | R27: 0 | S27: 0.54 | T27: 0 | U27: 0 | V27: 0 | W27: 0 | X27: 46.417 | Y27: 123.575 | Z27: 0 | AA27: 147.71 | AB27: 0 | AC27: 138.175 | AD27: 0 | AE27: 35.91 | AF27: 161.435 | AG27: 0 | AH27: =SUM(C27:AG27) -> 671.814
A28: Mayo | B28: =+AH28 -> 1796.904 | C28: 102.347 | D28: 0 | E28: 0 | F28: 0 | G28: 3.915 | H28: 0 | I28: 10.436 | J28: 10.21 | K28: 9.445 | L28: 204.53 | M28: 263.666 | N28: 112.942 | O28: 0.432 | P28: 0.324 | Q28: 0 | R28: 0 | S28: 438.13 | T28: 324.22 | U28: 306.597 | V28: 0.576 | W28: 0 | X28: 0 | Y28: 3.9 | Z28: 4.478 | AA28: 0 | AB28: 0 | AC28: 0 | AD28: 0 | AE28: 0 | AF28: 0 | AG28: 0.756 | AH28: =SUM(C28:AG28) -> 1796.904
A29: Junio | B29: =+AH29 -> 10.97 | C29: 1.8 | D29: 3.1 | E29: 3.586 | F29: 0 | G29: 0 | H29: 0.54 | I29: 0 | J29: 0 | K29: 0 | L29: 0.45 | M29: 0 | N29: 0 | O29: 0.576 | P29: 0 | Q29: 0 | R29: 0 | S29: 0.432 | T29: 0 | U29: 0.486 | V29: 0 | W29: 0 | X29: 0 | Y29: 0 | Z29: 0 | AA29: 0 | AB29: 0 | AC29: 0 | AD29: 0 | AE29: 0 | AF29: 0 | AG29: 0 | AH29: =SUM(C29:AG29) -> 10.97
A30: Julio | B30: =+AH30 -> 0 | AH30: =SUM(C30:AG30) -> 0
A31: Agosto | B31: =+AH31 -> 0 | AH31: =SUM(C31:AG31) -> 0
A32: Septiembre | B32: =+AH32 -> 0 | AH32: =SUM(C32:AG32) -> 0
A33: Octubre | B33: =+AH33 -> 0 | AH33: =SUM(C33:AG33) -> 0
A34: Noviembre | B34: =+AH34 -> 0 | AH34: =SUM(C34:AG34) -> 0
A35: Diciembre | B35: =+AH35 -> 0 | AH35: =SUM(C35:AG35) -> 0
A36: TOTAL | B36: =SUM(B24:B35) -> 3063.715 | C36: =SUM(C24:C34) -> 104.867 | D36: =SUM(D24:D34) -> 3.1 | E36: 0 | F36: =SUM(F24:F34) -> 5.44 | G36: =SUM(G24:G34) -> 8.805 | H36: =SUM(H24:H34) -> 1.872 | I36: =SUM(I24:I34) -> 10.976 | J36: =SUM(J24:J34) -> 12.01 | K36: =SUM(K24:K34) -> 9.931 | L36: =SUM(L24:L34) -> 210.92 | M36: =SUM(M24:M34) -> 264.066 | ... AC36: =SUM(AC24:AC34) -> 138.553 | AD36: 0 | AE36: =SUM(AE24:AE34) -> 37.385 | AF36: =SUM(AF24:AF34) -> 161.885 | AG36: =SUM(AG24:AG34) -> 0.756 | AH36: =SUM(AH24:AH34) -> 3063.715
A38: VII Región, del Maule
A39: STI. De Pesc. Pelagícos del Maule, Constitución RSU. N° 07050150
A40: Mes | B40: Total mes | C40: 1 | D40: 2 | E40: 3 | F40: 4 | G40: 5 | H40: 6 | I40: 7 | J40: 8 | K40: 9 | L40: 10 | M40: 11 | N40: 12 | O40: 13 | P40: 14 | Q40: 15 | R40: 16 | S40: 17 | T40: 18 | U40: 19 | V40: 20 | W40: 21 | X40: 22 | Y40: 23 | Z40: 24 | AA40: 25 | AB40: 26 | AC40: 27 | AD40: 28 | AE40: 29 | AF40: 30 | AG40: 31 | AH40: TOTAL | AI40: Xc | AJ40: =(B53/COUNTIF($C$41:$AG$52,">0")) -> 59.81876
A41: Enero | B41: =+AH41 -> 0 | C41: VEDA | D41: VEDA | E41: VEDA | F41: VEDA | G41: VEDA | H41: VEDA | I41: VEDA | J41: VEDA | K41: VEDA | L41: VEDA | M41: VEDA | N41: VEDA | O41: VEDA | P41: VEDA | Q41: VEDA | R41: VEDA | S41: VEDA | T41: VEDA | U41: VEDA | V41: VEDA | W41: VEDA | X41: VEDA | Y41: VEDA | Z41: VEDA | AA41: VEDA | AB41: VEDA | AC41: VEDA | AD41: VEDA | AE41: VEDA | AF41: VEDA | AG41: VEDA | AH41: =SUM(C41:AG41) -> 0 | AJ41: =+'Resumen RAE S.Común'!G37 -> 300.018
A42: Febrero | B42: =+AH42 -> 0 | C42: VEDA | D42: VEDA | E42: VEDA | F42: VEDA | G42: VEDA | H42: VEDA | I42: VEDA | J42: VEDA | K42: VEDA | L42: VEDA | M42: VEDA | N42: VEDA | O42: VEDA | P42: VEDA | Q42: VEDA | R42: VEDA | S42: VEDA | T42: VEDA | U42: VEDA | V42: VEDA | W42: VEDA | X42: VEDA | Y42: VEDA | Z42: VEDA | AA42: VEDA | AB42: VEDA | AC42: VEDA | AD42: VEDA | AE42: VEDA | AF42: VEDA | AG42: VEDA | AH42: =SUM(C42:AG42) -> 0 | AJ42: =+AJ41/AJ40 -> 5.01545
A43: Marzo | B43: =+AH43 -> 329.955 | C43: VEDA | D43: VEDA | E43: VEDA | F43: VEDA | G43: VEDA | N43: 65.145 | R43: 25.3 | S43: 65.06 | U43: 97.6 | X43: 76.85 | AH43: =SUM(C43:AG43) -> 329.955 | AI43: ultimo reporte 28 03 2014 hasta 07 05 2014
A44: Abril | B44: =+AH44 -> 709.163 | D44: 51.08 | F44: 80.11 | G44: 70.72 | H44: 72.01 | I44: 65.06 | J44: 79.62 | K44: 67.49 | AA44: 137.64 | AB44: 21.378 | AD44: 64.055 | AH44: =SUM(C44:AG44) -> 709.163
A45: Mayo | B45: =+AH45 -> 280.004 | J45: 102.583 | K45: 47.682 | L45: 12.462 | P45: 67.22 | AA45: 49.839 | AB45: 0.218 | AH45: =SUM(C45:AG45) -> 280.004
A46: Junio | B46: =+AH46 -> 31.149 | V46: 31.149 | AH46: =SUM(C46:AG46) -> 31.149
A47: Julio | B47: =+AH47 -> 0 | AF47: veda | AG47: veda | AH47: =SUM(C47:AG47) -> 0
A48: Agosto | B48: =+AH48 -> 0 | C48: veda | D48: veda | E48: veda | F48: veda | G48: veda | H48: veda | I48: veda | J48: veda | K48: veda | L48: veda | M48: veda | N48: veda | O48: veda | P48: veda | Q48: veda | R48: veda | S48: veda | T48: veda | U48: veda | V48: veda | W48: veda | X48: veda | Y48: veda | Z48: veda | AA48: veda | AB48: veda | AC48: veda | AD48: veda | AE48: veda | AF48: veda | AG48: veda | AH48: =SUM(C48:AG48) -> 0
A49: Septiembre | B49: =+AH49 -> 0 | C49: veda | D49: veda | E49: veda | F49: veda | G49: veda | H49: veda | I49: veda | J49: veda | K49: veda | L49: veda | M49: veda | N49: veda | O49: veda | P49: veda | Q49: veda | R49: veda | S49: veda | T49: veda | U49: veda | V49: veda | W49: veda | X49: veda | Y49: veda | Z49: veda | AA49: veda | AB49: veda | AC49: veda | AD49: veda | AE49: veda | AF49: veda | AG49: veda | AH49: =SUM(C49:AG49) -> 0
A50: Octubre | B50: =+AH50 -> 0 | C50: veda | D50: veda | E50: veda | F50: veda | G50: veda | H50: veda | I50: veda | J50: veda | K50: veda | L50: veda | M50: veda | N50: veda | O50: veda | P50: veda | Q50: veda | R50: veda | S50: veda | T50: veda | U50: veda | V50: veda | W50: veda | AH50: =SUM(C50:AG50) -> 0
A51: Noviembre | B51: =+AH51 -> 145.198 | I51: 32.7 | S51: 57.72 | U51: 54.778 | AH51: =SUM(C51:AG51) -> 145.198
A52: Diciembre | B52: =+AH52 -> 0 | Q52: VEDA | R52: VEDA | S52: VEDA | T52: VEDA | U52: VEDA | V52: VEDA | W52: VEDA | X52: VEDA | Y52: VEDA | Z52: VEDA | AA52: VEDA | AB52: VEDA | AC52: VEDA | AD52: VEDA | AE52: VEDA | AF52: VEDA | AG52: VEDA | AH52: =SUM(C52:AG52) -> 0
A53: TOTAL | B53: =SUM(B41:B52) -> 1495.469 | C53: =SUM(C41:C52) -> 0 | D53: =SUM(D41:D52) -> 51.08 | E53: =SUM(E41:E52) -> 0 | F53: =SUM(F41:F52) -> 80.11 | G53: =SUM(G41:G52) -> 70.72 | H53: =SUM(H41:H52) -> 72.01 | I53: =SUM(I41:I52) -> 97.76 | ... R53: =SUM(R41:R52) -> 25.3 | S53: =SUM(S41:S51) -> 122.78 | T53: =SUM(T41:T51) -> 0 | U53: =SUM(U41:U51) -> 152.378 | V53: =SUM(V41:V51) -> 31.149 | W53: =SUM(W41:W51) -> 0 | X53: =SUM(X41:X51) -> 76.85 | Y53: =SUM(Y41:Y51) -> 0 | Z53: =SUM(Z41:Z51) -> 0 | ... AC53: =SUM(AC41:AC51) -> 0 | AD53: 0 | AE53: =SUM(AE41:AE51) -> 0 | AF53: =SUM(AF41:AF51) -> 0 | AG53: =SUM(AG41:AG51) -> 0 | AH53: =SUM(AH41:AH51) -> 1495.469
A55: STI. AGUA LIMPIA RSU. N° 07050118
A56: Mes | B56: Total mes | C56: 1 | D56: 2 | E56: 3 | F56: 4 | G56: 5 | H56: 6 | I56: 7 | J56: 8 | K56: 9 | L56: 10 | M56: 11 | N56: 12 | O56: 13 | P56: 14 | Q56: 15 | R56: 16 | S56: 17 | T56: 18 | U56: 19 | V56: 20 | W56: 21 | X56: 22 | Y56: 23 | Z56: 24 | AA56: 25 | AB56: 26 | AC56: 27 | AD56: 28 | AE56: 29 | AF56: 30 | AG56: 31 | AH56: TOTAL | AI56: Xc | AJ56: =(B69/COUNTIF($C$57:$AG$68,">0")) -> #DIV/0!
A57: Enero | B57: =+AH57 -> 0 | C57: VEDA | D57: VEDA | E57: VEDA | F57: VEDA | G57: VEDA | H57: VEDA | I57: VEDA | J57: VEDA | K57: VEDA | L57: VEDA | M57: VEDA | N57: VEDA | O57: VEDA | P57: VEDA | Q57: VEDA | R57: VEDA | S57: VEDA | T57: VEDA | U57: VEDA | V57: VEDA | W57: VEDA | X57: VEDA | Y57: VEDA | Z57: VEDA | AA57: VEDA | AB57: VEDA | AC57: VEDA | AD57: VEDA | AE57: VEDA | AF57: VEDA | AG57: VEDA | AH57: =SUM(C57:AG57) -> 0
A58: Febrero | B58: =+AH58 -> 0 | C58: VEDA | D58: VEDA | E58: VEDA | F58: VEDA | G58: VEDA | H58: VEDA | I58: VEDA | J58: VEDA | K58: VEDA | L58: VEDA | M58: VEDA | N58: VEDA | O58: VEDA | P58: VEDA | Q58: VEDA | R58: VEDA | S58: VEDA | T58: VEDA | U58: VEDA | V58: VEDA | W58: VEDA | X58: VEDA | Y58: VEDA | Z58: VEDA | AA58: VEDA | AB58: VEDA | AC58: VEDA | AD58: VEDA | AE58: VEDA | AF58: VEDA | AG58: VEDA | AH58: =SUM(C58:AG58) -> 0
A59: Marzo | B59: =+AH59 -> 0 | C59: VEDA | D59: VEDA | E59: VEDA | F59: VEDA | G59: VEDA | AH59: =SUM(C59:AG59) -> 0
A60: Abril | B60: =+AH60 -> 0 | AH60: =SUM(C60:AG60) -> 0
A61: Mayo | B61: =+AH61 -> 0 | AH61: =SUM(C61:AG61) -> 0
A62: Junio | B62: =+AH62 -> 0 | AH62: =SUM(C62:AG62) -> 0
A63: Julio | B63: =+AH63 -> 0 | AF63: VEDA | AG63: VEDA | AH63: =SUM(C63:AG63) -> 0
A64: Agosto | B64: =+AH64 -> 0 | C64: VEDA | D64: VEDA | E64: VEDA | F64: VEDA | G64: VEDA | H64: VEDA | I64: VEDA | J64: VEDA | K64: VEDA | L64: VEDA | M64: VEDA | N64: VEDA | O64: VEDA | P64: VEDA | Q64: VEDA | R64: VEDA | S64: VEDA | T64: VEDA | U64: VEDA | V64: VEDA | W64: VEDA | X64: VEDA | Y64: VEDA | Z64: VEDA | AA64: VEDA | AB64: VEDA | AC64: VEDA | AD64: VEDA | AE64: VEDA | AF64: VEDA | AG64: VEDA | AH64: =SUM(C64:AG64) -> 0
A65: Septiembre | B65: =+AH65 -> 0 | C65: VEDA | D65: VEDA | E65: VEDA | F65: VEDA | G65: VEDA | H65: VEDA | I65: VEDA | J65: VEDA | K65: VEDA | L65: VEDA | M65: VEDA | N65: VEDA | O65: VEDA | P65: VEDA | Q65: VEDA | R65: VEDA | S65: VEDA | T65: VEDA | U65: VEDA | V65: VEDA | W65: VEDA | X65: VEDA | Y65: VEDA | Z65: VEDA | AA65: VEDA | AB65: VEDA | AC65: VEDA | AD65: VEDA | AE65: VEDA | AF65: VEDA | AG65: VEDA | AH65: =SUM(C65:AG65) -> 0
A66: Octubre | B66: =+AH66 -> 0 | C66: VEDA | D66: VEDA | E66: VEDA | F66: VEDA | G66: VEDA | H66: VEDA | I66: VEDA | J66: VEDA | K66: VEDA | L66: VEDA | M66: VEDA | N66: VEDA | O66: VEDA | P66: VEDA | Q66: VEDA | R66: VEDA | S66: VEDA | T66: VEDA | U66: VEDA | V66: VEDA | W66: VEDA | AH66: =SUM(C66:AG66) -> 0
A67: Noviembre | B67: =+AH67 -> 0 | AH67: =SUM(C67:AG67) -> 0
A68: Diciembre | B68: =+AH68 -> 0 | L68: VEDA | M68: VEDA | N68: VEDA | O68: VEDA | P68: VEDA | Q68: VEDA | R68: VEDA | S68: VEDA | T68: VEDA | U68: VEDA | V68: VEDA | W68: VEDA | X68: VEDA | Y68: VEDA | Z68: VEDA | AA68: VEDA | AB68: VEDA | AC68: VEDA | AD68: VEDA | AE68: VEDA | AF68: VEDA | AG68: VEDA | AH68: =SUM(C68:AG68) -> 0
A69: TOTAL | B69: =SUM(B57:B68) -> 0 | C69: =SUM(C57:C68) -> 0 | D69: =SUM(D57:D68) -> 0 | E69: =SUM(E57:E68) -> 0 | F69: =SUM(F57:F68) -> 0 | G69: =SUM(G57:G68) -> 0 | H69: =SUM(H57:H68) -> 0 | I69: =SUM(I57:I68) -> 0 | ... R69: =SUM(R57:R68) -> 0 | S69: =SUM(S57:S67) -> 0 | T69: =SUM(T57:T67) -> 0 | U69: =SUM(U57:U67) -> 0 | V69: =SUM(V57:V67) -> 0 | W69: =SUM(W57:W67) -> 0 | X69: =SUM(X57:X67) -> 0 | Y69: =SUM(Y57:Y67) -> 0 | Z69: =SUM(Z57:Z67) -> 0 | ... AC69: =SUM(AC57:AC67) -> 0 | AD69: 0 | AE69: =SUM(AE57:AE67) -> 0 | AF69: =SUM(AF57:AF67) -> 0 | AG69: =SUM(AG57:AG67) -> 0 | AH69: =SUM(AH57:AH67) -> 0
A71: Cuota Residual
A72: Mes | B72: Total mes | C72: 1 | D72: 2 | E72: 3 | F72: 4 | G72: 5 | H72: 6 | I72: 7 | J72: 8 | K72: 9 | L72: 10 | M72: 11 | N72: 12 | O72: 13 | P72: 14 | Q72: 15 | R72: 16 | S72: 17 | T72: 18 | U72: 19 | V72: 20 | W72: 21 | X72: 22 | Y72: 23 | Z72: 24 | AA72: 25 | AB72: 26 | AC72: 27 | AD72: 28 | AE72: 29 | AF72: 30 | AG72: 31 | AH72: TOTAL | AI72: Xc | AJ72: =(B85/COUNTIF($C$73:$AG$84,">0")) -> 69.210333
A73: Enero | B73: =+AH73 -> 0 | C73: VEDA | D73: VEDA | E73: VEDA | F73: VEDA | G73: VEDA | H73: VEDA | I73: VEDA | J73: VEDA | K73: VEDA | L73: VEDA | M73: VEDA | N73: VEDA | O73: VEDA | P73: VEDA | Q73: VEDA | R73: VEDA | S73: VEDA | T73: VEDA | U73: VEDA | V73: VEDA | W73: VEDA | X73: VEDA | Y73: VEDA | Z73: VEDA | AA73: VEDA | AB73: VEDA | AC73: VEDA | AD73: VEDA | AE73: VEDA | AF73: VEDA | AG73: VEDA | AH73: =SUM(C73:AG73) -> 0
A74: Febrero | B74: =+AH74 -> 0 | C74: VEDA | D74: VEDA | E74: VEDA | F74: VEDA | G74: VEDA | H74: VEDA | I74: VEDA | J74: VEDA | K74: VEDA | L74: VEDA | N74: VEDA | O74: VEDA | P74: VEDA | Q74: VEDA | R74: VEDA | S74: VEDA | T74: VEDA | U74: VEDA | V74: VEDA | W74: VEDA | X74: VEDA | Y74: VEDA | Z74: VEDA | AA74: VEDA | AB74: VEDA | AC74: VEDA | AD74: VEDA | AE74: VEDA | AF74: VEDA | AG74: VEDA | AH74: =SUM(C74:AG74) -> 0
A75: Marzo | B75: =+AH75 -> 0 | C75: VEDA | D75: VEDA | E75: VEDA | G75: VEDA | AH75: =SUM(C75:AG75) -> 0
A76: Abril | B76: =+AH76 -> 0 | AH76: =SUM(C76:AG76) -> 0
A77: Mayo | B77: =+AH77 -> 0 | AH77: =SUM(C77:AG77) -> 0
A78: Junio | B78: =+AH78 -> 0 | AH78: =SUM(C78:AG78) -> 0
A79: Julio | B79: =+AH79 -> 0 | AF79: veda | AG79: veda | AH79: =SUM(C79:AG79) -> 0
A80: Agosto | B80: =+AH80 -> 0 | C80: veda | D80: veda | E80: veda | F80: veda | G80: veda | H80: veda | I80: veda | J80: veda | K80: veda | L80: veda | M80: veda | N80: veda | O80: veda | P80: veda | Q80: veda | R80: veda | S80: veda | T80: veda | U80: veda | V80: veda | W80: veda | X80: veda | Y80: veda | Z80: veda | AA80: veda | AB80: veda | AC80: veda | AD80: veda | AE80: veda | AF80: veda | AG80: veda | AH80: =SUM(C80:AG80) -> 0
A81: Septiembre | B81: =+AH81 -> 0 | C81: veda | D81: veda | E81: veda | F81: veda | G81: veda | H81: veda | I81: veda | J81: veda | K81: veda | L81: veda | M81: veda | N81: veda | O81: veda | P81: veda | Q81: veda | R81: veda | S81: veda | T81: veda | U81: veda | V81: veda | W81: veda | X81: veda | Y81: veda | Z81: veda | AA81: veda | AB81: veda | AC81: veda | AD81: veda | AE81: veda | AF81: veda | AG81: veda | AH81: =SUM(C81:AG81) -> 0
A82: Octubre | B82: =+AH82 -> 131.181 | C82: veda | D82: veda | E82: veda | F82: veda | G82: veda | H82: veda | I82: veda | J82: veda | K82: veda | L82: veda | M82: veda | N82: veda | O82: veda | P82: veda | Q82: veda | R82: veda | S82: veda | T82: veda | U82: veda | V82: veda | W82: veda | Y82: 59.211 | AA82: 71.97 | AH82: =SUM(C82:AG82) -> 131.181
A83: Noviembre | B83: =+AH83 -> 76.45 | H83: 76.45 | AH83: =SUM(C83:AG83) -> 76.45
A84: Diciembre | B84: =+AH84 -> 0 | AH84: =SUM(C84:AG84) -> 0
A85: TOTAL | B85: =SUM(B73:B84) -> 207.631 | C85: =SUM(C73:C84) -> 0 | D85: =SUM(D73:D84) -> 0 | E85: =SUM(E73:E84) -> 0 | F85: =SUM(F73:F84) -> 0 | G85: =SUM(G73:G84) -> 0 | H85: =SUM(H73:H84) -> 76.45 | I85: =SUM(I73:I84) -> 0 | ... R85: =SUM(R73:R84) -> 0 | S85: =SUM(S73:S83) -> 0 | T85: =SUM(T73:T83) -> 0 | U85: =SUM(U73:U83) -> 0 | V85: =SUM(V73:V83) -> 0 | W85: =SUM(W73:W83) -> 0 | X85: =SUM(X73:X83) -> 0 | Y85: =SUM(Y73:Y83) -> 59.211 | Z85: =SUM(Z73:Z83) -> 0 | ... AC85: =SUM(AC73:AC83) -> 0 | AD85: 0 | AE85: =SUM(AE73:AE83) -> 0 | AF85: =SUM(AF73:AF83) -> 0 | AG85: =SUM(AG73:AG83) -> 0 | AH85: =SUM(AH73:AH83) -> 207.631
A87: XIV Región, de Los Ríos
A89: APEVAL AG. R.A.G N° 29-14
A90: Mes | B90: Total mes | C90: 1 | D90: 2 | E90: 3 | F90: 4 | G90: 5 | H90: 6 | I90: 7 | J90: 8 | K90: 9 | L90: 10 | M90: 11 | N90: 12 | O90: 13 | P90: 14 | Q90: 15 | R90: 16 | S90: 17 | T90: 18 | U90: 19 | V90: 20 | W90: 21 | X90: 22 | Y90: 23 | Z90: 24 | AA90: 25 | AB90: 26 | AC90: 27 | AD90: 28 | AE90: 29 | AF90: 30 | AG90: 31 | AH90: TOTAL | AI90: Xc | AJ90: =(B103/COUNTIF($C$91:$AG$102,">0")) -> 77.913796
A91: Enero | B91: =+AH91 -> 0 | C91: VEDA | D91: VEDA | E91: VEDA | F91: VEDA | G91: VEDA | H91: VEDA | I91: VEDA | J91: VEDA | K91: VEDA | L91: VEDA | M91: VEDA | N91: VEDA | O91: VEDA | P91: VEDA | Q91: VEDA | R91: VEDA | S91: VEDA | T91: VEDA | U91: VEDA | V91: VEDA | W91: VEDA | X91: VEDA | Y91: VEDA | Z91: VEDA | AA91: VEDA | AB91: VEDA | AC91: VEDA | AD91: VEDA | AE91: VEDA | AF91: VEDA | AG91: VEDA | AH91: =SUM(C91:AG91) -> 0 | AJ91: =+'Resumen RAE S.Común'!G220 -> 1.967
A92: Febrero | B92: =+AH92 -> 1256.389 | C92: VEDA | D92: VEDA | E92: VEDA | F92: VEDA | G92: VEDA | H92: VEDA | I92: VEDA | J92: 63.242 | K92: 2.561 | L92: 74.201 | M92: 42.046 | N92: 0 | O92: 5.736 | P92: 0 | Q92: 132.211 | R92: 176.192 | S92: 62.39 | T92: 131.26 | U92: 200.27 | V92: 7.16 | W92: 0 | X92: 0 | Y92: 0 | Z92: 64.07 | AA92: 61.835 | AB92: 52.71 | AC92: 116.785 | AD92: 63.72 | AH92: =SUM(C92:AG92) -> 1256.389 | AJ92: =+AJ91/AJ90 -> 0.02524585
A93: Marzo | B93: =+AH93 -> 1023.848 | C93: 125.803 | D93: 67.73 | E93: 62.59 | F93: 57.78 | G93: 122.304 | H93: 116.19 | I93: 122.505 | J93: 24.606 | K93: 59.505 | L93: 65.95 | M93: 132.3 | N93: 66.585 | O93: 0 | P93: 0 | Q93: 0 | R93: 0 | S93: 0 | AE93: VEDA | AF93: VEDA | AG93: VEDA | AH93: =SUM(C93:AG93) -> 1023.848
A94: Abril | B94: =+AH94 -> 889.994 | C94: 0 | D94: 0 | E94: 0 | F94: 0 | G94: 58.18 | H94: 128.68 | I94: 64.825 | J94: 124.05 | K94: 61.36 | L94: 63.969 | M94: 63.925 | N94: 0 | O94: 193.47 | P94: 64.06 | Q94: 67.475 | R94: 0 | S94: 0 | T94: 0 | U94: 0 | V94: 0 | W94: 0 | X94: 0 | Y94: 0 | Z94: 0 | AE94: 0 | AF94: 0 | AH94: =SUM(C94:AG94) -> 889.994
A95: Mayo | B95: =+AH95 -> 510.02 | C95: 0 | D95: 0 | E95: 0 | F95: 0 | G95: 0 | H95: 0 | I95: 0 | J95: 0 | K95: 22.959 | L95: 41.555 | M95: 94.216 | N95: 57.052 | O95: 0 | P95: 0 | Q95: 0 | R95: 45.684 | S95: 55.796 | T95: 0 | U95: 0 | V95: 65.745 | W95: 69.88 | X95: 57.133 | Y95: 0 | Z95: 0 | AA95: 0 | AB95: 0 | AH95: =SUM(C95:AG95) -> 510.02
A96: Junio | B96: =+AH96 -> 0 | AH96: =SUM(C96:AG96) -> 0
A97: Julio | B97: =+AH97 -> 0 | AG97: veda | AH97: =SUM(C97:AG97) -> 0
A98: Agosto | B98: =+AH98 -> 0 | C98: veda | D98: veda | E98: veda | F98: veda | G98: veda | H98: veda | I98: veda | J98: veda | K98: veda | L98: veda | M98: veda | N98: veda | O98: veda | P98: veda | Q98: veda | R98: veda | S98: veda | T98: veda | U98: veda | V98: veda | W98: veda | X98: veda | Y98: veda | Z98: veda | AA98: veda | AB98: veda | AC98: veda | AD98: veda | AE98: veda | AF98: veda | AG98: veda | AH98: =SUM(C98:AG98) -> 0
A99: Septiembre | B99: =+AH99 -> 0 | C99: veda | D99: veda | E99: veda | F99: veda | G99: veda | H99: veda | I99: veda | J99: veda | K99: veda | L99: veda | M99: veda | N99: veda | O99: veda | P99: veda | Q99: veda | R99: veda | S99: veda | T99: veda | U99: veda | V99: veda | W99: veda | X99: veda | Y99: veda | Z99: veda | AA99: veda | AB99: veda | AC99: veda | AD99: veda | AE99: veda | AF99: veda | AG99: veda | AH99: =SUM(C99:AG99) -> 0
A100: Octubre | B100: =+AH100 -> 0 | C100: veda | D100: veda | E100: veda | F100: veda | G100: veda | H100: veda | I100: veda | J100: veda | K100: veda | L100: veda | M100: veda | N100: veda | O100: veda | P100: veda | Q100: veda | R100: veda | S100: veda | T100: veda | U100: veda | V100: veda | W100: veda | AH100: =SUM(C100:AG100) -> 0
A101: Noviembre | B101: =+AH101 -> 137.525 | G101: 102.89 | I101: 34.635 | AH101: =SUM(C101:AG101) -> 137.525
A102: Diciembre | B102: =+AH102 -> 0 | AH102: =SUM(C102:AG102) -> 0
A103: TOTAL | B103: =SUM(B91:B102) -> 3817.776 | C103: =SUM(C91:C101) -> 125.803 | D103: =SUM(D91:D101) -> 67.73 | E103: 0 | F103: =SUM(F91:F101) -> 57.78 | G103: =SUM(G91:G101) -> 283.374 | H103: =SUM(H91:H101) -> 244.87 | I103: =SUM(I91:I101) -> 221.965 | J103: =SUM(J91:J101) -> 211.898 | K103: =SUM(K91:K101) -> 146.385 | L103: =SUM(L91:L101) -> 245.675 | M103: =SUM(M91:M101) -> 332.487 | ... AC103: =SUM(AC91:AC101) -> 116.785 | AD103: 0 | AE103: =SUM(AE91:AE101) -> 0 | AF103: =SUM(AF91:AF101) -> 0 | AG103: =SUM(AG91:AG101) -> 0 | AH103: =SUM(AH91:AH101) -> 3817.776
A105: ACERVAL., R.A.G. 207-10
A106: Mes | B106: Total mes | C106: 1 | D106: 2 | E106: 3 | F106: 4 | G106: 5 | H106: 6 | I106: 7 | J106: 8 | K106: 9 | L106: 10 | M106: 11 | N106: 12 | O106: 13 | P106: 14 | Q106: 15 | R106: 16 | S106: 17 | T106: 18 | U106: 19 | V106: 20 | W106: 21 | X106: 22 | Y106: 23 | Z106: 24 | AA106: 25 | AB106: 26 | AC106: 27 | AD106: 28 | AE106: 29 | AF106: 30 | AG106: 31 | AH106: TOTAL | AI106: Xc | AJ106: =(B119/COUNTIF($C$107:$AG$118,">0")) -> 209.10156
A107: Enero | B107: =+AH107 -> 0 | C107: VEDA | D107: VEDA | E107: VEDA | F107: VEDA | G107: VEDA | H107: VEDA | I107: VEDA | J107: VEDA | K107: VEDA | L107: VEDA | M107: VEDA | N107: VEDA | O107: VEDA | P107: VEDA | Q107: VEDA | R107: VEDA | S107: VEDA | T107: VEDA | U107: VEDA | V107: VEDA | W107: VEDA | X107: VEDA | Y107: VEDA | Z107: VEDA | AA107: VEDA | AB107: VEDA | AC107: VEDA | AD107: VEDA | AE107: VEDA | AF107: VEDA | AG107: VEDA | AH107: =SUM(C107:AG107) -> 0 | AJ107: =+'Resumen RAE S.Común'!G221 -> 15.03
A108: Febrero | B108: =+AH108 -> 5136.961 | C108: VEDA | D108: VEDA | E108: VEDA | F108: VEDA | G108: VEDA | H108: VEDA | I108: VEDA | J108: 223.261 | K108: 154.718 | L108: 149.1 | M108: 268.571 | N108: 0 | O108: 13.719 | P108: 186.494 | Q108: 446.973 | R108: 262.476 | S108: 397.148 | T108: 354.807 | U108: 366.779 | V108: 269.852 | W108: 0 | X108: 0 | Y108: 0 | Z108: 348.94 | AA108: 491.51 | AB108: 347.16 | AC108: 389.01 | AD108: 466.443 | AH108: =SUM(C108:AG108) -> 5136.961 | AJ108: =+AJ107/AJ106 -> 0.071878948
A109: Marzo | B109: =+AH109 -> 3877.637 | C109: 452.663 | D109: 122.559 | E109: 477.102 | F109: 454.252 | G109: 397.815 | H109: 450.02 | I109: 400.613 | J109: 228.932 | K109: 203.455 | L109: 345.967 | M109: 149.785 | N109: 192.92 | O109: 0 | P109: 0 | Q109: 0 | R109: 0 | S109: 0 | T109: 0 | U109: 0 | V109: 0 | W109: 0 | X109: 0 | Y109: 0 | Z109: 0 | AA109: 0 | AB109: 0 | AC109: 0 | AD109: 1.554 | AE109: 0 | AF109: 0 | AG109: 0 | AH109: =SUM(C109:AG109) -> 3877.637
A110: Abril | B110: =+AH110 -> 2825.171 | C110: 0 | D110: 0 | E110: 0 | F110: 68.255 | G110: 285.5 | H110: 383.92 | I110: 269.712 | J110: 294.524 | K110: 125.817 | L110: 135.333 | M110: 265.915 | N110: 207.52 | O110: 363.655 | P110: 213.93 | Q110: 63.72 | R110: 0 | S110: 0 | T110: 0 | U110: 0 | V110: 0 | W110: 0 | X110: 0 | Y110: 72.035 | Z110: 75.335 | AH110: =SUM(C110:AG110) -> 2825.171
...

Sheet S.común
A2: Sardina común 2014
A4: V Región, de Valparaíso
A5: Mes | B5: Total mes | C5: 1 | D5: 2 | E5: 3 | F5: 4 | G5: 5 | H5: 6 | I5: 7 | J5: 8 | K5: 9 | L5: 10 | M5: 11 | N5: 12 | O5: 13 | P5: 14 | Q5: 15 | R5: 16 | S5: 17 | T5: 18 | U5: 19 | V5: 20 | W5: 21 | X5: 22 | Y5: 23 | Z5: 24 | AA5: 25 | AB5: 26 | AC5: 27 | AD5: 28 | AE5: 29 | AF5: 30 | AG5: 31 | AH5: TOTAL
A6: Enero | B6: =+AH6 -> 0 | C6: VEDA | D6: VEDA | E6: VEDA | F6: VEDA | G6: VEDA | H6: VEDA | I6: VEDA | J6: VEDA | K6: VEDA | L6: VEDA | M6: VEDA | N6: VEDA | O6: VEDA | P6: VEDA | Q6: VEDA | R6: VEDA | S6: VEDA | T6: VEDA | U6: VEDA | V6: VEDA | W6: VEDA | X6: VEDA | Y6: VEDA | Z6: VEDA | AA6: VEDA | AB6: VEDA | AC6: VEDA | AD6: VEDA | AE6: VEDA | AF6: VEDA | AG6: VEDA | AH6: =SUM(C6:AG6) -> 0
A7: Febrero | B7: =+AH7 -> 0 | C7: VEDA | D7: VEDA | E7: VEDA | F7: VEDA | G7: VEDA | H7: VEDA | I7: VEDA | J7: VEDA | K7: VEDA | L7: VEDA | M7: VEDA | N7: VEDA | O7: VEDA | P7: VEDA | Q7: VEDA | R7: VEDA | S7: VEDA | T7: VEDA | U7: VEDA | V7: VEDA | W7: VEDA | X7: VEDA | Y7: VEDA | Z7: VEDA | AA7: VEDA | AB7: VEDA | AC7: VEDA | AD7: VEDA | AE7: VEDA | AF7: VEDA | AG7: VEDA | AH7: =SUM(C7:AG7) -> 0
A8: Marzo | B8: =+AH8 -> 0 | C8: VEDA | D8: VEDA | E8: VEDA | F8: VEDA | G8: VEDA | AC8: VEDA | AD8: VEDA | AE8: VEDA | AF8: VEDA | AG8: VEDA | AH8: =SUM(C8:AG8) -> 0
A9: Abril | B9: =+AH9 -> 0 | C9: VEDA | D9: VEDA | E9: VEDA | F9: VEDA | G9: VEDA | H9: VEDA | I9: VEDA | J9: VEDA | K9: VEDA | AH9: =SUM(C9:AG9) -> 0
A10: Mayo | B10: =+AH10 -> 0 | AH10: =SUM(C10:AG10) -> 0
A11: Junio | B11: =+AH11 -> 0 | H11: Veda | I11: Veda | J11: Veda | K11: Veda | L11: Veda | M11: Veda | N11: Veda | O11: Veda | P11: Veda | Q11: Veda | R11: Veda | S11: Veda | T11: Veda | U11: Veda | V11: Veda | W11: Veda | X11: Veda | AH11: =SUM(C11:AG11) -> 0
A12: Julio | B12: =+AH12 -> 0 | AH12: =SUM(C12:AG12) -> 0
A13: Agosto | B13: =+AH13 -> 0 | J13: veda | K13: veda | L13: veda | M13: veda | N13: veda | O13: veda | P13: veda | Q13: veda | R13: veda | S13: veda | T13: veda | U13: veda | V13: veda | W13: veda | X13: veda | Y13: veda | Z13: veda | AA13: veda | AB13: veda | AC13: veda | AD13: veda | AE13: veda | AF13: veda | AG13: veda | AH13: =SUM(C13:AG13) -> 0
A14: Septiembre | B14: =+AH14 -> 0 | C14: veda | D14: veda | E14: veda | F14: veda | G14: veda | H14: veda | I14: veda | J14: veda | K14: veda | L14: veda | M14: veda | N14: veda | O14: veda | P14: veda | Q14: veda | R14: veda | S14: veda | T14: veda | U14: veda | V14: veda | W14: veda | X14: veda | Y14: veda | Z14: veda | AA14: veda | AB14: veda | AC14: veda | AD14: veda | AE14: veda | AF14: veda | AG14: veda | AH14: =SUM(C14:AG14) -> 0
A15: Octubre | B15: =+AH15 -> 0 | C15: veda | D15: veda | E15: veda | F15: veda | G15: veda | H15: veda | I15: veda | J15: veda | K15: veda | L15: veda | M15: veda | N15: veda | O15: veda | P15: veda | Q15: veda | R15: veda | S15: veda | T15: veda | U15: veda | V15: veda | W15: veda | AH15: =SUM(C15:AG15) -> 0
A16: Noviembre | B16: =+AH16 -> 0 | AH16: =SUM(C16:AG16) -> 0
A17: Diciembre | B17: =+AH17 -> 0 | P17: VEDA | Q17: VEDA | R17: VEDA | S17: VEDA | T17: VEDA | U17: VEDA | V17: VEDA | W17: VEDA | X17: VEDA | Y17: VEDA | Z17: VEDA | AA17: VEDA | AB17: VEDA | AC17: VEDA | AD17: VEDA | AE17: VEDA | AF17: VEDA | AG17: VEDA | AH17: =SUM(C17:AG17) -> 0
A18: Total | B18: =SUM(B6:B17) -> 0 | C18: =SUM(C6:C17) -> 0 | D18: =SUM(D6:D17) -> 0 | E18: =SUM(E6:E17) -> 0 | F18: =SUM(F6:F17) -> 0 | G18: =SUM(G6:G17) -> 0 | H18: =SUM(H6:H17) -> 0 | I18: =SUM(I6:I17) -> 0 | ... AH18: =SUM(AH6:AH17) -> 0
A20: VI Región, de O'higgins
A21: Mes | B21: Total mes | C21: 1 | D21: 2 | E21: 3 | F21: 4 | G21: 5 | H21: 6 | I21: 7 | J21: 8 | K21: 9 | L21: 10 | M21: 11 | N21: 12 | O21: 13 | P21: 14 | Q21: 15 | R21: 16 | S21: 17 | T21: 18 | U21: 19 | V21: 20 | W21: 21 | X21: 22 | Y21: 23 | Z21: 24 | AA21: 25 | AB21: 26 | AC21: 27 | AD21: 28 | AE21: 29 | AF21: 30 | AG21: 31 | AH21: TOTAL | AI21: Xc | AJ21: =(B34/COUNTIF($C$22:$AG$33,">0")) -> #DIV/0!
A22: Enero | B22: =+AH22 -> 0 | C22: VEDA | D22: VEDA | E22: VEDA | F22: VEDA | G22: VEDA | H22: VEDA | I22: VEDA | J22: VEDA | K22: VEDA | L22: VEDA | M22: VEDA | N22: VEDA | O22: VEDA | P22: VEDA | Q22: VEDA | R22: VEDA | S22: VEDA | T22: VEDA | U22: VEDA | V22: VEDA | W22: VEDA | X22: VEDA | Y22: VEDA | Z22: VEDA | AA22: VEDA | AB22: VEDA | AC22: VEDA | AD22: VEDA | AE22: VEDA | AF22: VEDA | AG22: VEDA | AH22: =SUM(C22:AG22) -> 0
A23: Febrero | B23: =+AH23 -> 0 | C23: VEDA | D23: VEDA | E23: VEDA | F23: VEDA | G23: VEDA | H23: VEDA | I23: VEDA | J23: VEDA | K23: VEDA | L23: VEDA | M23: VEDA | N23: VEDA | O23: VEDA | P23: VEDA | Q23: VEDA | R23: VEDA | S23: VEDA | T23: VEDA | U23: VEDA | V23: VEDA | W23: VEDA | X23: VEDA | Y23: VEDA | Z23: VEDA | AA23: VEDA | AB23: VEDA | AC23: VEDA | AD23: VEDA | AE23: VEDA | AF23: VEDA | AG23: VEDA | AH23: =SUM(C23:AG23) -> 0
A24: Marzo | B24: =+AH24 -> 0 | C24: VEDA | D24: VEDA | E24: VEDA | F24: VEDA | G24: VEDA | AH24: =SUM(C24:AG24) -> 0
A25: Abril | B25: =+AH25 -> 0 | AH25: =SUM(C25:AG25) -> 0
A26: Mayo | B26: =+AH26 -> 0 | AH26: =SUM(C26:AG26) -> 0
A27: Junio | B27: =+AH27 -> 0 | AH27: =SUM(C27:AG27) -> 0
A28: Julio | B28: =+AH28 -> 0 | AF28: VEDA | AG28: VEDA | AH28: =SUM(C28:AG28) -> 0
A29: Agosto | B29: =+AH29 -> 0 | C29: VEDA | D29: VEDA | E29: VEDA | F29: VEDA | G29: VEDA | H29: VEDA | I29: VEDA | J29: VEDA | K29: VEDA | L29: VEDA | M29: VEDA | N29: VEDA | O29: VEDA | P29: VEDA | Q29: VEDA | R29: VEDA | S29: VEDA | T29: VEDA | U29: VEDA | V29: VEDA | W29: VEDA | X29: VEDA | Y29: VEDA | Z29: VEDA | AA29: VEDA | AB29: VEDA | AC29: VEDA | AD29: VEDA | AE29: VEDA | AF29: VEDA | AG29: VEDA | AH29: =SUM(C29:AG29) -> 0
A30: Septiembre | B30: =+AH30 -> 0 | C30: VEDA | D30: VEDA | E30: VEDA | F30: VEDA | G30: VEDA | H30: VEDA | I30: VEDA | J30: VEDA | K30: VEDA | L30: VEDA | M30: VEDA | N30: VEDA | O30: VEDA | P30: VEDA | Q30: VEDA | R30: VEDA | S30: VEDA | T30: VEDA | U30: VEDA | V30: VEDA | W30: VEDA | X30: VEDA | Y30: VEDA | Z30: VEDA | AA30: VEDA | AB30: VEDA | AC30: VEDA | AD30: VEDA | AE30: VEDA | AF30: VEDA | AG30: VEDA | AH30: =SUM(C30:AG30) -> 0
A31: Octubre | B31: =+AH31 -> 0 | C31: VEDA | D31: VEDA | E31: VEDA | F31: VEDA | G31: VEDA | H31: VEDA | I31: VEDA | J31: VEDA | K31: VEDA | L31: VEDA | M31: VEDA | N31: VEDA | O31: VEDA | P31: VEDA | Q31: VEDA | R31: VEDA | S31: VEDA | T31: VEDA | U31: VEDA | V31: VEDA | W31: VEDA | AH31: =SUM(C31:AG31) -> 0
A32: Noviembre | B32: =+AH32 -> 0 | AH32: =SUM(C32:AG32) -> 0
A33: Diciembre | B33: =+AH33 -> 0 | L33: VEDA | M33: VEDA | N33: VEDA | O33: VEDA | P33: VEDA | Q33: VEDA | R33: VEDA | S33: VEDA | T33: VEDA | U33: VEDA | V33: VEDA | W33: VEDA | X33: VEDA | Y33: VEDA | Z33: VEDA | AA33: VEDA | AB33: VEDA | AC33: VEDA | AD33: VEDA | AE33: VEDA | AF33: VEDA | AG33: VEDA | AH33: =SUM(C33:AG33) -> 0
A34: Total | B34: =SUM(B22:B33) -> 0 | C34: =SUM(C22:C33) -> 0 | D34: =SUM(D22:D33) -> 0 | E34: =SUM(E22:E33) -> 0 | F34: =SUM(F22:F33) -> 0 | G34: =SUM(G22:G33) -> 0 | H34: =SUM(H22:H33) -> 0 | I34: =SUM(I22:I33) -> 0 | ... AH34: =SUM(AH22:AH33) -> 0
A36: VII Región, del Maule
A37: Mes | B37: Total mes | C37: 1 | D37: 2 | E37: 3 | F37: 4 | G37: 5 | H37: 6 | I37: 7 | J37: 8 | K37: 9 | L37: 10 | M37: 11 | N37: 12 | O37: 13 | P37: 14 | Q37: 15 | R37: 16 | S37: 17 | T37: 18 | U37: 19 | V37: 20 | W37: 21 | X37: 22 | Y37: 23 | Z37: 24 | AA37: 25 | AB37: 26 | AC37: 27 | AD37: 28 | AE37: 29 | AF37: 30 | AG37: 31 | AH37: TOTAL
A38: Enero | B38: =+AH38 -> 0 | C38: VEDA | D38: VEDA | E38: VEDA | F38: VEDA | G38: VEDA | H38: VEDA | I38: VEDA | J38: VEDA | K38: VEDA | L38: VEDA | M38: VEDA | N38: VEDA | O38: VEDA | P38: VEDA | Q38: VEDA | R38: VEDA | S38: VEDA | T38: VEDA | U38: VEDA | V38: VEDA | W38: VEDA | X38: VEDA | Y38: VEDA | Z38: VEDA | AA38: VEDA | AB38: VEDA | AC38: VEDA | AD38: VEDA | AE38: VEDA | AF38: VEDA | AG38: VEDA | AH38: =SUM(H38:AG38) -> 0
A39: Febrero | B39: =+AH39 -> 0 | C39: VEDA | D39: VEDA | E39: VEDA | F39: VEDA | G39: VEDA | H39: VEDA | I39: VEDA | J39: VEDA | K39: VEDA | L39: VEDA | M39: VEDA | N39: VEDA | O39: VEDA | P39: VEDA | Q39: VEDA | R39: VEDA | S39: VEDA | T39: VEDA | U39: VEDA | V39: VEDA | W39: VEDA | X39: VEDA | Y39: VEDA | Z39: VEDA | AA39: VEDA | AB39: VEDA | AC39: VEDA | AD39: VEDA | AE39: VEDA | AF39: VEDA | AG39: VEDA | AH39: =SUM(H39:AG39) -> 0
A40: Marzo | B40: =+AH40 -> 0 | C40: VEDA | D40: VEDA | E40: VEDA | F40: VEDA | G40: VEDA | AE40: VEDA | AF40: VEDA | AG40: VEDA | AH40: =SUM(H40:AG40) -> 0
A41: Abril | B41: =+AH41 -> 0 | C41: VEDA | D41: VEDA | E41: VEDA | F41: VEDA | G41: VEDA | H41: VEDA | I41: VEDA | J41: VEDA | K41: VEDA | AH41: =SUM(C41:AG41) -> 0
A42: Mayo | B42: =+AH42 -> 0 | AH42: =SUM(C42:AG42) -> 0
A43: Junio | B43: =+AH43 -> 0 | H43: Veda | I43: Veda | J43: Veda | K43: Veda | L43: Veda | M43: Veda | N43: Veda | O43: Veda | P43: Veda | Q43: Veda | R43: Veda | S43: Veda | T43: Veda | U43: Veda | V43: Veda | W43: Veda | X43: Veda | AH43: =SUM(C43:AG43) -> 0
A44: Julio | B44: =+AH44 -> 0 | AH44: =SUM(C44:AG44) -> 0
A45: Agosto | B45: =+AH45 -> 0 | J45: veda | K45: veda | L45: veda | M45: veda | N45: veda | O45: veda | P45: veda | Q45: veda | R45: veda | S45: veda | T45: veda | U45: veda | V45: veda | W45: veda | X45: veda | Y45: veda | Z45: veda | AA45: veda | AB45: veda | AC45: veda | AD45: veda | AE45: veda | AF45: veda | AG45: veda | AH45: =SUM(C45:AG45) -> 0
A46: Septiembre | B46: =+AH46 -> 0 | C46: veda | D46: veda | E46: veda | F46: veda | G46: veda | H46: veda | I46: veda | J46: veda | K46: veda | L46: veda | M46: veda | N46: veda | O46: veda | P46: veda | Q46: veda | R46: veda | S46: veda | T46: veda | U46: veda | V46: veda | W46: veda | X46: veda | Y46: veda | Z46: veda | AA46: veda | AB46: veda | AC46: veda | AD46: veda | AE46: veda | AF46: veda | AG46: veda | AH46: =SUM(C46:AG46) -> 0
A47: Octubre | B47: =+AH47 -> 0 | C47: veda | D47: veda | E47: veda | F47: veda | G47: veda | H47: veda | I47: veda | J47: veda | K47: veda | L47: veda | M47: veda | N47: veda | O47: veda | P47: veda | Q47: veda | R47: veda | S47: veda | T47: veda | U47: veda | V47: veda | W47: veda | AH47: =SUM(C47:AG47) -> 0
A48: Noviembre | B48: =+AH48 -> 0 | AH48: =SUM(C48:AG48) -> 0
A49: Diciembre | B49: =+AH49 -> 0 | P49: VEDA | Q49: VEDA | R49: VEDA | S49: VEDA | T49: VEDA | U49: VEDA | V49: VEDA | W49: VEDA | X49: VEDA | Y49: VEDA | Z49: VEDA | AA49: VEDA | AB49: VEDA | AC49: VEDA | AD49: VEDA | AE49: VEDA | AF49: VEDA | AG49: VEDA | AH49: =SUM(C49:AG49) -> 0
A50: Total | B50: =SUM(B38:B49) -> 0 | C50: =SUM(C38:C49) -> 0 | D50: =SUM(D38:D49) -> 0 | E50: =SUM(E38:E49) -> 0 | F50: =SUM(F38:F49) -> 0 | G50: =SUM(G38:G49) -> 0 | H50: =SUM(H38:H49) -> 0 | I50: =SUM(I38:I49) -> 0 | ... AH50: =SUM(AH38:AH49) -> 0
A52: VIII Región, del Bio Bio
A53: Mes | B53: Total mes | C53: 1 | D53: 2 | E53: 3 | F53: 4 | G53: 5 | H53: 6 | I53: 7 | J53: 8 | K53: 9 | L53: 10 | M53: 11 | N53: 12 | O53: 13 | P53: 14 | Q53: 15 | R53: 16 | S53: 17 | T53: 18 | U53: 19 | V53: 20 | W53: 21 | X53: 22 | Y53: 23 | Z53: 24 | AA53: 25 | AB53: 26 | AC53: 27 | AD53: 28 | AE53: 29 | AF53: 30 | AG53: 31 | AH53: TOTAL
A54: Enero | B54: =+AH54 -> 0 | C54: VEDA | D54: VEDA | E54: VEDA | F54: VEDA | G54: VEDA | H54: VEDA | I54: VEDA | J54: VEDA | K54: VEDA | L54: VEDA | M54: VEDA | N54: VEDA | O54: VEDA | P54: VEDA | Q54: VEDA | R54: VEDA | S54: VEDA | T54: VEDA | U54: VEDA | V54: VEDA | W54: VEDA | X54: VEDA | Y54: VEDA | Z54: VEDA | AA54: VEDA | AB54: VEDA | AC54: VEDA | AD54: VEDA | AE54: VEDA | AF54: VEDA | AG54: VEDA | AH54: =SUM(C54:AG54) -> 0
A55: Febrero | B55: =+AH55 -> 0 | C55: VEDA | D55: VEDA | E55: VEDA | F55: VEDA | G55: VEDA | H55: VEDA | I55: VEDA | J55: VEDA | K55: VEDA | L55: VEDA | M55: VEDA | N55: VEDA | O55: VEDA | P55: VEDA | Q55: VEDA | R55: VEDA | S55: VEDA | T55: VEDA | U55: VEDA | V55: VEDA | W55: VEDA | X55: VEDA | Y55: VEDA | Z55: VEDA | AA55: VEDA | AB55: VEDA | AC55: VEDA | AD55: VEDA | AE55: VEDA | AF55: VEDA | AG55: VEDA | AH55: =SUM(C55:AG55) -> 0
A56: Marzo | B56: =+AH56 -> 0 | C56: VEDA | D56: VEDA | E56: VEDA | F56: VEDA | G56: VEDA | AC56: VEDA | AD56: VEDA | AE56: VEDA | AF56: VEDA | AG56: VEDA | AH56: =SUM(C56:AG56) -> 0
A57: Abril | B57: =+AH57 -> 0 | C57: VEDA | D57: VEDA | E57: VEDA | F57: VEDA | G57: VEDA | H57: VEDA | I57: VEDA | J57: VEDA | K57: VEDA | AH57: =SUM(C57:AG57) -> 0
A58: Mayo | B58: =+AH58 -> 0 | AH58: =SUM(C58:AG58) -> 0
A59: Junio | B59: =+AH59 -> 0 | H59: Veda | I59: Veda | J59: Veda | K59: Veda | L59: Veda | M59: Veda | N59: Veda | O59: Veda | P59: Veda | Q59: Veda | R59: Veda | S59: Veda | T59: Veda | U59: Veda | V59: Veda | W59: Veda | X59: Veda | AH59: =SUM(C59:AG59) -> 0
A60: Julio | B60: =+AH60 -> 0 | AH60: =SUM(C60:AG60) -> 0
A61: Agosto | B61: =+AH61 -> 0 | J61: veda | K61: veda | L61: veda | M61: veda | N61: veda | O61: veda | P61: veda | Q61: veda | R61: veda | S61: veda | T61: veda | U61: veda | V61: veda | W61: veda | X61: veda | Y61: veda | Z61: veda | AA61: veda | AB61: veda | AC61: veda | AD61: veda | AE61: veda | AF61: veda | AG61: veda | AH61: =SUM(C61:AG61) -> 0
A62: Septiembre | B62: =+AH62 -> 0 | C62: veda | D62: veda | E62: veda | F62: veda | G62: veda | H62: veda | I62: veda | J62: veda | K62: veda | L62: veda | M62: veda | N62: veda | O62: veda | P62: veda | Q62: veda | R62: veda | S62: veda | T62: veda | U62: veda | V62: veda | W62: veda | X62: veda | Y62: veda | Z62: veda | AA62: veda | AB62: veda | AC62: veda | AD62: veda | AE62: veda | AF62: veda | AG62: veda | AH62: =SUM(C62:AG62) -> 0
A63: Octubre | B63: =+AH63 -> 0 | C63: veda | D63: veda | E63: veda | F63: veda | G63: veda | H63: veda | I63: veda | J63: veda | K63: veda | L63: veda | M63: veda | N63: veda | O63: veda | P63: veda | Q63: veda | R63: veda | S63: veda | T63: veda | U63: veda | V63: veda | W63: veda | AH63: =SUM(C63:AG63) -> 0
A64: Noviembre | B64: =+AH64 -> 0 | AH64: =SUM(C64:AG64) -> 0
A65: Diciembre | B65: =+AH65 -> 0 | P65: VEDA | Q65: VEDA | R65: VEDA | S65: VEDA | T65: VEDA | U65: VEDA | V65: VEDA | W65: VEDA | X65: VEDA | Y65: VEDA | Z65: VEDA | AA65: VEDA | AB65: VEDA | AC65: VEDA | AD65: VEDA | AE65: VEDA | AF65: VEDA | AG65: VEDA | AH65: =SUM(C65:AG65) -> 0
A66: Total | B66: =SUM(B54:B65) -> 0 | C66: =SUM(C54:C65) -> 0 | D66: =SUM(D54:D65) -> 0 | E66: =SUM(E54:E65) -> 0 | F66: =SUM(F54:F65) -> 0 | G66: =SUM(G54:G65) -> 0 | H66: =SUM(H54:H65) -> 0 | I66: =SUM(I54:I65) -> 0 | ... AH66: =SUM(AH54:AH65) -> 0
A68: IX Región, de la Araucanía
A69: Mes | B69: Total mes | C69: 1 | D69: 2 | E69: 3 | F69: 4 | G69: 5 | H69: 6 | I69: 7 | J69: 8 | K69: 9 | L69: 10 | M69: 11 | N69: 12 | O69: 13 | P69: 14 | Q69: 15 | R69: 16 | S69: 17 | T69: 18 | U69: 19 | V69: 20 | W69: 21 | X69: 22 | Y69: 23 | Z69: 24 | AA69: 25 | AB69: 26 | AC69: 27 | AD69: 28 | AE69: 29 | AF69: 30 | AG69: 31 | AH69: TOTAL | AI69: Xc | AJ69: =(B82/COUNTIF($C$70:$AG$81,">0")) -> 147.73609 | AL69: GLOBAL + IMPREVISTOS | AN69: IX Región, de la Araucanía | AQ69: CUOTA DE IMPREVISTOS RES EX 3135 14 11 2013 | AX69: activada por resol 1730 del 02 07 2014
A70: Enero | B70: =+AH70 -> 0 | C70: VEDA | D70: VEDA | E70: VEDA | F70: VEDA | G70: VEDA | H70: VEDA | I70: VEDA | J70: VEDA | K70: VEDA | L70: VEDA | M70: VEDA | N70: VEDA | O70: VEDA | P70: VEDA | Q70: VEDA | R70: VEDA | S70: VEDA | T70: VEDA | U70: VEDA | V70: VEDA | W70: VEDA | X70: VEDA | Y70: VEDA | Z70: VEDA | AA70: VEDA | AB70: VEDA | AC70: VEDA | AD70: VEDA | AE70: VEDA | AF70: VEDA | AG70: VEDA | AH70: =SUM(H70:AG70) -> 0 | AJ70: =+'Res. Global'!J73 -> 2.051 | AN70: Mes | AO70: Total mes | AP70: 1 | AQ70: 2 | AR70: 3 | AS70: 4 | AT70: 5 | AU70: 6 | AV70: 7 | AW70: 8 | AX70: 9 | AY70: 10 | AZ70: 11 | BA70: 12 | BB70: 13 | BC70: 14 | BD70: 15 | BE70: 16 | BF70: 17 | BG70: 18 | BH70: 19 | BI70: 20 | BJ70: 21 | BK70: 22 | BL70: 23 | BM70: 24 | BN70: 25 | BO70: 26 | BP70: 27 | BQ70: 28 | BR70: 29 | BS70: 30 | BT70: 31 | BU70: TOTAL | BV70: Xc | BW70: =(AO83/COUNTIF($AP$71:$BT$82,">0")) -> 2601.186
A71: Febrero | B71: =+AH71 -> 0 | C71: VEDA | D71: VEDA | E71: VEDA | F71: VEDA | G71: VEDA | H71: VEDA | I71: VEDA | J71: VEDA | K71: VEDA | L71: VEDA | M71: VEDA | N71: VEDA | O71: VEDA | P71: VEDA | Q71: VEDA | R71: VEDA | S71: VEDA | T71: VEDA | U71: VEDA | V71: VEDA | W71: VEDA | X71: VEDA | Y71: VEDA | Z71: VEDA | AA71: VEDA | AB71: VEDA | AC71: VEDA | AD71: VEDA | AE71: VEDA | AF71: VEDA | AG71: VEDA | AH71: =SUM(H71:AG71) -> 0 | AJ71: =+AJ70/AJ69 -> 0.013882864 | AL71: =+AH70+AO71 -> 0 | AN71: Enero | AO71: =+BU71 -> 0 | AP71: VEDA | AQ71: VEDA | AR71: VEDA | AS71: VEDA | AT71: VEDA | AU71: VEDA | AV71: VEDA | AW71: VEDA | AX71: VEDA | AY71: VEDA | AZ71: VEDA | BA71: VEDA | BB71: VEDA | BC71: VEDA | BD71: VEDA | BE71: VEDA | BF71: VEDA | BG71: VEDA | BH71: VEDA | BI71: VEDA | BJ71: VEDA | BK71: VEDA | BL71: VEDA | BM71: VEDA | BN71: VEDA | BO71: VEDA | BP71: VEDA | BQ71: VEDA | BR71: VEDA | BS71: VEDA | BT71: VEDA | BU71: =SUM(AU71:BT71) -> 0
A72: Marzo | B72: =+AH72 -> 2891.622 | H72: 126.504 | I72: 246.984 | J72: 109.344 | K72: 42.42 | M72: 13.15 | N72: 71.42 | O72: 230.1 | P72: 215.85 | Q72: 220.71 | S72: 74.1 | T72: 248.092 | U72: 272.565 | V72: 143.45 | W72: 96.39 | Z72: 212.085 | AA72: 110.36 | AB72: 225.435 | AC72: 232.663 | AH72: =SUM(H72:AG72) -> 2891.622 | AL72: =+AH71+AO72 -> 0 | AN72: Febrero | AO72: =+BU72 -> 0 | AP72: VEDA | AQ72: VEDA | AR72: VEDA | AS72: VEDA | AT72: VEDA | AU72: VEDA | AV72: VEDA | AW72: VEDA | AX72: VEDA | AY72: VEDA | AZ72: VEDA | BA72: VEDA | BB72: VEDA | BC72: VEDA | BD72: VEDA | BE72: VEDA | BF72: VEDA | BG72: VEDA | BH72: VEDA | BI72: VEDA | BJ72: VEDA | BK72: VEDA | BL72: VEDA | BM72: VEDA | BN72: VEDA | BO72: VEDA | BP72: VEDA | BQ72: VEDA | BR72: VEDA | BS72: VEDA | BT72: VEDA | BU72: =SUM(AU72:BT72) -> 0
A73: Abril | B73: =+AH73 -> 1506.084 | F73: 203.591 | G73: 74.113 | H73: 123.892 | I73: 272.786 | J73: 176.245 | K73: 148.385 | L73: 75.78 | M73: 116.117 | O73: 69.615 | P73: 164.205 | Q73: 81.355 | AH73: =SUM(C73:AG73) -> 1506.084 | AL73: =+AH72+AO73 -> 2891.622 | AN73: Marzo | AO73: =+BU73 -> 0 | AP73: VEDA | AQ73: VEDA | AR73: VEDA | AS73: VEDA | AT73: VEDA | BU73: =SUM(AU73:BT73) -> 0
A74: Mayo | B74: =+AH74 -> 479.889 | O74: 479.889 | AH74: =SUM(C74:AG74) -> 479.889 | AL74: =+AH73+AO74 -> 1506.084 | AN74: Abril | AO74: =+BU74 -> 0 | BU74: =SUM(AP74:BT74) -> 0
A75: Junio | B75: =+AH75 -> 293.168 | O75: 41.742 | R75: 75.67 | S75: 69.672 | T75: 56.084 | U75: 50 | AH75: =SUM(C75:AG75) -> 293.168 | AL75: =+AH74+AO75 -> 479.889 | AN75: Mayo | AO75: =+BU75 -> 0 | BU75: =SUM(AP75:BT75) -> 0
A76: Julio | B76: =+AH76 -> 0 | AF76: VEDA | AG76: VEDA | AH76: =SUM(C76:AG76) -> 0 | AL76: =+AH75+AO76 -> 293.168 | AN76: Junio | AO76: =+BU76 -> 0 | BU76: =SUM(AP76:BT76) -> 0
A77: Agosto | B77: =+AH77 -> 0 | C77: VEDA | D77: VEDA | E77: VEDA | F77: VEDA | G77: VEDA | H77: VEDA | I77: VEDA | J77: VEDA | K77: VEDA | L77: VEDA | M77: VEDA | N77: VEDA | O77: VEDA | P77: VEDA | Q77: VEDA | R77: VEDA | S77: VEDA | T77: VEDA | U77: VEDA | V77: VEDA | W77: VEDA | X77: VEDA | Y77: VEDA | Z77: VEDA | AA77: VEDA | AB77: VEDA | AC77: VEDA | AD77: VEDA | AE77: VEDA | AF77: VEDA | AG77: VEDA | AH77: =SUM(C77:AG77) -> 0 | AL77: =+AH76+AO77 -> 0 | AN77: Julio | AO77: =+BU77 -> 0 | BU77: =SUM(AP77:BT77) -> 0
A78: Septiembre | B78: =+AH78 -> 0 | C78: VEDA | D78: VEDA | E78: VEDA | F78: VEDA | G78: VEDA | H78: VEDA | I78: VEDA | J78: VEDA | K78: VEDA | L78: VEDA | M78: VEDA | N78: VEDA | O78: VEDA | P78: VEDA | Q78: VEDA | R78: VEDA | S78: VEDA | T78: VEDA | U78: VEDA | V78: VEDA | W78: VEDA | X78: VEDA | Y78: VEDA | Z78: VEDA | AA78: VEDA | AB78: VEDA | AC78: VEDA | AD78: VEDA | AE78: VEDA | AF78: VEDA | AG78: VEDA | AH78: =SUM(C78:AG78) -> 0 | AL78: =+AH77+AO78 -> 0 | AN78: Agosto | AO78: =+BU78 -> 0 | AP78: VEDA | AQ78: VEDA | AR78: VEDA | AS78: VEDA | AT78: VEDA | AU78: VEDA | AV78: VEDA | AW78: VEDA | AX78: VEDA | AY78: VEDA | AZ78: VEDA | BA78: VEDA | BB78: VEDA | BC78: VEDA | BD78: VEDA | BE78: VEDA | BF78: VEDA | BG78: VEDA | BH78: VEDA | BI78: VEDA | BJ78: VEDA | BK78: VEDA | BL78: VEDA | BM78: VEDA | BN78: VEDA | BO78: VEDA | BP78: VEDA | BQ78: VEDA | BR78: VEDA | BS78: VEDA | BT78: VEDA | BU78: =SUM(AP78:BT78) -> 0
A79: Octubre | B79: =+AH79 -> 0 | C79: VEDA | D79: VEDA | E79: VEDA | F79: VEDA | G79: VEDA | H79: VEDA | I79: VEDA | J79: VEDA | K79: VEDA | L79: VEDA | M79: VEDA | N79: VEDA | O79: VEDA | P79: VEDA | Q79: VEDA | R79: VEDA | S79: VEDA | T79: VEDA | U79: VEDA | V79: VEDA | W79: VEDA | AH79: =SUM(C79:AG79) -> 0 | AL79: =+AH78+AO79 -> 0 | AN79: Septiembre | AO79: =+BU79 -> 0 | AP79: VEDA | AQ79: VEDA | AR79: VEDA | AS79: VEDA | AT79: VEDA | AU79: VEDA | AV79: VEDA | AW79: VEDA | AX79: VEDA | AY79: VEDA | AZ79: VEDA | BA79: VEDA | BB79: VEDA | BC79: VEDA | BD79: VEDA | BE79: VEDA | BF79: VEDA | BG79: VEDA | BH79: VEDA | BI79: VEDA | BJ79: VEDA | BK79: VEDA | BL79: VEDA | BM79: VEDA | BN79: VEDA | BO79: VEDA | BP79: VEDA | BQ79: VEDA | BR79: VEDA | BS79: VEDA | BT79: VEDA | BU79: =SUM(AP79:BT79) -> 0
A80: Noviembre | B80: =+AH80 -> 0 | AH80: =SUM(C80:AG80) -> 0 | AL80: =+AH79+AO80 -> 0 | AN80: Octubre | AO80: =+BU80 -> 0 | AP80: VEDA | AQ80: VEDA | AR80: VEDA | AS80: VEDA | AT80: VEDA | AU80: VEDA | AV80: VEDA | AW80: VEDA | AX80: VEDA | AY80: VEDA | AZ80: VEDA | BA80: VEDA | BB80: VEDA | BC80: VEDA | BD80: VEDA | BE80: VEDA | BF80: VEDA | BG80: VEDA | BH80: VEDA | BI80: VEDA | BJ80: VEDA | BU80: =SUM(AP80:BT80) -> 0
A81: Diciembre | B81: =+AH81 -> 0 | L81: VEDA | M81: VEDA | N81: VEDA | O81: VEDA | P81: VEDA | Q81: VEDA | R81: VEDA | S81: VEDA | T81: VEDA | U81: VEDA | V81: VEDA | W81: VEDA | X81: VEDA | Y81: VEDA | Z81: VEDA | AA81: VEDA | AB81: VEDA | AC81: VEDA | AD81: VEDA | AE81: VEDA | AF81: VEDA | AG81: VEDA | AH81: =SUM(C81:AG81) -> 0 | AL81: =+AH80+AO81 -> 2601.186 | AN81: Noviembre | AO81: =+BU81 -> 2601.186 | BH81: 2601.186 | BU81: =SUM(AP81:BT81) -> 2601.186
A82: Total | B82: =SUM(B70:B81) -> 5170.763 | C82: =SUM(C70:C81) -> 0 | D82: =SUM(D70:D81) -> 0 | E82: =SUM(E70:E81) -> 0 | F82: =SUM(F70:F81) -> 203.591 | G82: =SUM(G70:G81) -> 74.113 | H82: =SUM(H70:H81) -> 250.396 | I82: =SUM(I70:I81) -> 519.77 | ... AH82: =SUM(AH70:AH81) -> 5170.763 | AL82: =+AH81+AO82 -> 0 | AN82: Diciembre | AO82: =+BU82 -> 0 | BU82: =SUM(AP82:BT82) -> 0
AL83: =SUM(AL71:AL82) -> 7771.949 | AN83: Total | AO83: =SUM(AO71:AO82) -> 2601.186 | AP83: =SUM(AP71:AP82) -> 0 | AQ83: =SUM(AQ71:AQ82) -> 0 | AR83: =SUM(AR71:AR82) -> 0 | AS83: =SUM(AS71:AS82) -> 0 | AT83: =SUM(AT71:AT82) -> 0 | AU83: =SUM(AU71:AU82) -> 0 | AV83: =SUM(AV71:AV82) -> 0 | ... BU83: =SUM(BU71:BU82) -> 2601.186
A84: XIV Región, de Los Ríos
A85: Mes | B85: Total mes | C85: 1 | D85: 2 | E85: 3 | F85: 4 | G85: 5 | H85: 6 | I85: 7 | J85: 8 | K85: 9 | L85: 10 | M85: 11 | N85: 12 | O85: 13 | P85: 14 | Q85: 15 | R85: 16 | S85: 17 | T85: 18 | U85: 19 | V85: 20 | W85: 21 | X85: 22 | Y85: 23 | Z85: 24 | AA85: 25 | AB85: 26 | AC85: 27 | AD85: 28 | AE85: 29 | AF85: 30 | AG85: 31 | AH85: TOTAL
A86: Enero | B86: =+AH86 -> 0 | C86: VEDA | D86: VEDA | E86: VEDA | F86: VEDA | G86: VEDA | H86: VEDA | I86: VEDA | J86: VEDA | K86: VEDA | L86: VEDA | M86: VEDA | N86: VEDA | O86: VEDA | P86: VEDA | Q86: VEDA | R86: VEDA | S86: VEDA | T86: VEDA | U86: VEDA | V86: VEDA | W86: VEDA | X86: VEDA | Y86: VEDA | Z86: VEDA | AA86: VEDA | AB86: VEDA | AC86: VEDA | AD86: VEDA | AE86: VEDA | AF86: VEDA | AG86: VEDA | AH86: =SUM(C86:AG86) -> 0
A87: Febrero | B87: =+AH87 -> 0 | C87: VEDA | D87: VEDA | E87: VEDA | F87: VEDA | G87: VEDA | H87: VEDA | I87: VEDA | J87: VEDA | K87: VEDA | L87: VEDA | M87: VEDA | N87: VEDA | O87: VEDA | P87: VEDA | Q87: VEDA | R87: VEDA | S87: VEDA | T87: VEDA | U87: VEDA | V87: VEDA | W87: VEDA | X87: VEDA | Y87: VEDA | Z87: VEDA | AA87: VEDA | AB87: VEDA | AC87: VEDA | AD87: VEDA | AE87: VEDA | AF87: VEDA | AG87: VEDA | AH87: =SUM(C87:AG87) -> 0
A88: Marzo | B88: =+AH88 -> 0 | C88: VEDA | D88: VEDA | E88: VEDA | F88: VEDA | G88: VEDA | AC88: VEDA | AD88: VEDA | AE88: VEDA | AF88: VEDA | AG88: VEDA | AH88: =SUM(C88:AG88) -> 0
A89: Abril | B89: =+AH89 -> 0 | C89: VEDA | D89: VEDA | E89: VEDA | F89: VEDA | G89: VEDA | H89: VEDA | I89: VEDA | J89: VEDA | K89: VEDA | AH89: =SUM(C89:AG89) -> 0
A90: Mayo | B90: =+AH90 -> 0 | AH90: =SUM(C90:AG90) -> 0
A91: Junio | B91: =+AH91 -> 0 | H91: Veda | I91: Veda | J91: Veda | K91: Veda | L91: Veda | M91: Veda | N91: Veda | O91: Veda | P91: Veda | Q91: Veda | R91: Veda | S91: Veda | T91: Veda | U91: Veda | V91: Veda | W91: Veda | X91: Veda | AH91: =SUM(C91:AG91) -> 0
A92: Julio | B92: =+AH92 -> 0 | AH92: =SUM(C92:AG92) -> 0
A93: Agosto | B93: =+AH93 -> 0 | J93: veda | K93: veda | L93: veda | M93: veda | N93: veda | O93: veda | P93: veda | Q93: veda | R93: veda | S93: veda | T93: veda | U93: veda | V93: veda | W93: veda | X93: veda | Y93: veda | Z93: veda | AA93: veda | AB93: veda | AC93: veda | AD93: veda | AE93: veda | AF93: veda | AG93: veda | AH93: =SUM(C93:AG93) -> 0
A94: Septiembre | B94: =+AH94 -> 0 | C94: veda | D94: veda | E94: veda | F94: veda | G94: veda | H94: veda | I94: veda | J94: veda | K94: veda | L94: veda | M94: veda | N94: veda | O94: veda | P94: veda | Q94: veda | R94: veda | S94: veda | T94: veda | U94: veda | V94: veda | W94: veda | X94: veda | Y94: veda | Z94: veda | AA94: veda | AB94: veda | AC94: veda | AD94: veda | AE94: veda | AF94: veda | AG94: veda | AH94: =SUM(C94:AG94) -> 0
A95: Octubre | B95: =+AH95 -> 0 | C95: veda | D95: veda | E95: veda | F95: veda | G95: veda | H95: veda | I95: veda | J95: veda | K95: veda | L95: veda | M95: veda | N95: veda | O95: veda | P95: veda | Q95: veda | R95: veda | S95: veda | T95: veda | U95: veda | V95: veda | W95: veda | AH95: =SUM(C95:AG95) -> 0
A96: Noviembre | B96: =+AH96 -> 0 | AH96: =SUM(C96:AG96) -> 0
A97: Diciembre | B97: =+AH97 -> 0 | P97: VEDA | Q97: VEDA | R97: VEDA | S97: VEDA | T97: VEDA | U97: VEDA | V97: VEDA | W97: VEDA | X97: VEDA | Y97: VEDA | Z97: VEDA | AA97: VEDA | AB97: VEDA | AC97: VEDA | AD97: VEDA | AE97: VEDA | AF97: VEDA | AG97: VEDA | AH97: =SUM(C97:AG97) -> 0
A98: Total | B98: =SUM(B86:B97) -> 0 | C98: =SUM(C86:C97) -> 0 | D98: =SUM(D86:D97) -> 0 | E98: =SUM(E86:E97) -> 0 | F98: =SUM(F86:F97) -> 0 | G98: =SUM(G86:G97) -> 0 | H98: =SUM(H86:H97) -> 0 | I98: =SUM(I86:I97) -> 0 | ... AH98: =SUM(AH86:AH97) -> 0
AN99: CUOTA | AO99: 2602
A100: X Región, de Los Lagos
A101: Mes | B101: Total mes | C101: 1 | D101: 2 | E101: 3 | F101: 4 | G101: 5 | H101: 6 | I101: 7 | J101: 8 | K101: 9 | L101: 10 | M101: 11 | N101: 12 | O101: 13 | P101: 14 | Q101: 15 | R101: 16 | S101: 17 | T101: 18 | U101: 19 | V101: 20 | W101: 21 | X101: 22 | Y101: 23 | Z101: 24 | AA101: 25 | AB101: 26 | AC101: 27 | AD101: 28 | AE101: 29 | AF101: 30 | AG101: 31 | AH101: TOTAL
A102: Enero | B102: =+AH102 -> 0 | C102: VEDA | D102: VEDA | E102: VEDA | F102: VEDA | G102: VEDA | H102: VEDA | I102: VEDA | J102: VEDA | K102: VEDA | L102: VEDA | M102: VEDA | N102: VEDA | O102: VEDA | P102: VEDA | Q102: VEDA | R102: VEDA | S102: VEDA | T102: VEDA | U102: VEDA | V102: VEDA | W102: VEDA | X102: VEDA | Y102: VEDA | Z102: VEDA | AA102: VEDA | AB102: VEDA | AC102: VEDA | AD102: VEDA | AE102: VEDA | AF102: VEDA | AG102: VEDA | AH102: =SUM(H102:AG102) -> 0
