Workbook

Sheet Resumen
A2: Resumen Artesanal por unidad de pesquería, 2013
A3: 15 de enero 2014
A4: Recurso | B4: Unidad de pesquería | C4: Cuota Global (t) | D4: Desembarque total (t) | E4: Saldo total (t) | F4: % consumido 2013 | G4: % consumido 2012 | H4: % consumido 2011
A5: Jurel | B5: NACIONAL | C5: =+SUM(Global!C17+Global!C18+Global!C19+Global!C22+Global!C23+Global!C24+Global!C25) -> 9669 | D5: =+SUM(Global!D17+Global!D18+Global!D19+Global!D22+Global!D23+Global!D24+Global!D25) -> 7979.595 | E5: =+C5-D5 -> 1689.405 | F5: =+D5/C5 -> 0.82527614
B6: RAE | C6: =+(Global!C20+Global!C21+Global!C26+Global!C27) -> 7855.149 | D6: =+(Global!D20+Global!D21+Global!D26+Global!D27) -> 4306.038 | E6: =+C6-D6 -> 3549.111 | F6: =+D6/C6 -> 0.54818031
A7: Anchoveta | B7: NACIONAL | C7: =+SUM(Global!C6+Global!C7+Global!C8+Global!C11+Global!C14) -> 146751 | D7: =+SUM(Global!D6+Global!D7+Global!D8+Global!D11+Global!D14) -> 129237.75 | E7: =+C7-D7 -> 17513.251 | F7: =+D7/C7 -> 0.88066009
B8: RAE | C8: =+SUM(Global!C9+Global!C10+Global!C12+Global!C13+Global!C15+Global!C16) -> 72657 | D8: =+SUM(Global!D9+Global!D10+Global!D12+Global!D13+Global!D15+Global!D16) -> 39264.495 | E8: =+C8-D8 -> 33392.505 | F8: =+D8/C8 -> 0.54040898
A9: Sardina común | B9: NACIONAL | C9: =+SUM(Global!C32+Global!C35) -> 8293 | D9: =+SUM(Global!D32+Global!D35) -> 8139.576 | E9: =+C9-D9 -> 153.424 | F9: =+D9/C9 -> 0.98149958
B10: RAE | C10: =+SUM(Global!C31+Global!C33+Global!C34+Global!C36+Global!C37) -> 448730 | D10: =+SUM(Global!D31+Global!D33+Global!D34+Global!D36+Global!D37) -> 167086.37 | E10: =+C10-D10 -> 281643.64 | F10: =+D10/C10 -> 0.3723539
A11: Sardina española | B11: NACIONAL | C11: =+SUM(Global!C28:C30) -> 3105 | D11: =+SUM(Global!D28:D30) -> 58.008 | E11: =+C11-D11 -> 3046.992 | F11: =+D11/C11 -> 0.018682126
B12: RAE
A13: Sardina Austral | B13: NACIONAL | C13: =+SUM(Global!C38:C39) -> 28589.75 | D13: =+SUM(Global!D38:D39) -> 27636.639 | E13: =+C13-D13 -> 953.111 | F13: =+D13/C13 -> 0.96666249
B14: RAE

Sheet Global
A2: Resumen Global Cuotas Artesanales 2013
A3: 15 de enero 2014
A5: Recurso | B5: Unidad de pesquería | C5: Cuota Global (t) | D5: Desembarque total (t) | E5: Saldo total (t) | F5: % consumido 2013 | G5: % consumido 2012
A6: Anchoveta | B6: XV y I | C6: =+'Res. Global'!C7 -> 93183 | D6: =+'Res. Global'!H7 -> 92456.686 | E6: =+C6-D6 -> 726.314 | F6: =+D6/C6 -> 0.99220551
A7: Anchoveta | B7: II | C7: =+'Res. Global'!C9 -> 32183 | D7: =+'Res. Global'!H9 -> 19670.587 | E7: =+C7-D7 -> 12512.413 | F7: =+D7/C7 -> 0.61121048
A8: Anchoveta | B8: III | C8: =+'Res. Global'!C11 -> 20225 | D8: =+'Res. Global'!H11 -> 16881.181 | E8: =+C8-D8 -> 3343.819 | F8: =+D8/C8 -> 0.83466902
A9: Anchoveta | B9: IV RAE | C9: =+'Res. Global'!C13 -> 8669 | D9: =+'Res. Global'!H13 -> 7681.935 | E9: =+C9-D9 -> 987.065 | F9: =+D9/C9 -> 0.88613854
A10: Anchoveta | B10: V RAE | C10: =+'Res. Global'!C15 -> 5630 | D10: =+'Res. Global'!H15 -> 4449.991 | E10: =+C10-D10 -> 1180.009 | F10: =+D10/C10 -> 0.79040693
A11: Anchoveta | B11: VI | C11: =+'Res. Global'!C18 -> 36 | D11: =+'Res. Global'!H18 -> 0 | E11: =+C11-D11 -> 36 | F11: =+D11/C11 -> 0
A12: Anchoveta | B12: VII RAE | C12: =+'Res. Global'!C21 -> 602 | D12: =+'Res. Global'!H21 -> 812.188 | E12: =+C12-D12 -> -210.188 | F12: =+D12/C12 -> 1.3491495
A13: Anchoveta | B13: VIII RAE | C13: =+'Res. Global'!C24 -> 46810 | D13: =+'Res. Global'!H24 -> 22975.721 | E13: =+C13-D13 -> 23834.279 | F13: =+D13/C13 -> 0.49082933
A14: Anchoveta | B14: IX | C14: =+'Res. Global'!C26 -> 1124 | D14: =+'Res. Global'!H26 -> 229.295 | E14: =+C14-D14 -> 894.705 | F14: =+D14/C14 -> 0.20399911
A15: Anchoveta | B15: XIV RAE | C15: =+'Res. Global'!C29 -> 6773 | D15: =+'Res. Global'!H29 -> 2751.116 | E15: =+C15-D15 -> 4021.884 | F15: =+D15/C15 -> 0.40618869
A16: Anchoveta | B16: X RAE | C16: =+'Res. Global'!C32 -> 4173 | D16: =+'Res. Global'!H32 -> 593.544 | E16: =+C16-D16 -> 3579.456 | F16: =+D16/C16 -> 0.14223436
A17: Jurel | B17: XV y I | C17: =+'Res. Global'!C34 -> 916.5 | D17: =+'Res. Global'!H34 -> 7.148 | E17: =+C17-D17 -> 909.352 | F17: =+D17/C17 -> 0.0077992362
A18: Jurel | B18: II | C18: =+'Res. Global'!C36 -> 916.5 | D18: =+'Res. Global'!H36 -> 93.63 | E18: =+C18-D18 -> 822.87 | F18: =+D18/C18 -> 0.10216039
A19: Jurel | B19: III | C19: =+'Res. Global'!C38 -> 2282 | D19: =+'Res. Global'!H38 -> 2180.255 | E19: =+C19-D19 -> 101.745 | F19: =+D19/C19 -> 0.95541411
A20: Jurel | B20: IV RAE | C20: =+'Res. Global'!C40 -> 5443 | D20: =+'Res. Global'!H40 -> 3868.093 | E20: =+C20-D20 -> 1574.907 | F20: =+D20/C20 -> 0.7106546
A21: Jurel | B21: V RAE | C21: =+'Res. Global'!C42 -> 1358 | D21: =+'Res. Global'!H42 -> 72.689 | E21: =+C21-D21 -> 1285.311 | F21: =+D21/C21 -> 0.05352651
A22: Jurel | B22: VI | C22: =+'Res. Global'!C44 -> 10 | D22: =+'Res. Global'!H44 -> 0.789 | E22: =+C22-D22 -> 9.211 | F22: =+D22/C22 -> 0.0789
A23: Jurel | B23: VII | C23: =+'Res. Global'!C46 -> 82 | D23: =+'Res. Global'!H46 -> 54.193 | E23: =+C23-D23 -> 27.807 | F23: =+D23/C23 -> 0.66089024
A24: Jurel | B24: VIII | C24: =+'Res. Global'!C48 -> 5342 | D24: =+'Res. Global'!H48 -> 5643.58 | E24: =+C24-D24 -> -301.58 | F24: =+D24/C24 -> 1.0564545
A25: Jurel | B25: IX | C25: =+'Res. Global'!C50 -> 120 | D25: =+'Res. Global'!H50 -> 0 | E25: =+C25-D25 -> 120 | F25: =+D25/C25 -> 0
A26: Jurel | B26: XIV RAE | C26: =+'Res. Global'!C52 -> 252.15 | D26: =+'Res. Global'!H52 -> 15.411 | E26: =+C26-D26 -> 236.739 | F26: =+D26/C26 -> 0.061118382
A27: Jurel | B27: X RAE | C27: =+'Res. Global'!C54 -> 801.999 | D27: =+'Res. Global'!H54 -> 349.845 | E27: =+C27-D27 -> 452.154 | F27: =+D27/C27 -> 0.43621625
A28: Sardina española | B28: XV y I | C28: =+'Res. Global'!C56 -> 518 | D28: =+'Res. Global'!H56 -> 4.006 | E28: =+C28-D28 -> 513.994 | F28: =+D28/C28 -> 0.0077335907
A29: Sardina española | B29: II | C29: =+'Res. Global'!C58 -> 1962 | D29: =+'Res. Global'!H58 -> 53.085 | E29: =+C29-D29 -> 1908.915 | F29: =+D29/C29 -> 0.027056575
A30: Sardina española | B30: III - IV | C30: =+'Res. Global'!C60 -> 625 | D30: =+'Res. Global'!H60 -> 0.917 | E30: =+C30-D30 -> 624.083 | F30: =+D30/C30 -> 0.0014672
A31: Sardina común | B31: V RAE | C31: =+'Res. Global'!C62 -> 6457 | D31: =+'Res. Global'!H62 -> 5201.972 | E31: =+C31-D31 -> 1255.028 | F31: =+D31/C31 -> 0.80563296
A32: Sardina común | B32: VI | C32: =+'Res. Global'!C65 -> 152 | D32: =+'Res. Global'!H65 -> 0 | E32: =+C32-D32 -> 152 | F32: =+D32/C32 -> 0
A33: Sardina común | B33: VII RAE | C33: =+'Res. Global'!C68 -> 2334 | D33: =+'Res. Global'!H68 -> 1865.37 | E33: =+C33-D33 -> 468.63 | F33: =+D33/C33 -> 0.79921594
A34: Sardina común | B34: VIII RAE | C34: =+'Res. Global'!C71 -> 363385 | D34: =+'Res. Global'!H71 -> 117644.16 | E34: =+C34-D34 -> 245740.84 | F34: =+D34/C34 -> 0.32374522
A35: Sardina común | B35: IX | C35: =+'Res. Global'!C73 -> 8141 | D35: =+'Res. Global'!H73 -> 8139.576 | E35: =+C35-D35 -> 1.424 | F35: =+D35/C35 -> 0.99982508
A36: Sardina común | B36: XIV RAE | C36: =+'Res. Global'!C76 -> 51867 | D36: =+'Res. Global'!H76 -> 38323.261 | E36: =+C36-D36 -> 13543.739 | F36: =+D36/C36 -> 0.7388756
A37: Sardina común | B37: X RAE | C37: =+'Res. Global'!C79 -> 24687 | D37: =+'Res. Global'!H79 -> 4051.606 | E37: =+C37-D37 -> 20635.394 | F37: =+D37/C37 -> 0.16411901
A38: Sardina Austral | B38: X | C38: =+'Res. Global'!C81 -> 21669.75 | D38: =+'Res. Global'!H81 -> 21816.878 | E38: =+C38-D38 -> -147.128 | F38: =+D38/C38 -> 1.0067896
A39: Sardina Austral | B39: XI | C39: =+'Res. Global'!C83 -> 6920 | D39: =+'Res. Global'!H83 -> 5819.761 | E39: =+C39-D39 -> 1100.239 | F39: =+D39/C39 -> 0.84100592
C42: =SUM(C6:C39) -> 725649.9 | D42: =SUM(D6:D39) -> 383708.47 | E42: =SUM(E6:E39) -> 341941.43
B43: XI dif. Cuota real | D43: =+D42/C42 -> 0.52877905
B44: total: | C44: =SUM(C42:C43) -> 725649.9

Sheet Res. Global
A2: Resumen por Periodo Cuota Artesanal 2013
A3: 15 de enero 2014
E5: Cuota (t) | G5: Desembarque (t) | I5: Saldo (t) | K5: Saldo % | M5: Fecha de Cierre
A6: Recurso | B6: Unidad de Pesquería | C6: Cuota Global (t) | D6: Período | E6: Asignada | F6: Efectiva | G6: Período | H6: Global | I6: Período | J6: Global | K6: Período | L6: Global
A7: Anchoveta | B7: XV y I | C7: =SUM(E7:E8) -> 93183 | D7: Ene - Jun | E7: 74009 | F7: =+E7 -> 74009 | G7: =+SUM(Anchoveta!AJ7:AJ12) -> 65828.751 | H7: =SUM(G7:G8) -> 92456.686 | I7: =+F7-G7 -> 8180.249 | J7: =C7-H7 -> 726.314 | K7: =1-G7/F7 -> 0.11053046 | L7: =1-H7/C7 -> 0.0077944904 | M7: 41404 | N7: Llega redistribucion de cuota
D8: Jul - Dic | E8: =11124+8050 -> 19174 | F8: =+E8+I7 -> 27354.249 | G8: =+SUM(Anchoveta!AJ13:AJ18) -> 26627.935 | I8: =+F8-G8 -> 726.314 | K8: =1-G8/F8 -> 0.026552146 | M8: 41548
A9: Anchoveta | B9: II | C9: =SUM(E9:E10) -> 32183 | D9: Ene - Jun | E9: 24137 | F9: =+E9 -> 24137 | G9: =+SUM(Anchoveta!B23:B29) -> 8307.274 | H9: =SUM(G9:G10) -> 19670.587 | I9: =+F9-G9 -> 15829.726 | J9: =C9-H9 -> 12512.413 | K9: =1-G9/F9 -> 0.65582823 | L9: =1-H9/C9 -> 0.38878952
D10: Jul - Dic | E10: 8046 | F10: =+E10+I9 -> 23875.726 | G10: =+SUM(Anchoveta!B30:B35) -> 11363.313 | I10: =+F10-G10 -> 12512.413 | K10: =1-G10/F10 -> 0.52406419
A11: Anchoveta | B11: III | C11: =SUM(E11:E12) -> 20225 | D11: Ene - oct | E11: 19214 | F11: =+E11 -> 19214 | G11: =+SUM(Anchoveta!B40:B49) -> 16878.236 | H11: =SUM(G11:G12) -> 16881.181 | I11: =+F11-G11 -> 2335.764 | J11: =C11-H11 -> 3343.819 | K11: =1-G11/F11 -> 0.12156573 | L11: =1-H11/C11 -> 0.16533098
C12: =SUM(E12:E13) -> 9247 | D12: Nov - Dic | E12: 1011 | F12: =+E12+I11 -> 3346.764 | G12: =+SUM(Anchoveta!B50:B51) -> 2.945 | H12: =SUM(G12:G13) -> 7584.713 | I12: =+F12-G12 -> 3343.819 | J12: =+C12-H12 -> 1662.287 | K12: =1-G12/F12 -> 0.99912005
A13: Anchoveta | B13: IV (RAE por Org) | C13: =SUM(E13:E14) -> 8669 | D13: Ene - oct | E13: 8236 | F13: =+E13 -> 8236 | G13: =+'Resumen RAE Anchoveta'!F10 -> 7581.768 | H13: =SUM(G13:G14) -> 7681.935 | I13: =+F13-G13 -> 654.232 | J13: =C13-H13 -> 987.065 | K13: =1-G13/F13 -> 0.079435648 | L13: =1-H13/C13 -> 0.11386146
C14: =SUM(E14:E16) -> 5782 | D14: Nov - Dic | E14: 433 | F14: =+E14+I13 -> 1087.232 | G14: =+'Resumen RAE Anchoveta'!F16 -> 100.167 | H14: =SUM(G14:G16) -> 4550.158 | I14: =+F14-G14 -> 987.065 | J14: =+C14-H14 -> 1231.842 | K14: =1-G14/F14 -> 0.90786971
A15: Anchoveta | B15: V (RAE por Org) | C15: =SUM(E15:E17) -> 5630 | D15: Ene-Abr | E15: 4786 | F15: =+E15 -> 4786 | G15: =+SUM('Resumen RAE Anchoveta'!F23) -> 4139.884 | H15: =SUM(G15:G17) -> 4449.991 | I15: =+F15-G15 -> 646.116 | J15: =+C15-H15 -> 1180.009 | K15: =1-G15/F15 -> 0.13500125 | L15: =1-H15/C15 -> 0.20959307
D16: May-Ago | E16: 563 | F16: =+E16+I15 -> 1209.116 | G16: =+SUM('Resumen RAE Anchoveta'!F28) -> 310.107 | I16: =+F16-G16 -> 899.009 | K16: =1-G16/F16 -> 0.74352585
D17: Sep-Dic | E17: 281 | F17: =+E17+I16 -> 1180.009 | G17: =+SUM('Resumen RAE Anchoveta'!F33) -> 0 | I17: =+F17-G17 -> 1180.009 | K17: =1-G17/F17 -> 1
A18: Anchoveta | B18: VI | C18: =SUM(E18:E20) -> 36 | D18: Ene-Abr | E18: 30 | F18: =+E18 -> 30 | G18: =+SUM(Anchoveta!B89:B92) -> 0 | H18: =SUM(G18:G20) -> 0 | I18: =+F18-G18 -> 30 | J18: =+C18-H18 -> 36 | K18: =1-G18/F18 -> 1 | L18: =1-H18/C18 -> 1
D19: May-Ago | E19: 4 | F19: =+E19+I18 -> 34 | G19: =+SUM(Anchoveta!B93:B96) -> 0 | I19: =+F19-G19 -> 34 | K19: =1-G19/F19 -> 1
D20: Sep-Dic | E20: 2 | F20: =+E20+I19 -> 36 | G20: =+SUM(Anchoveta!B97:B100) -> 0 | I20: =+F20-G20 -> 36 | K20: =1-G20/F20 -> 1
A21: Anchoveta | B21: VII (RAE por Org) | C21: =SUM(E21:E23) -> 602 | D21: Ene-Abr | E21: 512 | F21: =+E21 -> 512 | G21: =+SUM('Resumen RAE Anchoveta'!F41) -> 812.153 | H21: =SUM(G21:G23) -> 812.188 | I21: =+F21-G21 -> -300.153 | J21: =+C21-H21 -> -210.188 | K21: =1-G21/F21 -> -0.58623633 | L21: =1-H21/C21 -> -0.3491495 | M21: 18 04 2013
D22: May-Ago | E22: 60 | F22: =+E22+I21 -> -240.153 | G22: =+SUM('Resumen RAE Anchoveta'!F47) -> 0.035 | I22: =+F22-G22 -> -240.188 | K22: =1-G22/F22 -> 1.0001457
D23: Sep-Dic | E23: 30 | F23: =+E23+I22 -> -210.188 | G23: =+SUM('Resumen RAE Anchoveta'!F53) -> 0 | I23: =+F23-G23 -> -210.188 | K23: =1-G23/F23 -> 1
A24: Anchoveta | B24: VIII (RAE por Org) | C24: =SUM(E24:E25) -> 46810 | D24: Ene- Ago | E24: =44546-80 -> 44466 | F24: =+E24 -> 44466 | G24: =+SUM('Resumen RAE Anchoveta'!F121) -> 22443.054 | H24: =SUM(G24:G25) -> 22975.721 | I24: =+F24-G24 -> 22022.946 | J24: =+C24-H24 -> 23834.279 | K24: =1-G24/F24 -> 0.49527608 | L24: =1-H24/C24 -> 0.50917067
D25: Sep - Dic | E25: 2344 | F25: =+E25+I24 -> 24366.946 | G25: =+SUM('Resumen RAE Anchoveta'!F187) -> 532.667 | I25: =+F25-G25 -> 23834.279 | K25: =1-G25/F25 -> 0.97813977
A26: Anchoveta | B26: IX | C26: =SUM(E26:E28) -> 1124 | D26: Ene-Abr | E26: 956 | F26: =+E26 -> 956 | G26: =+SUM(Anchoveta!B138:B141) -> 182.223 | H26: =SUM(G26:G28) -> 229.295 | I26: =+F26-G26 -> 773.777 | J26: =+C26-H26 -> 894.705 | K26: =1-G26/F26 -> 0.80939017 | L26: =1-H26/C26 -> 0.79600089
D27: May-Ago | E27: 112 | F27: =+E27+I26 -> 885.777 | G27: =+SUM(Anchoveta!B142:B145) -> 5.8 | I27: =+F27-G27 -> 879.977 | K27: =1-G27/F27 -> 0.99345208
D28: Sep-Dic | E28: 56 | F28: =+E28+I27 -> 935.977 | G28: =+SUM(Anchoveta!B146:B149) -> 41.272 | I28: =+F28-G28 -> 894.705 | K28: =1-G28/F28 -> 0.9559049
A29: Anchoveta | B29: XIV (RAE por ORG) | C29: =SUM(E29:E31) -> 6773 | D29: Ene-Abr | E29: 5757 | F29: =+E29 -> 5757 | G29: =+SUM('Resumen RAE Anchoveta'!F209) -> 708.532 | H29: =SUM(G29:G31) -> 2751.116 | I29: =+F29-G29 -> 5048.468 | J29: =+C29-H29 -> 4021.884 | K29: =1-G29/F29 -> 0.87692687 | L29: =1-H29/C29 -> 0.59381131
D30: May-Ago | E30: 677 | F30: =+E30+I29 -> 5725.468 | G30: =+SUM('Resumen RAE Anchoveta'!F229) -> 1472.055 | I30: =+F30-G30 -> 4253.413 | K30: =1-G30/F30 -> 0.74289351
D31: Sep-Dic | E31: 339 | F31: =+E31+I30 -> 4592.413 | G31: =+SUM('Resumen RAE Anchoveta'!F249) -> 570.529 | I31: =+F31-G31 -> 4021.884 | K31: =1-G31/F31 -> 0.87576705
A32: Anchoveta | B32: X (RAE por Org) | C32: =SUM(E32:E33) -> 4173 | D32: Ene-Jun | E32: 3338 | F32: =+E32 -> 3338 | G32: =+SUM('Resumen RAE Anchoveta'!F266) -> 96.713 | H32: =SUM(G32:G33) -> 593.544 | I32: =+F32-G32 -> 3241.287 | J32: =+C32-H32 -> 3579.456 | K32: =1-G32/F32 -> 0.97102666 | L32: =1-H32/C32 -> 0.85776564
D33: Jul-Dic | E33: 835 | F33: =+E33+I32 -> 4076.287 | G33: =+SUM('Resumen RAE Anchoveta'!F281) -> 496.831 | I33: =+F33-G33 -> 3579.456 | K33: =1-G33/F33 -> 0.87811678 | T33: Jurel Nacional Artesanal
A34: JUREL | B34: XV y I | C34: =SUM(E34:E35) -> 916.5 | D34: Ene - Sep | E34: 870.5 | F34: =+E34 -> 870.5 | G34: =+SUM(Jurel!B7:B15) -> 0.856 | H34: =SUM(G34:G35) -> 7.148 | I34: =+F34-G34 -> 869.644 | J34: =+C34-H34 -> 909.352 | K34: =1-G34/F34 -> 0.99901666 | L34: =1-H34/C34 -> 0.99220076 | O34: XV I | P34: =+G34+G35 -> 7.148 | R34: Cd_Region | S34: Cd_Especie | T34: SumaDeNr_Toneladas | U34: Cd_Estado | V34: AÑO | W34: Cd_Zona
C35: =SUM(E35:E36) -> 916.5 | D35: Oct-Dic | E35: 46 | F35: =+E35+I34 -> 915.644 | G35: =+SUM(Jurel!B16:B18) -> 6.292 | H35: =SUM(G35:G36) -> 95.913 | I35: =+F35-G35 -> 909.352 | J35: =+C35-H35 -> 820.587 | K35: =1-G35/F35 -> 0.99312833 | L35: =1-H35/C35 -> 0.89534861 | R35: 2 | S35: 234 | T35: 14.602 | U35: 2 | V35: 2013 | W35: 104 | X35: =+T35+T36+T37+T38 -> 122.408
A36: JUREL | B36: II | C36: =SUM(E36:E37) -> 916.5 | D36: Ene - Sep | E36: 870.5 | F36: =+E36 -> 870.5 | G36: =+SUM(Jurel!B23:B32) -> 89.621 | H36: =SUM(G36:G37) -> 93.63 | I36: =+F36-G36 -> 780.879 | J36: =+C36-H36 -> 822.87 | K36: =1-G36/F36 -> 0.89704652 | L36: =1-H36/C36 -> 0.89783961 | O36: II | P36: =+G36+G37 -> 93.63 | R36: 2 | S36: 234 | T36: 46.423 | U36: 2 | V36: 2013 | W36: 105
B37: II | C37: =SUM(E37:E38) -> 2214 | D37: Oct-Dic | E37: 46 | F37: =+E37+I36 -> 826.879 | G37: =+SUM(Jurel!B33:B34) -> 4.009 | H37: =SUM(G37:G38) -> 2161.984 | I37: =+F37-G37 -> 822.87 | J37: =+C37-H37 -> 52.016 | K37: =1-G37/F37 -> 0.99515165 | L37: =1-H37/C37 -> 0.023494128 | R37: 2 | S37: 234 | T37: 53.115 | U37: 2 | V37: 2013 | W37: 106
A38: JUREL | B38: III | C38: =SUM(E38:E39) -> 2282 | D38: Ene - Oct | E38: 2168 | F38: =+E38 -> 2168 | G38: =+SUM(Jurel!B39:B48) -> 2157.975 | H38: =SUM(G38:G39) -> 2180.255 | I38: =+F38-G38 -> 10.025 | J38: =+C38-H38 -> 101.745 | K38: =1-G38/F38 -> 0.0046240775 | L38: =1-H38/C38 -> 0.04458589 | M38: 09 05 2013 (luego habra aumento de cuota) | N38: cerro 05 09 2013 primer periodo | O38: III | P38: =+G38+G39+992+19.75 -> 3192.005 | R38: 2 | S38: 234 | T38: 8.268 | U38: 2 | V38: 2013 | W38: 109
D39: Nov - Dic | E39: 114 | F39: =+E39+I38 -> 124.025 | G39: =+SUM(Jurel!B49:B50) -> 22.28 | H39: =SUM(G39:G40) -> 2697.23 | I39: =+F39-G39 -> 101.745 | J39: =+C39-H39 -> -2697.23 | K39: =1-G39/F39 -> 0.8203588 | L39: =1-H39/C39 -> #DIV/0! | R39: 3 | S39: 234 | T39: 1054.377 | U39: 2 | V39: 2013 | W39: 107 | X39: =+T39+T40 -> 3137.771
A40: JUREL | B40: IV (RAE por Org) | C40: =SUM(E40:E41) -> 5443 | D40: Ene - Oct | E40: 5177 | F40: =+E40 -> 5177 | G40: =+('Resumen RAE Jurel'!F10) -> 2674.95 | H40: =SUM(G40:G41) -> 3868.093 | I40: =+F40-G40 -> 2502.05 | J40: =+C40-H40 -> 1574.907 | K40: =1-G40/F40 -> 0.48330114 | L40: =1-H40/C40 -> 0.2893454 | O40: IV | P40: =+G40+G41 -> 3868.093 | R40: 3 | S40: 234 | T40: 2083.394 | U40: 2 | V40: 2013 | W40: 108
C41: =SUM(E41:E42) -> 1498 | D41: Nov - Dic | E41: 266 | F41: =+E41+I40 -> 2768.05 | G41: =+'Resumen RAE Jurel'!F16 -> 1193.143 | H41: =SUM(G41:G42) -> 1253.126 | I41: =+F41-G41 -> 1574.907 | J41: =+C41-H41 -> 244.874 | K41: =1-G41/F41 -> 0.56895901 | L41: =1-H41/C41 -> 0.16346729 | R41: 4 | S41: 234 | T41: 3694.693 | U41: 2 | V41: 2013 | W41: 109 | X41: =+T41+T42 -> 3695.625
A42: Jurel | B42: V (RAE por Org) | C42: =SUM(E42:E43) -> 1358 | D42: Ene - Sep | E42: 1232 | F42: =+E42 -> 1232 | G42: =+'Resumen RAE Jurel'!F24 -> 59.983 | H42: =SUM(G42:G43) -> 72.689 | I42: =+F42-G42 -> 1172.017 | J42: =+C42-H42 -> 1285.311 | K42: =1-G42/F42 -> 0.9513125 | L42: =1-H42/C42 -> 0.94647349 | O42: V | P42: =+G42+G43 -> 72.689 | R42: 4 | S42: 234 | T42: 0.932 | U42: 2 | V42: 2013 | W42: 110
C43: =SUM(E43:E43) -> 126 | D43: Oct-Dic | E43: 126 | F43: =+E43+I42 -> 1298.017 | G43: =+'Resumen RAE Jurel'!F29 -> 12.706 | H43: =SUM(G43:G43) -> 12.706 | I43: =+F43-G43 -> 1285.311 | J43: =+C43-H43 -> 113.294 | K43: =1-G43/F43 -> 0.99021122 | L43: =1-H43/C43 -> 0.89915873 | R43: 5 | S43: 234 | T43: 79.531 | U43: 2 | V43: 2013 | W43: 111 | X43: =+T43+T44+T45 -> 115.649
A44: JUREL | B44: VI | C44: =SUM(E44:E45) -> 10 | D44: Ene - Sep | E44: 9 | F44: =+E44 -> 9 | G44: =+SUM(Jurel!B87:B95) -> 0.789 | H44: =SUM(G44:G45) -> 0.789 | I44: =+F44-G44 -> 8.211 | J44: =+C44-H44 -> 9.211 | K44: =1-G44/F44 -> 0.91233333 | L44: =1-H44/C44 -> 0.9211 | O44: VI | P44: =+G44+G45 -> 0.789 | R44: 5 | S44: 234 | T44: 33.089 | U44: 2 | V44: 2013 | W44: 132
C45: =SUM(E45:E46) -> 79 | D45: Oct-Dic | E45: 1 | F45: =+E45+I44 -> 9.211 | G45: =+SUM(Jurel!B96:B98) -> 0 | H45: =SUM(G45:G46) -> 54.193 | I45: =+F45-G45 -> 9.211 | J45: =+C45-H45 -> 24.807 | K45: =1-G45/F45 -> 1 | R45: 5 | S45: 234 | T45: 3.029 | U45: 2 | V45: 2013 | W45: 133
A46: JUREL | B46: VII | C46: =SUM(E46:E47) -> 82 | D46: Ene - Sep | E46: 78 | F46: =+E46 -> 78 | G46: =+SUM(Jurel!B103:B111) -> 54.193 | H46: =SUM(G46:G47) -> 54.193 | I46: =+F46-G46 -> 23.807 | J46: =+C46-H46 -> 27.807 | K46: =1-G46/F46 -> 0.30521795 | L46: =1-H46/C46 -> 0.33910976 | M46: 41298 | N46: ATENCIÓN | O46: VII | P46: =+G46+G47 -> 54.193 | R46: 6 | S46: 234 | T46: 0.996 | U46: 2 | V46: 2013 | W46: 112 | X46: =+T46 -> 0.996
C47: =SUM(E47:E48) -> 5079 | D47: Oct-Dic | E47: 4 | F47: =+E47+I46 -> 27.807 | G47: =+SUM(Jurel!B112:B114) -> 0 | H47: =SUM(G47:G48) -> 5642.89 | I47: =+F47-G47 -> 27.807 | J47: =+C47-H47 -> -563.89 | K47: =1-G47/F47 -> 1 | L47: =1-H47/C47 -> -0.11102382 | R47: 7 | S47: 234 | T47: 22.171 | U47: 2 | V47: 2013 | W47: 113 | X47: =+T47 -> 22.171
A48: JUREL | B48: VIII | C48: =SUM(E48:E49) -> 5342 | D48: Ene - Sep | E48: 5075 | F48: =+E48 -> 5075 | G48: =+SUM(Jurel!B119:B127) -> 5642.89 | H48: =SUM(G48:G49) -> 5643.58 | I48: =+F48-G48 -> -567.89 | J48: =+C48-H48 -> -301.58 | K48: =1-G48/F48 -> -0.11189951 | L48: =1-H48/C48 -> -0.056454511 | M48: 23/01/2013 23 02 2013 | N48: se abre cuota a partir del 14 02 2013 (25 03 2013) | O48: VIII | P48: =+G48+G49 -> 5643.58 | R48: 8 | S48: 234 | T48: 34.22 | U48: 2 | V48: 2013 | W48: 113 | X48: =+T48+T49 -> 5643.734
C49: =SUM(E49:E50) -> 381 | D49: Oct-Dic | E49: 267 | F49: =+E49+I48 -> -300.89 | G49: =+SUM(Jurel!B128:B130) -> 0.69 | H49: =SUM(G49:G50) -> 0.69 | I49: =+F49-G49 -> -301.58 | J49: =+C49-H49 -> 380.31 | K49: =1-G49/F49 -> 1.0022932 | L49: =1-H49/C49 -> 0.99818898 | M49: 11 02 2013 | N49: se vuelve a cerrar el 28 03 2013 | R49: 8 | S49: 234 | T49: 5609.514 | U49: 2 | V49: 2013 | W49: 114
A50: JUREL | B50: IX | C50: =SUM(E50:E51) -> 120 | D50: Ene - Sep | E50: 114 | F50: =+E50 -> 114 | G50: =+SUM(Jurel!B135:B143) -> 0 | H50: =SUM(G50:G51) -> 0 | I50: =+F50-G50 -> 114 | J50: =+C50-H50 -> 120 | K50: =1-G50/F50 -> 1 | L50: =1-H50/C50 -> 1 | O50: IX | P50: =+G50+G51 -> 0 | R50: 9 | S50: 234 | T50: 0.178 | U50: 2 | V50: 2013 | W50: 115 | X50: =+T50 -> 0.178
C51: =SUM(E51:E52) -> 233.22 | D51: Oct-Dic | E51: 6 | F51: =+E51+I50 -> 120 | G51: =+SUM(Jurel!B144:B146) -> 0 | H51: =SUM(G51:G52) -> 15.382 | I51: =+F51-G51 -> 120 | J51: =+C51-H51 -> 217.838 | K51: =1-G51/F51 -> 1 | L51: =1-H51/C51 -> 0.93404511 | R51: 10 | S51: 234 | T51: 349.845 | U51: 2 | V51: 2013 | W51: 121 | X51: =+T51 -> 349.845
A52: Jurel | B52: XIV (RAE por ORG) | C52: =SUM(E52:E53) -> 252.15 | D52: Ene - Sep | E52: 227.22 | F52: =+E52 -> 227.22 | G52: =+SUM('Resumen RAE Jurel'!F51) -> 15.382 | H52: =SUM(G52:G53) -> 15.411 | I52: =+F52-G52 -> 211.838 | J52: =+C52-H52 -> 236.739 | K52: =1-G52/F52 -> 0.93230349 | L52: =1-H52/C52 -> 0.93888162 | O52: XIV | P52: =+G52+G53 -> 15.411 | R52: 11 | S52: 234 | T52: 0.052 | U52: 2 | V52: 2013 | W52: 122 | X52: =+T52 -> 0.052
C53: =SUM(E53:E54) -> 644.791 | D53: Oct-Dic | E53: 24.93 | F53: =+E53+I52 -> 236.768 | G53: =+SUM('Resumen RAE Jurel'!F71) -> 0.029 | H53: =SUM(G53:G54) -> 116.327 | I53: =+F53-G53 -> 236.739 | J53: =+C53-H53 -> 528.464 | K53: =1-G53/F53 -> 0.99987752 | L53: =1-H53/C53 -> 0.8195896 | R53: 14 | S53: 234 | T53: 15.441 | U53: 2 | V53: 2013 | W53: 116 | X53: =+T53 -> 15.441
A54: Jurel | B54: X (RAE por Org) | C54: =SUM(E54:E55) -> 801.999 | D54: Ene - Sep | E54: =+'Resumen RAE Jurel'!C87 -> 619.861 | F54: =+E54 -> 619.861 | G54: =+SUM('Resumen RAE Jurel'!F87) -> 116.298 | H54: =SUM(G54:G55) -> 349.845 | I54: =+F54-G54 -> 503.563 | J54: =+C54-H54 -> 452.154 | K54: =1-G54/F54 -> 0.81238052 | L54: =1-H54/C54 -> 0.56378375 | O54: X | P54: =+G54+G55 -> 349.845 | R54: 15 | S54: 234 | T54: 7.392 | U54: 2 | V54: 2013 | W54: 101 | X54: =+T54 -> 7.392
C55: =SUM(E55:E55) -> 182.138 | D55: Oct-Dic | E55: =+'Resumen RAE Jurel'!C101 -> 182.138 | F55: =+E55+I54 -> 685.701 | G55: =+SUM('Resumen RAE Jurel'!F101) -> 233.547 | H55: =SUM(G55:G55) -> 233.547 | I55: =+F55-G55 -> 452.154 | J55: =+C55-H55 -> -51.409 | K55: =1-G55/F55 -> 0.65940403 | L55: =1-H55/C55 -> -0.28225302 | P55: =SUM(P34:P54) -> 13297.383 | T55: =SUM(T35:T54) -> 13111.262 | X55: =SUM(X35:X54) -> 13111.262
A56: Sardina española | B56: XV y I | C56: =SUM(E56:E57) -> 518 | D56: Ene - Jun | E56: 388 | F56: =+E56 -> 388 | G56: =+SUM(S.española!B7:B12) -> 2.506 | H56: =SUM(G56:G57) -> 4.006 | I56: =+F56-G56 -> 385.494 | J56: =+C56-H56 -> 513.994 | K56: =1-G56/F56 -> 0.99354124 | L56: =1-H56/C56 -> 0.99226641
C57: =SUM(E57:E58) -> 1602 | D57: Jul - Dic | E57: 130 | F57: =+E57+I56 -> 515.494 | G57: =+SUM(S.española!B13:B18) -> 1.5 | H57: =SUM(G57:G58) -> 51.785 | I57: =+F57-G57 -> 513.994 | J57: =+C57-H57 -> 1550.215 | K57: =1-G57/F57 -> 0.99709017 | L57: =1-H57/C57 -> 0.96767478
A58: Sardina española | B58: II | C58: =SUM(E58:E59) -> 1962 | D58: Ene - Jun | E58: 1472 | F58: =+E58 -> 1472 | G58: =+SUM(S.española!B23:B28) -> 50.285 | H58: =SUM(G58:G59) -> 53.085 | I58: =+F58-G58 -> 1421.715 | J58: =+C58-H58 -> 1908.915 | K58: =1-G58/F58 -> 0.96583899 | L58: =1-H58/C58 -> 0.97294343
C59: =SUM(E59:E61) -> 1115 | D59: Jul - Dic | E59: 490 | F59: =+E59+I58 -> 1911.715 | G59: =+SUM(S.española!B29:B34) -> 2.8 | H59: =SUM(G59:G61) -> 3.717 | I59: =+F59-G59 -> 1908.915 | J59: =+C59-H59 -> 1111.283 | K59: =1-G59/F59 -> 0.99853535 | L59: =1-H59/C59 -> 0.99666637
A60: Sardina española | B60: III - IV | C60: =SUM(E60:E61) -> 625 | D60: Ene - Oct | E60: 563 | F60: =+E60 -> 563 | G60: =+SUM(S.española!B39:B48) -> 0.899 | H60: =SUM(G60:G61) -> 0.917 | I60: =+F60-G60 -> 562.101 | J60: =+C60-H60 -> 624.083 | K60: =1-G60/F60 -> 0.9984032 | L60: =1-H60/C60 -> 0.9985328
D61: Nov - Dic | E61: 62 | F61: =+E61+I60 -> 624.101 | G61: =+SUM(S.española!B49:B50) -> 0.018 | I61: =+F61-G61 -> 624.083 | K61: =1-G61/F61 -> 0.99997116
A62: Sardina común | B62: V (RAE por ORG) | C62: =SUM(E62:E64) -> 6457 | D62: Ene- Abr | E62: 5488 | F62: =+E62 -> 5488 | G62: =+SUM('Resumen RAE S.Común'!F10) -> 4603.342 | H62: =SUM(G62:G64) -> 5201.972 | I62: =+F62-G62 -> 884.658 | J62: =+C62-H62 -> 1255.028 | K62: =1-G62/F62 -> 0.16119862 | L62: =1-H62/C62 -> 0.19436704
D63: May - Ago | E63: 646 | F63: =+E63+I62 -> 1530.658 | G63: =+SUM('Resumen RAE S.Común'!F15) -> 558.049 | I63: =+F63-G63 -> 972.609 | K63: =1-G63/F63 -> 0.63541889
D64: Sep - Dic | E64: 323 | F64: =+E64+I63 -> 1295.609 | G64: =+SUM('Resumen RAE S.Común'!F20) -> 40.581 | I64: =+F64-G64 -> 1255.028 | K64: =1-G64/F64 -> 0.96867805
A65: Sardina común | B65: VI | C65: =SUM(E65:E67) -> 152 | D65: Ene- Abr | E65: 129 | F65: =+E65 -> 129 | G65: =+SUM(S.común!B22:B25) -> 0 | H65: =SUM(G65:G67) -> 0 | I65: =+F65-G65 -> 129 | J65: =+C65-H65 -> 152 | K65: =1-G65/F65 -> 1 | L65: =1-H65/C65 -> 1
D66: May - Ago | E66: 15 | F66: =+E66+I65 -> 144 | G66: =+SUM(S.común!B26:B29) -> 0 | I66: =+F66-G66 -> 144 | K66: =1-G66/F66 -> 1
D67: Sep - Dic | E67: 8 | F67: =+E67+I66 -> 152 | G67: =+SUM(S.común!B30:B33) -> 0 | I67: =+F67-G67 -> 152 | K67: =1-G67/F67 -> 1
A68: Sardina común | B68: VII (RAE por ORG) | C68: =SUM(E68:E70) -> 2334 | D68: Ene- Abr | E68: 1984 | F68: =+E68 -> 1984 | G68: =+SUM('Resumen RAE S.Común'!F28) -> 1524.549 | H68: =SUM(G68:G70) -> 1865.37 | I68: =+F68-G68 -> 459.451 | J68: =+C68-H68 -> 468.63 | K68: =1-G68/F68 -> 0.23157812 | L68: =1-H68/C68 -> 0.20078406
D69: May - Ago | E69: 233 | F69: =+E69+I68 -> 692.451 | G69: =+SUM('Resumen RAE S.Común'!F34) -> 338.031 | I69: =+F69-G69 -> 354.42 | K69: =1-G69/F69 -> 0.51183405
D70: Sep - Dic | E70: 117 | F70: =+E70+I69 -> 471.42 | G70: =+SUM('Resumen RAE S.Común'!F40) -> 2.79 | I70: =+F70-G70 -> 468.63 | K70: =1-G70/F70 -> 0.99408171
A71: Sardina común | B71: VIII (RAE por ORG) | C71: =SUM(E71:E72) -> 363385 | D71: Ene- Ago | E71: =345900-720 -> 345180 | F71: =+E71 -> 345180 | G71: =+SUM('Resumen RAE S.Común'!F107) -> 98134.84 | H71: =SUM(G71:G72) -> 117644.16 | I71: =+F71-G71 -> 247045.16 | J71: =+C71-H71 -> 245740.84 | K71: =1-G71/F71 -> 0.71569952 | L71: =1-H71/C71 -> 0.67625478
D72: Sep - Dic | E72: 18205 | F72: =+E72+I71 -> 265250.16 | G72: =+SUM('Resumen RAE S.Común'!F173) -> 19509.316 | I72: =+F72-G72 -> 245740.84 | K72: =1-G72/F72 -> 0.92644937
A73: Sardina común | B73: IX | C73: =SUM(E73:E75) -> 8141 | D73: Ene- Abr | E73: 4581 | F73: =+E73 -> 4581 | G73: =+SUM(S.común!AJ70:AJ73) -> 4468.201 | H73: =SUM(G73:G75) -> 8139.576 | I73: =+F73-G73 -> 112.799 | J73: =+C73-H73 -> 1.424 | K73: =1-G73/F73 -> 0.024623226 | L73: =1-H73/C73 -> 0.00017491709 | M73: 41379
D74: May - Ago | E74: 539 | F74: =+E74+I73 -> 651.799 | G74: =+SUM(S.común!AJ74:AJ77) -> 624.25 | I74: =+F74-G74 -> 27.549 | K74: =1-G74/F74 -> 0.042266097 | M74: 01 07 2013
D75: Sep - Dic | E75: 3021 | F75: =+E75+I74 -> 3048.549 | G75: =+SUM(S.común!AJ78:AJ81) -> 3047.125 | I75: =+F75-G75 -> 1.424 | K75: =1-G75/F75 -> 0.00046710747 | M75: 41571
A76: Sardina común | B76: XIV (RAE por Org) | C76: =SUM(E76:E78) -> 51867 | D76: Ene- Abr | E76: 44042 | F76: =+E76 -> 44042 | G76: =+SUM('Resumen RAE S.Común'!F195) -> 24799.015 | H76: =SUM(G76:G78) -> 38323.261 | I76: =+F76-G76 -> 19242.985 | J76: =+C76-H76 -> 13543.739 | K76: =1-G76/F76 -> 0.4369235 | L76: =1-H76/C76 -> 0.2611244 | N76: 1
D77: May - Ago | E77: 5217 | F77: =+E77+I76 -> 24459.985 | G77: =+SUM('Resumen RAE S.Común'!F215) -> 8244.638 | I77: =+F77-G77 -> 16215.347 | K77: =1-G77/F77 -> 0.66293364
D78: Sep - Dic | E78: 2608 | F78: =+E78+I77 -> 18823.347 | G78: =+SUM('Resumen RAE S.Común'!F235) -> 5279.608 | I78: =+F78-G78 -> 13543.739 | K78: =1-G78/F78 -> 0.71951811
A79: Sardina común | B79: X (RAE por ORG) | C79: =SUM(E79:E80) -> 24687 | D79: Ene- Jun | E79: 19750 | F79: =+E79 -> 19750 | G79: =+SUM('Resumen RAE S.Común'!F252) -> 2820.398 | H79: =SUM(G79:G80) -> 4051.606 | I79: =+F79-G79 -> 16929.602 | J79: =+C79-H79 -> 20635.394 | K79: =1-G79/F79 -> 0.85719504 | L79: =1-H79/C79 -> 0.83588099
D80: Jul-Dic | E80: 4937 | F80: =+E80+I79 -> 21866.602 | G80: =+SUM('Resumen RAE S.Común'!F267) -> 1231.208 | I80: =+F80-G80 -> 20635.394 | K80: =1-G80/F80 -> 0.94369459
A81: Sardina Austral | B81: X (RAE por ORG) | C81: =SUM(E81:E82) -> 21669.75 | D81: Ene- Jun | E81: 17000 | F81: =+E81 -> 17000 | G81: =+SUM('Resumen RAE S. Austral'!F12) -> 15370.352 | H81: =SUM(G81:G82) -> 21816.878 | I81: =+F81-G81 -> 1629.648 | J81: =+C81-H81 -> -147.128 | K81: =1-G81/F81 -> 0.095861647 | L81: =1-H81/C81 -> -0.0067895569
D82: Jul-Dic | E82: 4669.75 | F82: =+E82+I81 -> 6299.398 | G82: =+SUM('Resumen RAE S. Austral'!F23) -> 6446.526 | I82: =+F82-G82 -> -147.128 | K82: =1-G82/F82 -> -0.023355883
A83: Sardina Austral | B83: XI | C83: =SUM(E83:E84) -> 6920 | D83: Ene-Dic | E83: 6920 | F83: =+E83 -> 6920 | G83: =+SUM('Sardina austral X - XI'!B6:B17) -> 5819.761 | H83: =SUM(G83:G83) -> 5819.761 | I83: =+F83-G83 -> 1100.239 | J83: =+C83-H83 -> 1100.239 | K83: =1-G83/F83 -> 0.15899408 | L83: =1-H83/C83 -> 0.15899408 | M83: 20 05 2013
G84: =SUM(G7:G83) -> 383708.47
A87: jurel x | B87: periodo 1 | C87: periodo 2
A88: por res 548 del 22 02 2013 | B88: 16.978 | C88: 0.893
B89: 580.947 | C89: 30.548
B90: 2083.929 | C90: 109.581
B91: 1410.715 | C91: 74.181
B92: 0.083 | C92: 0.004
B93: 0 | C93: 0
B94: 0.217 | C94: 0.011
B95: 40.571 | C95: 2.133
B96: 0.453 | C96: 0.024
B97: 220.759 | C97: 11.608
B98: 57.349 | C98: 3.016
B99: =SUM(B88:B98) -> 4412.001 | C99: =SUM(C88:C98) -> 231.999 | D99: =SUM(B99:C99) -> 4644

Sheet Resumen RAE Anchoveta
A2: Resumen RAE Anchoveta 2013
A4: IV Región, de Coquimbo
A6: Organización | B6: Periodo | C6: Cuota asignada (t) | D6: TRAPASOS | E6: Cuota efectiva (t) | F6: Desembarque (t) | G6: Saldo (t) | H6: % | I6: Fecha de Cierre
A7: A.G. de pescadores Art. Y Buzos Marisc. De Coquimbo IV Región | B7: Ene-Oct | C7: 60 | E7: =+C7 -> 60 | F7: =+SUM('RAE Anchoveta'!B8:B17) -> 0.2 | G7: =+E7-F7 -> 59.8 | H7: =+G7/E7 -> 0.99666667
A8: Cooperativa de Armadores Cerqueros IV Región | B8: Ene-Oct | C8: 8165 | E8: =+C8 -> 8165 | F8: =+SUM('RAE Anchoveta'!B24:B33) -> 7577.372 | G8: =+E8-F8 -> 587.628 | H8: =+G8/E8 -> 0.071969137 | L8: Atencion
A9: Cuota Residual - Bolson | B9: Ene-Oct | C9: 11 | E9: =+C9 -> 11 | F9: =+SUM('RAE Anchoveta'!B40:B49) -> 4.196 | G9: =+E9-F9 -> 6.804 | H9: =+G9/E9 -> 0.61854545
A10: Total | B10: Ene-Oct | C10: =SUM(C7:C9) -> 8236 | E10: =SUM(E7:E9) -> 8236 | F10: =SUM(F7:F9) -> 7581.768 | G10: =+E10-F10 -> 654.232
A12: Organización | B12: Periodo | C12: Cuota asignada (t) | D12: TRAPASOS | E12: Cuota efectiva (t) | F12: Desembarque (t) | G12: Saldo (t) | H12: % | I12: Fecha de Cierre
A13: A.G. de pescadores Art. Y Buzos Marisc. De Coquimbo IV Región | B13: Nov-Dic | C13: 3 | E13: =+C13+G7 -> 62.8 | F13: =+SUM('RAE Anchoveta'!B18:B19) -> 0 | G13: =+E13-F13 -> 62.8 | H13: =+G13/E13 -> 1
A14: Cooperativa de Armadores Cerqueros IV Región | B14: Nov-Dic | C14: 429 | E14: =+C14+G8 -> 1016.628 | F14: =+SUM('RAE Anchoveta'!B34:B35) -> 100.137 | G14: =+E14-F14 -> 916.491 | H14: =+G14/E14 -> 0.90150084
A15: Cuota Residual - Bolson | B15: Nov-Dic | C15: 1 | E15: =+C15+G9 -> 7.804 | F15: =+SUM('RAE Anchoveta'!B50:B51) -> 0.03 | G15: =+E15-F15 -> 7.774 | H15: =+G15/E15 -> 0.99615582
A16: Total | B16: Nov-Dic | C16: =SUM(C13:C15) -> 433 | E16: =+C16 -> 433 | F16: =SUM(F13:F15) -> 100.167 | G16: =+E16-F16 -> 332.833
A18: V Región, de Valparaíso
A20: Organización | B20: Periodo | C20: Cuota asignada (t) | D20: Traspasos | E20: Cuota efectiva (t) | F20: Desembarque (t) | G20: Saldo (t) | H20: % | I20: Fecha de Cierre
A21: A.G. Armadores Artesanales San Antonio R.A.G. 2510 | B21: Ene-Abr | C21: 4735 | E21: =+C21+D21 -> 4735 | F21: =+SUM('RAE Anchoveta'!B58:B61) -> 4108.784 | G21: =+E21-F21 -> 626.216 | H21: =+G21/E21 -> 0.13225259 | L21: Atencion
A22: Pescadores artesanales no afiliados | B22: Ene-Abr | C22: 51 | E22: =+C22+D22 -> 51 | F22: =+SUM('RAE Anchoveta'!B74:B77) -> 31.1 | G22: =+E22-F22 -> 19.9 | H22: =+G22/E22 -> 0.39019608 | L22: Atencion
A23: Total | B23: Ene-Abr | C23: =SUM(C21:C22) -> 4786 | E23: =SUM(E21:E22) -> 4786 | F23: =SUM(F21:F22) -> 4139.884 | G23: =+E23-F23 -> 646.116
A25: Organización | B25: Periodo | C25: Cuota asignada (t) | E25: Cuota efectiva (t) | F25: Desembarque (t) | G25: Saldo (t) | H25: % | I25: Fecha de Cierre
A26: A.G. Armadores Artesanales San Antonio R.A.G. 2510 | B26: May-Ago | C26: 557 | E26: =+C26+G21+D26 -> 1183.216 | F26: =+SUM('RAE Anchoveta'!B62:B65) -> 310.107 | G26: =+E26-F26 -> 873.109 | H26: =+G26/E26 -> 0.73791176
A27: Pescadores artesanales no afiliados | B27: May-Ago | C27: 6 | E27: =+C27+G22+D27 -> 25.9 | F27: =+SUM('RAE Anchoveta'!B78:B81) -> 0 | G27: =+E27-F27 -> 25.9 | H27: =+G27/E27 -> 1
A28: Total | B28: May-Ago | C28: =SUM(C26:C27) -> 563 | E28: =+C28+G23 -> 1209.116 | F28: =SUM(F26:F27) -> 310.107 | G28: =+E28-F28 -> 899.009
A30: Organización | B30: Periodo | C30: Cuota asignada (t) | E30: Cuota efectiva (t) | F30: Desembarque (t) | G30: Saldo (t) | H30: % | I30: Fecha de Cierre
A31: A.G. Armadores Artesanales San Antonio R.A.G. 2510 | B31: Sep-Dic | C31: 278 | E31: =+C31+G26+D31 -> 1151.109 | F31: =+SUM('RAE Anchoveta'!B66:B69) -> 0 | G31: =+E31-F31 -> 1151.109 | H31: =+G31/E31 -> 1
A32: Pescadores artesanales no afiliados | B32: Sep-Dic | C32: 3 | E32: =+C32+G27+D32 -> 28.9 | F32: =+SUM('RAE Anchoveta'!B82:B85) -> 0 | G32: =+E32-F32 -> 28.9 | H32: =+G32/E32 -> 1
A33: Total | B33: Sep-Dic | C33: =SUM(C31:C32) -> 281 | E33: =+C33+G28 -> 1180.009 | F33: =SUM(F31:F32) -> 0 | G33: =+E33-F33 -> 1180.009
A35: VII Región, deL Maule
A37: Organización | B37: Periodo | C37: Cuota asignada (t) | D37: TRASPASOS | E37: Cuota efectiva (t) | F37: Desembarque (t) | G37: Saldo (t) | H37: % | I37: Fecha de Cierre
A38: STI:.de Pescadores "Pelágicos del Maule" Constitución, R.S.U. N° 07050150 | B38: Ene-Abr | C38: 481.746 | E38: =+C38+D38 -> 481.746 | F38: =+SUM('RAE Anchoveta'!B91:B94) -> 673.229 | G38: =+E38-F38 -> -191.483 | H38: =+G38/E38 -> -0.39747709 | I38: 17 04 2013 | J38: anual
A39: STI. AGUA LIMPIA RSU. N° 07050118 | B39: Ene-Abr | C39: 4.597 | E39: =+C39+D39 -> 4.597 | F39: =+SUM('RAE Anchoveta'!B107:B110) -> 0 | G39: =+E39-F39 -> 4.597 | H39: =+G39/E39 -> 1
A40: Cuota Residual | B40: Ene-Abr | C40: 25.657 | E40: =+C40+D40 -> 25.657 | F40: =+SUM('RAE Anchoveta'!B123:B126) -> 138.924 | G40: =+E40-F40 -> -113.267 | H40: =+G40/E40 -> -4.4146627 | I40: 19 03 2013 | J40: anual
A41: Total | B41: Ene-Abr | C41: =SUM(C38:C40) -> 512 | E41: =SUM(E38:E40) -> 512 | F41: =SUM(F38:F40) -> 812.153 | G41: =+E41-F41 -> -300.153
A43: Organización | B43: Periodo | C43: Cuota asignada (t) | E43: Cuota efectiva (t) | F43: Desembarque (t) | G43: Saldo (t) | H43: % | I43: Fecha de Cierre
A44: STI:.de Pescadores "Pelágicos del Maule" Constitución, R.S.U. N° 07050150 | B44: May-Ago | C44: 56.455 | E44: =+C44+G38+D44 -> -135.028 | F44: =+SUM('RAE Anchoveta'!B95:B98) -> 0 | G44: =+E44-F44 -> -135.028 | H44: =+G44/E44 -> 1 | I44: 17 04 2013 | J44: anual
A45: STI. AGUA LIMPIA RSU. N° 07050118 | B45: May-Ago | C45: 0.539 | E45: =+C45+G39+D45 -> 5.136 | F45: =+SUM('RAE Anchoveta'!B111:B114) -> 0 | G45: =+E45-F45 -> 5.136 | H45: =+G45/E45 -> 1
A46: Cuota Residual | B46: May-Ago | C46: 3.007 | E46: =+C46+G40+D46 -> -110.26 | F46: =+SUM('RAE Anchoveta'!B127:B130) -> 0.035 | G46: =+E46-F46 -> -110.295 | H46: =+G46/E46 -> 1.0003174 | I46: 19 03 2013 | J46: anual
A47: Total | B47: May-Ago | C47: =SUM(C44:C46) -> 60.001 | E47: =+C47+G41 -> -240.152 | F47: =SUM(F44:F46) -> 0.035 | G47: =+E47-F47 -> -240.187
A49: Organización | B49: Periodo | C49: Cuota asignada (t) | E49: Cuota efectiva (t) | F49: Desembarque (t) | G49: Saldo (t) | H49: % | I49: Fecha de Cierre
A50: STI:.de Pescadores "Pelágicos del Maule" Constitución, R.S.U. N° 07050150 | B50: Sep-Dic | C50: 28.227 | E50: =+C50+G44+D50 -> -106.801 | F50: =+SUM('RAE Anchoveta'!B99:B102) -> 0 | G50: =+E50-F50 -> -106.801 | H50: =+G50/E50 -> 1 | I50: 17 04 2013 | J50: anual
A51: STI. AGUA LIMPIA RSU. N° 07050118 | B51: Sep-Dic | C51: 0.269 | E51: =+C51+G45+D51 -> 5.405 | F51: =+SUM('RAE Anchoveta'!B115:B118) -> 0 | G51: =+E51-F51 -> 5.405 | H51: =+G51/E51 -> 1
A52: Cuota Residual | B52: Sep-Dic | C52: 1.503 | E52: =+C52+G46+D52 -> -108.792 | F52: =+SUM('RAE Anchoveta'!B131:B134) -> 0 | G52: =+E52-F52 -> -108.792 | H52: =+G52/E52 -> 1 | I52: 19 03 2013 | J52: anual
A53: Total | B53: Sep-Dic | C53: =SUM(C50:C52) -> 29.999 | E53: =+C53+G47 -> -210.188 | F53: =SUM(F50:F52) -> 0 | G53: =+E53-F53 -> -210.188 | H53: =SUM(G50:G52) -> -210.188
A55: VIII Región, del Bio Bio | G55: 41011 | N55: insertar aquí
A57: Organización | B57: Periodo | C57: Cuota asignada (t) | D57: traspasos | E57: Cuota efectiva (t) | F57: Desembarque (t) | G57: Saldo (t) | H57: % | I57: Fecha de Cierre | N57: desembarque
A58: Agrupación de Armadores y Pescadores Pelágicos de Caleta Tubul, Registro de Organización Comunitaria Funcional 478-2007 | B58: Ene-Ago | C58: 138 | E58: =+C58+D58 -> 138 | F58: =0.105+0.098+0.149-0.149 -> 0.203 | G58: =+E58-F58 -> 137.797 | H58: =+G58/E58 -> 0.99852899 | J58: 1 | M58: =+(N58-F58) -> 2.7755576e-17 | N58: 0.203
A59: Agrupación Gremial de Productores Pelágicos, Armadores Artesanales de Talcahuano, Región del Bío Bío AGREPAR BIO BIO A.G., R.A.G. N° 468-8 | B59: Ene-Ago | C59: 395 | E59: =+C59+D59 -> 395 | F59: =44.95+115.553+24.902+64.304+31.399+14.531+2.948+18.295 -> 316.882 | G59: =+E59-F59 -> 78.118 | H59: =+G59/E59 -> 0.19776709 | J59: =+J58+1 -> 2 | L59: Atencion | M59: =+(N59-F59) -> 5.6843419e-14 | N59: 316.882
A60: Asociación de Armadores, Pescadores Artesanales y Actividades Afines de la Octava Región, Asociación Gremial ARPESCA A.G., R.A.G. 429-8 | B60: Ene-Ago | C60: 12 | E60: =+C60+D60 -> 12 | F60: 2.894 | G60: =+E60-F60 -> 9.106 | H60: =+G60/E60 -> 0.75883333 | J60: =+J59+1 -> 3 | M60: =+(N60-F60) -> 0 | N60: 2.894
A61: A.G. Armadores Artesanales Pelágico Coronel-Lota del Bío Bío, ARPES BIO BIO A.G., R.A.G. 445-8 | B61: Ene-Ago | C61: 1706 | E61: =+C61+D61 -> 1706 | F61: =67.09+242.307+132.036+54.677+41.647+2.017+19.236+2.967+12.002-0.783-62.04+0.251+2.911+7.747+61.291+0.231+37.687+2.135+62.402+9.075 -> 694.886 | G61: =+E61-F61 -> 1011.114 | H61: =+G61/E61 -> 0.59268113 | J61: =+J60+1 -> 4 | M61: =+(N61-F61) -> -1.1368684e-13 | N61: 694.886
A62: A.G. Armadores y Pescadores Artesanales, SIARPAR A.G., R.A.G. 448-8 | B62: Ene-Ago | C62: 21 | E62: =+C62+D62 -> 21 | F62: 0 | G62: =+E62-F62 -> 21 | H62: =+G62/E62 -> 1 | J62: =+J61+1 -> 5 | M62: =+(N62-F62) -> 0 | N62: 0
A63: A.G. de Armadores Artesanales - ARMAR A.G., R.A.G. 384-8 | B63: Ene-Ago | C63: 1290 | E63: =+C63+D63 -> 1290 | F63: =11.45+97.006+1.257+9.023+36.591+91.504+1.767+21.173+7.878+0.43-4.605-0.644+50.572+18.713+11.142+4.695+19.311+7.854 -> 385.117 | G63: =+E63-F63 -> 904.883 | H63: =+G63/E63 -> 0.70145969 | J63: =+J62+1 -> 6 | M63: =+(N63-F63) -> 5.6843419e-14 | N63: 385.117
A64: A.G. de Armadores Artesanales y Productores Pelágicos de la Caleta el Morro de Talcahuano - AGEMAPAR, R.A.G. 376-8 | B64: Ene-Ago | C64: 1348 | E64: =+C64+D64 -> 1348 | F64: =12.442+143.449+247.19+5.576+0.782+0.384+1.788+0.178+29.591+18.17-2.084-0.434+0.402+5.321+1.42-1.42+9.016+47.939+8.183+2.591+25.072+0.683-0.683+7.758-7.758 -> 555.556 | G64: =+E64-F64 -> 792.444 | H64: =+G64/E64 -> 0.58786647 | J64: =+J63+1 -> 7 | M64: =+(N64-F64) -> 0 | N64: 555.556
A65: A.G. de Armadores y Productores Pelágicos Artesanales de la Octava Región - ARPROPELAR A.G., R.A.G. 353-8 | B65: Ene-Ago | C65: 1155 | E65: =+C65+D65 -> 1155 | F65: =297.388+753.359+10.039+3.592+2.431+1.112+7.318-2.807+4.175-4.346+88.359-105.912+0.032+14.027+10.132-24.159+32.618+15.441+5.216+2.624-2.624 -> 1108.015 | G65: =+E65-F65 -> 46.985 | H65: =+G65/E65 -> 0.040679654 | I65: 21 03 2013 | J65: =+J64+1 -> 8 | L65: cierra al 21 03 2013 | M65: =+(N65-F65) -> 2.2737368e-13 | N65: 1108.015 | Q65: el 25 03 2013 informa 10,039 mas
A66: A.G. de Pequeños Armadores, Pescadores y Tripulantes - ITALMAR A.G., R.A.G. 392-8 | B66: Ene-Ago | C66: 294 | E66: =+C66+D66 -> 294 | F66: =10.759+25.258+119.404+44.801+0.276-0.276 -> 200.222 | G66: =+E66-F66 -> 93.778 | H66: =+G66/E66 -> 0.31897279 | J66: =+J65+1 -> 9 | M66: =+(N66-F66) -> 2.8421709e-14 | N66: 200.222
A67: A.G. de Pescadores Artesanales de caleta INFIERNILLO, R.A.G. 98-8 | B67: Ene-Ago | C67: 11 | E67: =+C67+D67 -> 11 | F67: 0 | G67: =+E67-F67 -> 11 | H67: =+G67/E67 -> 1 | J67: =+J66+1 -> 10 | M67: =+(N67-F67) -> 0 | N67: 0
A68: A.G. de Pescadores Artesanales de Coronel, R.A.G. 5-08 | B68: Ene-Ago | C68: 3528 | E68: =+C68+D68 -> 3528 | F68: =0.183+192.445+55.667+13.381+19.447+150.032+278.712+70.281+65.867+111.333+147.991+23.015+16.275-2.732-1.875-4.171+8.81+12.41+24.867+83.213+1.71+1.521+2.476+13.34-0.674+5.519+16.229+1.401 -> 1306.673 | G68: =+E68-F68 -> 2221.327 | H68: =+G68/E68 -> 0.62962783 | J68: =+J67+1 -> 11 | M68: =+(N68-F68) -> -2.2737368e-13 | N68: 1306.673
A69: A.G. de Pescadores Artesanales de Lota - A.G. APESCA Lota, R.A.G. 428-8 | B69: Ene-Ago | C69: 231 | E69: =+C69+D69 -> 231 | F69: =16.744+1.261+4.403+0.896+2.095+1.378+0.394 -> 27.171 | G69: =+E69-F69 -> 203.829 | H69: =+G69/E69 -> 0.88237662 | J69: =+J68+1 -> 12 | M69: =+(N69-F69) -> 3.5527137e-15 | N69: 27.171
A70: A.G. de Pescadores Artesanales de San Vicente – Talcahuano, R.A.G. 18-8 | B70: Ene-Ago | C70: 696 | E70: =+C70+D70 -> 696 | F70: =2.5+67.02+218.697+0.006+4.851+0.385+8.84+0.45-0.45+38.531 -> 340.83 | G70: =+E70-F70 -> 355.17 | H70: =+G70/E70 -> 0.51030172 | J70: =+J69+1 -> 13 | M70: =+(N70-F70) -> 5.6843419e-14 | N70: 340.83
A71: A.G. de Pescadores Artesanales, VIII Región- AGREPESCA A.G., R.A.G. N° 396-8 | B71: Ene-Ago | C71: 21 | E71: =+C71+D71 -> 21 | F71: 0 | G71: =+E71-F71 -> 21 | H71: =+G71/E71 -> 1 | J71: =+J70+1 -> 14 | M71: =+(N71-F71) -> 0 | N71: 0
A72: A.G. de Pescadores y Armadores Artesanales Pelágicos de la Región del Bío Bío, PESCA MAR A.G., R.A.G. 450-8 | B72: Ene-Ago | C72: 1291 | E72: =+C72+D72 -> 1291 | F72: =12.76+76.849+238.753+23.727+50.274+26.891+4.822+28.359-14.539+1.86-1.203+15.63+96.772-6.076+12.258+4.857 -> 571.994 | G72: =+E72-F72 -> 719.006 | H72: =+G72/E72 -> 0.55693726 | J72: =+J71+1 -> 15 | M72: =+(N72-F72) -> 0 | N72: 571.994
A73: A.G. de Productores Pelágicos Artesanales de las Caletas de Talcahuano y San Vicente de la VIII Región GEMAR A.G., R.A.G. 464-8 | B73: Ene-Ago | C73: 771 | E73: =+C73+D73 -> 771 | F73: =55.487+333.481+37.594+22.41+7.805 -> 456.777 | G73: =+E73-F73 -> 314.223 | H73: =+G73/E73 -> 0.40755253 | J73: =+J72+1 -> 16 | M73: =+(N73-F73) -> -5.6843419e-14 | N73: 456.777
A74: A.G. Productores Pelágicos, Armadores Artesanales de la Comuna de Coronel, VIII Región, ARPESCA A.G., R.A.G. 447-8 | B74: Ene-Ago | C74: 2510 | E74: =+C74+D74 -> 2510 | F74: =51.994+6.306+114.908+187.874+7.973+170.947+21.776+9.276+8.168+0.316+45.015+0.102-7.256+8.862+0.912+1.888+3.332-3.332 -> 629.061 | G74: =+E74-F74 -> 1880.939 | H74: =+G74/E74 -> 0.74937809 | J74: =+J73+1 -> 17 | M74: =+(N74-F74) -> 1.1368684e-13 | N74: 629.061
A75: Cooperativa de Pescadores Pelilleros Isla Santa María Ltda., Registro de Cooperativa Rol 1826 | B75: Ene-Ago | C75: 43 | E75: =+C75+D75 -> 43 | F75: =1.747+2.458+1.759+0.403 -> 6.367 | G75: =+E75-F75 -> 36.633 | H75: =+G75/E75 -> 0.85193023 | J75: =+J74+1 -> 18 | M75: =+(N75-F75) -> -8.8817842e-16 | N75: 6.367
A76: Cooperativa de Pescadores y Armadores Artesanales de Lota o GEVIMAR, Registro de Cooperativa Rol 4465 | B76: Ene-Ago | C76: 683 | E76: =+C76+D76 -> 683 | F76: =21.864+21.43+102.747+33.822+3.793+20.675+3.448+2.004-2.004+17.263+25.401+56.623+33.353+43.579+5.579 -> 389.577 | G76: =+E76-F76 -> 293.423 | H76: =+G76/E76 -> 0.42960908 | J76: =+J75+1 -> 19 | M76: =+(N76-F76) -> -5.6843419e-14 | N76: 389.577
A77: Sindicato de Pescadores Artesanales Lo Rojas y Caletas Anexas del Golfo de Arauco , R.S.U. 08.07.0307 | B77: Ene-Ago | C77: 1261 | E77: =+C77+D77 -> 1261 | F77: =13.384+0.048+59.22+108.219+26.81+29.611+36.059+21.554+0.197+11.41-0.197+5.222 -> 311.537 | G77: =+E77-F77 -> 949.463 | H77: =+G77/E77 -> 0.75294449 | J77: =+J76+1 -> 20 | M77: =+(N77-F77) -> 0 | N77: 311.537
A78: Sindicato de Pescadores Artesanales y Armadores Artesanales de la Octava Región, SPAADA SD, R.S.U. 08.05.0339 | B78: Ene-Ago | C78: 1652 | E78: =+C78+D78 -> 1652 | F78: =6.443+9.024+88.523+419.051+5.463+11.443+72.685+1.662+0.899+13.506+1.956-1.051+39.489+2.378-2.378 -> 669.093 | G78: =+E78-F78 -> 982.907 | H78: =+G78/E78 -> 0.59498002 | J78: =+J77+1 -> 21 | M78: =+(N78-F78) -> 1.1368684e-13 | N78: 669.093
A79: Sindicato de Pescadores Artesanales, Armadores Pelágicos y Actividades Conexas de la Caleta Vegas de Coliumo, R.S.U. 08.06.0113 | B79: Ene-Ago | C79: 373 | E79: =+C79+D79 -> 373 | F79: =27.679+90.388+0.477+6.242+48.609+25.707+42.454 -> 241.556 | G79: =+E79-F79 -> 131.444 | H79: =+G79/E79 -> 0.35239678 | J79: =+J78+1 -> 22 | L79: Atencion | M79: =+(N79-F79) -> 0 | N79: 241.556
A80: Sindicato de Pescadores y Armadores Artesanales del Mar, SIPARMAR, R.S.U. 08.05.0399 | B80: Ene-Ago | C80: 581 | E80: =+C80+D80 -> 581 | F80: =101.503+171.472+3.46+4.287+91.146+49.805+46.432+82.641-15.027+0.617+28.229-28.846+3.859+17.775+12.301+6.336+32.525-2.406 -> 606.109 | G80: =+E80-F80 -> -25.109 | H80: =+G80/E80 -> -0.043216867 | I80: 17 06 2013 | J80: =+J79+1 -> 23 | M80: =+(N80-F80) -> 0 | N80: 606.109
A81: Sindicato de Pescadores y Trabajadores Independientes "Brisas del Mar", R.S.U. 08.04.0115 | B81: Ene-Ago | C81: 103 | E81: =+C81+D81 -> 103 | F81: =0.749+12.756+30.16+59.21+51.099+0.75+6.576+2.114+1.863-57.456 -> 107.821 | G81: =+E81-F81 -> -4.821 | H81: =+G81/E81 -> -0.046805825 | I81: 23 04 2013 | J81: =+J80+1 -> 24 | L81: Cierra 19 03 2013 | M81: =+(N81-F81) -> 1.4210855e-14 | N81: 107.821
A82: S.T.I. Armadores Pescadores Artesanales Buzos Mariscadores, Algueros Acuicultores y Actividades Conexas de la Región del Bío Bío (PESCA BIO BIO), R.S.U. 08.05.0532 | B82: Ene-Ago | C82: 6 | E82: =+C82+D82 -> 6 | F82: =6.351+0.229+5.064 -> 11.644 | G82: =+E82-F82 -> -5.644 | H82: =+G82/E82 -> -0.94066667 | J82: =+J81+1 -> 25 | M82: =+(N82-F82) -> 0 | N82: 11.644
A83: S.T.I. Armadores Pescadores del Mar "SIARPEMAR", R.S.U. 08.05.0459. | B83: Ene-Ago | C83: 273 | E83: =+C83+D83 -> 273 | F83: =64.735+73.099+9.463+27.551+26.15-1.158-0.227+7.36-7.36+0.15-0.15 -> 199.613 | G83: =+E83-F83 -> 73.387 | H83: =+G83/E83 -> 0.26881685 | J83: =+J82+1 -> 26 | L83: Atencion | M83: =+(N83-F83) -> 0 | N83: 199.613
A84: S.T.I. Armadores, Pescadores y Ramos Afines de la Pesca Artesanal de la Región del Bio-Bio, SARPAR BIO-BIO, R.S.U. 08.05.0378 | B84: Ene-Ago | C84: 215 | E84: =+C84+D84 -> 215 | F84: =69.031+8.689+4.437+5.09-5.09 -> 82.157 | G84: =+E84-F84 -> 132.843 | H84: =+G84/E84 -> 0.61787442 | J84: =+J83+1 -> 27 | M84: =+(N84-F84) -> 0 | N84: 82.157
A85: S.T.I. Armadores, Pescadores y Ramos Afines de la Pesca Artesanal Lo Rojas "SITRAL", R.S.U. 08.07.0322 | B85: Ene-Ago | C85: 403 | E85: =+C85+D85 -> 403 | F85: =0.132+46.286+7.015+27.275+5.061+3.088+6.402+3.079+0.425+1.583+0.294-1.877+8.18 -> 106.943 | G85: =+E85-F85 -> 296.057 | H85: =+G85/E85 -> 0.73463275 | J85: =+J84+1 -> 28 | M85: =+(N85-F85) -> 1.4210855e-14 | N85: 106.943
A86: S.T.I. de Armadores y Pescadores Artesanales y Ramas afines, R.S.U. 08.05.0512 | B86: Ene-Ago | C86: 446 | E86: =+C86+D86 -> 446 | F86: =42.936+115.67+30.15+6.273+11.193-9.497+0.436-0.436+7.52+11.846 -> 216.091 | G86: =+E86-F86 -> 229.909 | H86: =+G86/E86 -> 0.51549103 | J86: =+J85+1 -> 29 | M86: =+(N86-F86) -> -2.8421709e-14 | N86: 216.091
A87: S.T.I. de Buzos asistentes, Armadores, Pescadores Artesanales Hermandad de la Costa, R.S.U. 08.05.0404 | B87: Ene-Ago | C87: 83 | E87: =+C87+D87 -> 83 | F87: =8.369+2.692+5.327+24.003+16.394+33.645+19.076 -> 109.506 | G87: =+E87-F87 -> -26.506 | H87: =+G87/E87 -> -0.3193494 | I87: 17 06 2013 | J87: =+J86+1 -> 30 | M87: =+(N87-F87) -> 0 | N87: 109.506
A88: S.T.I. de la Pesca Artesanal, Armadores Artesanales Pelágicos Actividades Afines y Actividades Conexas de la Comuna de Talcahuano, MAR AZUL, R.S.U. 08.05.0434 | B88: Ene-Ago | C88: 495 | E88: =+C88+D88 -> 495 | F88: =132.9+4.36+34.215 -> 171.475 | G88: =+E88-F88 -> 323.525 | H88: =+G88/E88 -> 0.65358586 | J88: =+J87+1 -> 31 | M88: =+(N88-F88) -> -2.8421709e-14 | N88: 171.475
A89: S.T.I. de la Pesca Artesanal, Armadores Artesanales Pelágicos, Pescadores Artesanales propiamente tales y actividades Conexas de Caleta San Vicente "Sindicato Tsunami", R.S.U. 08.05.0428 | B89: Ene-Ago | C89: 794 | E89: =+C89+D89 -> 794 | F89: =4.671+87.441+537.484+1.411+0.5+0.15 -> 631.657 | G89: =+E89-F89 -> 162.343 | H89: =+G89/E89 -> 0.20446222 | J89: =+J88+1 -> 32 | L89: Atencion | M89: =+(N89-F89) -> 1.1368684e-13 | N89: 631.657
A90: S.T.I. de Pescadores Artesanales Caleta Lo Rojas, R.S.U. 08.07.0287. | B90: Ene-Ago | C90: 43 | E90: =+C90+D90 -> 43 | F90: 0 | G90: =+E90-F90 -> 43 | H90: =+G90/E90 -> 1 | J90: =+J89+1 -> 33 | M90: =+(N90-F90) -> 0 | N90: 0
A91: S.T.I. de Pescadores Artesanales Merluceros y Afines de Caleta Lo Rojas, R.S.U. 08.07.0227 | B91: Ene-Ago | C91: 58 | E91: =+C91+D91 -> 58 | F91: 0 | G91: =+E91-F91 -> 58 | H91: =+G91/E91 -> 1 | J91: =+J90+1 -> 34 | M91: =+(N91-F91) -> 0 | N91: 0
A92: S.T.I. de Pescadores Artesanales, Armadores Artesanales Pelágicos Actividades Afines y Actividades Conexas de la Caleta de San Vicente de la Comuna de Talcahuano, SIPARMARCEA, R.S.U. 08.05.0430 | B92: Ene-Ago | C92: 723 | E92: =+C92+D92 -> 723 | F92: =0.1+3.166+2.472+53.166+271.096+132.865+23.134+18.246+2.244-2.244+30.54+0.15 -> 534.935 | G92: =+E92-F92 -> 188.065 | H92: =+G92/E92 -> 0.26011757 | J92: =+J91+1 -> 35 | L92: Atencion | M92: =+(N92-F92) -> 0 | N92: 534.935
A93: S.T.I. Pescadores Armadores y Ramos Afines de la Pesca Artesanal, APAT, R.S.U. 08.05.0380 | B93: Ene-Ago | C93: 279 | E93: =+C93+D93 -> 279 | F93: =75.129+61.673+0.686 -> 137.488 | G93: =+E93-F93 -> 141.512 | H93: =+G93/E93 -> 0.50721147 | J93: =+J92+1 -> 36 | M93: =+(N93-F93) -> -2.8421709e-14 | N93: 137.488
A94: S.T.I. Pescadores Artesanales de Caleta Tumbes - Talcahuano, R.S.U. 08.05.0057 | B94: Ene-Ago | C94: 773 | E94: =+C94+D94 -> 773 | F94: =6.256+2.155+1.551+7.816+264.559+441.146+11.528+8.124+0.799+3.021+8.463-8.08+3.194-3.194-0.383+0.045+0.1-2.154 -> 744.946 | G94: =+E94-F94 -> 28.054 | H94: =+G94/E94 -> 0.036292367 | J94: =+J93+1 -> 37 | M94: =+(N94-F94) -> -0.001 | N94: 744.945
A95: S.T.I. Pescadores Artesanales Históricos de Talcahuano, SPARHITAL, R.S.U. 08.05.0382 | B95: Ene-Ago | C95: 164 | E95: =+C95+D95 -> 164 | F95: =35.952+39.66+1.968+11.43-11.43+1.775-1.775+32.801+7.514+2.3 -> 120.195 | G95: =+E95-F95 -> 43.805 | H95: =+G95/E95 -> 0.26710366 | J95: =+J94+1 -> 38 | L95: Atencion | M95: =+(N95-F95) -> 1.4210855e-14 | N95: 120.195
A96: S.T.I. Pescadores Artesanales Península de Tumbes, R.S.U. 08.05.0391 | B96: Ene-Ago | C96: 747 | E96: =+C96+D96 -> 747 | F96: =245.703+253.113+15.369+0.642+0.804+0.083+0.45-0.043-0.49-0.77+0.838-0.838 -> 514.861 | G96: =+E96-F96 -> 232.139 | H96: =+G96/E96 -> 0.31076171 | J96: =+J95+1 -> 39 | M96: =+(N96-F96) -> -1.1368684e-13 | N96: 514.861
A97: S.T.I. Pescadores Artesanales, Armadores y Actividades Conexas Tome Los Bagres, R.S.U. 08.06.0024 | B97: Ene-Ago | C97: 0 | E97: =+C97+D97 -> 0 | F97: 0 | G97: =+E97-F97 -> 0 | H97: =+G97/E97 -> #DIV/0! | J97: =+J96+1 -> 40 | M97: =+(N97-F97) -> 0 | N97: 0
A98: S.T.I. Pescadores Artesanales, Armadores, Patrones y Tripulantes de Pesca Artesanal y Actividades Conexas de la Caleta Cocholgüe de la Comuna de Tomé VIII Región, R.S.U. 08.0601.06. | B98: Ene-Ago | C98: 316 | E98: =+C98+D98 -> 316 | F98: =35.494+5.296+0.913 -> 41.703 | G98: =+E98-F98 -> 274.297 | H98: =+G98/E98 -> 0.86802848 | J98: =+J97+1 -> 41 | M98: =+(N98-F98) -> 7.1054274e-15 | N98: 41.703
A99: S.T.I. Pescadores Artesanales, Buzos Mariscadores y Actividades Conexas del Puerto de Coronel de la VIII Región y del Golfo de Arauco, R.S.U. 08.07.0183 | B99: Ene-Ago | C99: 1446 | E99: =+C99+D99 -> 1446 | F99: =44.865+1.172+8.22+6.731+37.793+87.402+44.556+12.939+65.447+16.206+25.71+94.78-10.645+1.24-3.126+2.63+0.644+12.451+49.329+53.502+87.178+6.399+26.719+53.23+17.831+39.109+5.165+2.171-2.171 -> 787.477 | G99: =+E99-F99 -> 658.523 | H99: =+G99/E99 -> 0.4554101 | J99: =+J98+1 -> 42 | M99: =+(N99-F99) -> -2.2737368e-13 | N99: 787.477
A100: S.T.I. Pescadores Artesanales, Lancheros, Acuicultores y Actividades Conexas de Caleta Lota Bajo, R.S.U. 08.07.0106 | B100: Ene-Ago | C100: 874 | E100: =+C100+D100 -> 874 | F100: =6.214+87.002+162.523+26.133+5.956+36.237+4.405+15.41+9.682-9.426+1.965-0.256+8.23+3.583+26.144+6.82 -> 390.622 | G100: =+E100-F100 -> 483.378 | H100: =+G100/E100 -> 0.55306407 | J100: =+J99+1 -> 43 | M100: =+(N100-F100) -> -5.6843419e-14 | N100: 390.622
A101: S.T.I. Pescadores de la Caleta Cocholgüe, R.S.U. 08.06.0023 | B101: Ene-Ago | C101: 58 | E101: =+C101+D101 -> 58 | F101: =2.6+17.65+0.732+1.231 -> 22.213 | G101: =+E101-F101 -> 35.787 | H101: =+G101/E101 -> 0.61701724 | J101: =+J100+1 -> 44 | L101: Atencion | M101: =+(N101-F101) -> 0 | N101: 22.213
A102: S.T.I. Pescadores de la Caleta Coliumo, R.S.U. 08.06.0027 | B102: Ene-Ago | C102: 2100 | E102: =+C102+D102 -> 2100 | F102: =1.752+0.311+0.892+325.615+207.447+57.253+0.719+6.406+1.082+89.554-1.497-2.178+18.185-10.154+20.171+0.819-0.819 -> 715.558 | G102: =+E102-F102 -> 1384.442 | H102: =+G102/E102 -> 0.6592581 | J102: =+J101+1 -> 45 | M102: =+(N102-F102) -> -1.1368684e-13 | N102: 715.558
A103: S.T.I. Pescadores y Armadores y Ramos Afines de la Pesca Artesanal, SIPARMA - LOTA, R.S.U. 08.07.0306 | B103: Ene-Ago | C103: 813 | E103: =+C103+D103 -> 813 | F103: =71.438+27.247+15.419+67.954+55.602+87.057+64.021+8.639+1.874+1.958+30.576-3.141+4.079+25.359+25.389+9.36+18.062+14.669+133.709+40.082+58.978+147.892-48.366+8.937+148.964-82.426-11.181-0.652-35.592 -> 885.907 | G103: =+E103-F103 -> -72.907 | H103: =+G103/E103 -> -0.089676507 | I103: 17 06 2013 | J103: =+J102+1 -> 46 | M103: =+(N103-F103) -> -1.1368684e-13 | N103: 885.907
A104: S.T.I. Pescadores, Armadores Artesanales Buzos, Acuicultores y Ramos Afines de la Pesca Artesanal Comuna de Talcahuano, R.S.U. 08.05.0487. | B104: Ene-Ago | C104: 270 | E104: =+C104+D104 -> 270 | F104: =26.757+0.144+19.582+93.49+1+9.603 -> 150.576 | G104: =+E104-F104 -> 119.424 | H104: =+G104/E104 -> 0.44231111 | J104: =+J103+1 -> 47 | M104: =+(N104-F104) -> -2.8421709e-14 | N104: 150.576
A105: S.T.I. Pescadores, Armadores y Ramas Afines de la Pesca Artesanal de Coronel SIPESMAFESA, R.S.U. 08.07.0332 | B105: Ene-Ago | C105: 829 | E105: =+C105+D105 -> 829 | F105: =28.951+3.434+33.894+33.435+34.965+55.557+18.394+24.038+9.688-3.045-1.007-0.922+19.795+49.463+0.908+6.89+3.101+27.996+11.516+10.985+5.72 -> 373.756 | G105: =+E105-F105 -> 455.244 | H105: =+G105/E105 -> 0.54914837 | J105: =+J104+1 -> 48 | M105: =+(N105-F105) -> -1.1368684e-13 | N105: 373.756
A106: S.T.I. Pescadores, Armadores y Ramos Afines de la Pesca Artesanal de Coronel, SIPARMAR CORONEL , R.S.U. 08.07.0271 | B106: Ene-Ago | C106: 521 | E106: =+C106+D106 -> 521 | F106: =52.181+8.904+47.587+68.362+3.695+6.249+1.547+3.571-1.668+1.237-1.237-0.453+14.095-6.084+0.263 -> 198.249 | G106: =+E106-F106 -> 322.751 | H106: =+G106/E106 -> 0.61948369 | J106: =+J105+1 -> 49 | M106: =+(N106-F106) -> 2.8421709e-14 | N106: 198.249
A107: S.T.I. Pescadores, Armadores y Ramos Afines SIPEAYRAS de Lota, R.S.U. 08.07.0296 | B107: Ene-Ago | C107: 1273 | E107: =+C107+D107 -> 1273 | F107: =36.278+57.782+43.96+29.387+23.479+20.658+5.153+19.918-7.716+3.866-3.866-1.228+2.56+2.665+18.858+5.315 -> 257.069 | G107: =+E107-F107 -> 1015.931 | H107: =+G107/E107 -> 0.79806049 | J107: =+J106+1 -> 50 | M107: =+(N107-F107) -> 0 | N107: 257.069
A108: S.T.I. , Armadores, Buzos acuicultores y ramos afines de la pesca artesanal "SIPEARBUCOR" R.S.U. 08.07.0376 | B108: Ene-Ago | C108: 295 | E108: =+C108+D108 -> 295 | F108: =24.33+7.094+0.169+19.047+14.895+38.877+33.603+9.244+7.782+5.381+11.492+1.259+12.504-1.142+1.397+34.078+16.347+5.382+5.392+0.573+11.668+22.188+1.821+1.583 -> 284.964 | G108: =+E108-F108 -> 10.036 | H108: =+G108/E108 -> 0.034020339 | J108: =+J107+1 -> 51 | L108: Atencion | M108: =+(N108-F108) -> -5.6843419e-14 | N108: 284.964
A109: S.T.I. , Ayudantes de Buzos, Pescadores Artesanales y Algueras y Actividades Conexas de las Caletas Tomé y Quichiuto, R.S.U. 08.06.0043 | B109: Ene-Ago | C109: 352 | E109: =+C109+D109 -> 352 | F109: =3.792+291.698+9.752+18.582+1.26+0.701-1.05-0.911+96.59-37.988-30.012 -> 352.414 | G109: =+E109-F109 -> -0.414 | H109: =+G109/E109 -> -0.0011761364 | I109: 23 04 2013 | J109: =+J108+1 -> 52 | M109: =+(N109-F109) -> 0 | N109: 352.414
A110: S.T.I. , Pescadores Artesanales, Armadores Artesanales Pelágicos, Patrones y Tripulantes de Pesca Artesanal y Actividades Conexas de la Común de Talcahuano " ASPAS", R.S.U. 08.05.0474 | B110: Ene-Ago | C110: 834 | E110: =+C110+D110 -> 834 | F110: =97.443+243.889+105.78+8.887+41.036-37.114-0.21+11.39 -> 471.101 | G110: =+E110-F110 -> 362.899 | H110: =+G110/E110 -> 0.4351307 | J110: =+J109+1 -> 53 | M110: =+(N110-F110) -> 0 | N110: 471.101
A111: S.T.I. , Pescadores Artesanales, Armadores Artesanales, "Rio Maipo" de la Caleta de San Vicente de la Comuna de Talcahuano; R.S.U. 08.05.0488. | B111: Ene-Ago | C111: 252 | E111: =+C111+D111 -> 252 | F111: =2.859+72.21+32.73 -> 107.799 | G111: =+E111-F111 -> 144.201 | H111: =+G111/E111 -> 0.57222619 | J111: =+J110+1 -> 54 | M111: =+(N111-F111) -> 2.8421709e-14 | N111: 107.799
A112: S.T.I. , Pescadores Artesanales, Armadores Artesanales, Buzos Mariscadores y Recolectores de Orilla Isla Santa Maria Puerto Sur, R.S.U. 08.07.0364. | B112: Ene-Ago | C112: 83 | E112: =+C112+D112 -> 83 | F112: =6.455+26.071+0.849-0.849+1.443+27.888 -> 61.857 | G112: =+E112-F112 -> 21.143 | H112: =+G112/E112 -> 0.25473494 | J112: =+J111+1 -> 55 | L112: Atencion | M112: =+(N112-F112) -> 0 | N112: 61.857
A113: S.T.I. , Pescadores de la Pesca Artesanal, Armadores Artesanales y Actividades Conexas de la Caleta de Lota VIII Región (SIPAR GENTE DE MAR), R.S.U. 08.07.0326 | B113: Ene-Ago | C113: 1880 | E113: =+C113+D113 -> 1880 | F113: =117.545+100.007+175.794+48.944+213.43+100.723+106.5+117.72+83.451+34.234+2.937+146.574+7.23+31.8+0.232+61.013+12.295+150.105+0.375+27.003-11.018+13.017+52.939+15.752+2.168+1.524+51.814+76.186+1.899-1.899 -> 1740.294 | G113: =+E113-F113 -> 139.706 | H113: =+G113/E113 -> 0.074311702 | J113: =+J112+1 -> 56 | L113: Atencion | M113: =+(N113-F113) -> 4.5474735e-13 | N113: 1740.294
A114: Sindicato de Trabajadores Pescadores y Armadores Artesanales Independientes, Buzos Mariscadores y Actividades Anexas de Talcahuano, SIPARBUM, R.S.U. 08.05.0424 | B114: Ene-Ago | C114: 705 | E114: =+C114+D114 -> 705 | F114: =15.59+144.166+280.509+0.429+4.629+5.708+1.901+0.08+1.753-1.428+0.862-2.015+16.117+0.946+38.664+0.005+2.038-2.038+9.68 -> 517.596 | G114: =+E114-F114 -> 187.404 | H114: =+G114/E114 -> 0.26582128 | J114: =+J113+1 -> 57 | L114: Atencion | M114: =+(N114-F114) -> 0 | N114: 517.596
...

Sheet RAE Anchoveta
A2: RAE Anchoveta 2013
A4: IV REGIÓN
A6: A.G. de pescadores Artesanales y Buzos Mariscadores de Coquimbo - IV Región
A7: Mes | B7: Total mes | C7: 1 | D7: 2 | E7: 3 | F7: 4 | G7: 5 | H7: 6 | I7: 7 | J7: 8 | K7: 9 | L7: 10 | M7: 11 | N7: 12 | O7: 13 | P7: 14 | Q7: 15 | R7: 16 | S7: 17 | T7: 18 | U7: 19 | V7: 20 | W7: 21 | X7: 22 | Y7: 23 | Z7: 24 | AA7: 25 | AB7: 26 | AC7: 27 | AD7: 28 | AE7: 29 | AF7: 30 | AG7: 31 | AH7: TOTAL
A8: Enero | B8: =+AH8 -> 0 | E8: 0 | F8: 0 | G8: 0 | AH8: =SUM(C8:AG8) -> 0
A9: Febrero | B9: =+AH9 -> 0 | AH9: =SUM(C9:AG9) -> 0
A10: Marzo | B10: =+AH10 -> 0 | AH10: =SUM(C10:AG10) -> 0
A11: Abril | B11: =+AH11 -> 0 | AH11: =SUM(C11:AG11) -> 0
A12: Mayo | B12: =+AH12 -> 0 | AH12: =SUM(C12:AG12) -> 0
A13: Junio | B13: =+AH13 -> 0.2 | J13: 0.2 | AH13: =SUM(C13:AG13) -> 0.2
A14: Julio | B14: =+AH14 -> 0 | AH14: =SUM(C14:AG14) -> 0
A15: Agosto | B15: =+AH15 -> 0 | AH15: =SUM(C15:AG15) -> 0
A16: Septiembre | B16: =+AH16 -> 0 | AH16: =SUM(C16:AG16) -> 0
A17: Octubre | B17: =+AH17 -> 0 | AH17: =SUM(C17:AG17) -> 0
A18: Noviembre | B18: =+AH18 -> 0 | AH18: =SUM(C18:AG18) -> 0
A19: Diciembre | B19: =+AH19 -> 0 | AH19: =SUM(C19:AG19) -> 0
A20: TOTAL | B20: =SUM(B8:B19) -> 0.2 | C20: =SUM(C8:C19) -> 0 | D20: =SUM(D8:D19) -> 0 | E20: =SUM(E8:E19) -> 0 | F20: =SUM(F8:F19) -> 0 | G20: =SUM(G8:G19) -> 0 | H20: =SUM(H8:H19) -> 0 | I20: =SUM(I8:I19) -> 0 | ... AH20: =SUM(AH8:AH19) -> 0.2
A22: Cooperativa de Armadores Cerqueros IV región
A23: Mes | B23: Total mes | C23: 1 | D23: 2 | E23: 3 | F23: 4 | G23: 5 | H23: 6 | I23: 7 | J23: 8 | K23: 9 | L23: 10 | M23: 11 | N23: 12 | O23: 13 | P23: 14 | Q23: 15 | R23: 16 | S23: 17 | T23: 18 | U23: 19 | V23: 20 | W23: 21 | X23: 22 | Y23: 23 | Z23: 24 | AA23: 25 | AB23: 26 | AC23: 27 | AD23: 28 | AE23: 29 | AF23: 30 | AG23: 31 | AH23: TOTAL
A24: Enero | B24: =+AH24 -> 13.49 | C24: 0 | D24: 0 | E24: 1.8 | F24: 10.19 | G24: 1.5 | H24: 0 | I24: 0 | J24: 0 | K24: 0 | L24: 0 | M24: 0 | N24: 0 | O24: 0 | P24: 0 | Q24: 0 | R24: 0 | S24: 0 | T24: 0 | U24: 0 | V24: 0 | W24: 0 | X24: 0 | Y24: 0 | Z24: 0 | AA24: 0 | AB24: 0 | AC24: 0 | AD24: 0 | AE24: 0 | AF24: 0 | AG24: 0 | AH24: =SUM(C24:AG24) -> 13.49
A25: Febrero | B25: =+AH25 -> 79.703 | C25: 0 | D25: 0 | E25: 0 | F25: 0 | G25: 0 | H25: 0 | I25: 0 | J25: 0 | K25: 0 | L25: 0 | M25: 31.561 | N25: 48.142 | O25: 0 | P25: 0 | Q25: 0 | R25: 0 | S25: 0 | T25: 0 | U25: 0 | V25: 0 | W25: 0 | X25: 0 | Y25: 0 | Z25: 0 | AA25: 0 | AB25: 0 | AC25: 0 | AD25: 0 | AH25: =SUM(C25:AG25) -> 79.703
A26: Marzo | B26: =+AH26 -> 946.993 | C26: 0 | D26: 0 | E26: 0 | F26: 13.129 | G26: 34.596 | H26: 72.534 | I26: 0 | J26: 0 | K26: 0 | L26: 0 | M26: 0 | N26: 91.167 | O26: 10.429 | P26: 118.57 | Q26: 0 | R26: 0 | S26: 0 | T26: 9.679 | U26: 89.859 | V26: 22.577 | W26: 5.337 | X26: 0 | Y26: 0 | Z26: 0 | AA26: 171.103 | AB26: 102.952 | AC26: 97.323 | AD26: 107.738 | AE26: 0 | AF26: 0 | AG26: 0 | AH26: =SUM(C26:AG26) -> 946.993
A27: Abril | B27: =+AH27 -> 1946.382 | C27: 172.602 | D27: 210.928 | E27: 36.793 | F27: 96.582 | G27: 10.31 | H27: 0 | I27: 0 | J27: 0 | K27: 59.195 | L27: 55.672 | M27: 4.351 | N27: 0 | O27: 0 | P27: 0 | Q27: 83.94 | R27: 334.723 | S27: 354.291 | T27: 287.643 | U27: 13.677 | V27: 0 | W27: 0 | X27: 57.307 | Y27: 2.774 | Z27: 0 | AA27: 0 | AB27: 0 | AC27: 0 | AD27: 0 | AE27: 141.563 | AF27: 24.031 | AH27: =SUM(C27:AG27) -> 1946.382
A28: Mayo | B28: =+AH28 -> 4495.067 | C28: 0 | D28: 140.977 | E28: 110.807 | F28: 0 | G28: 0 | H28: 55.745 | I28: 444.65 | J28: 327.764 | K28: 514.157 | L28: 519.226 | M28: 36.41 | N28: 0 | O28: 201.899 | P28: 303.959 | Q28: 0 | R28: 0 | S28: 89.914 | T28: 0 | U28: 0 | V28: 224.053 | W28: 0 | X28: 365.477 | Y28: 382.16 | Z28: 301.931 | AA28: 234.577 | AB28: 0 | AC28: 237.921 | AD28: 0 | AE28: 0 | AF28: 0 | AG28: 3.44 | AH28: =SUM(C28:AG28) -> 4495.067
A29: Junio | B29: =+AH29 -> 61.58 | C29: 0 | D29: 0 | E29: 0 | F29: 0 | G29: 0 | H29: 0 | I29: 0 | J29: 61.58 | AH29: =SUM(C29:AG29) -> 61.58
A30: Julio | B30: =+AH30 -> 34.157 | D30: 4.257 | AE30: 29.9 | AH30: =SUM(C30:AG30) -> 34.157
A31: Agosto | B31: =+AH31 -> 0
A32: Septiembre | B32: =+AH32 -> 0
A33: Octubre | B33: =+AH33 -> 0 | AH33: =SUM(C33:AG33) -> 0
A34: Noviembre | B34: =+AH34 -> 9.534 | M34: 9.534 | AH34: =SUM(C34:AG34) -> 9.534
A35: Diciembre | B35: =+AH35 -> 90.603 | C35: 0 | D35: 0 | E35: 0 | F35: 0 | G35: 0 | H35: 0 | I35: 0 | J35: 0 | K35: 0 | L35: 0 | M35: 0 | N35: 0 | O35: 2.365 | P35: 0 | Q35: 0 | R35: 0 | S35: 3.305 | T35: 0 | U35: 0 | V35: 0 | W35: 0 | X35: 0 | Y35: 0 | Z35: 0 | AA35: 0 | AB35: 0 | AC35: 21.564 | AD35: 28.905 | AE35: 0 | AF35: 34.464 | AG35: 0 | AH35: =SUM(C35:AG35) -> 90.603
A36: TOTAL | B36: =SUM(B24:B35) -> 7677.509 | C36: =SUM(C24:C35) -> 172.602 | D36: =SUM(D24:D35) -> 356.162 | E36: =SUM(E24:E35) -> 149.4 | F36: =SUM(F24:F35) -> 119.901 | G36: =SUM(G24:G35) -> 46.406 | H36: =SUM(H24:H35) -> 128.279 | I36: =SUM(I24:I35) -> 444.65 | ... AH36: =SUM(AH24:AH35) -> 7677.509
A38: Cuota residual - Bolson
A39: Mes | B39: Total mes | C39: 1 | D39: 2 | E39: 3 | F39: 4 | G39: 5 | H39: 6 | I39: 7 | J39: 8 | K39: 9 | L39: 10 | M39: 11 | N39: 12 | O39: 13 | P39: 14 | Q39: 15 | R39: 16 | S39: 17 | T39: 18 | U39: 19 | V39: 20 | W39: 21 | X39: 22 | Y39: 23 | Z39: 24 | AA39: 25 | AB39: 26 | AC39: 27 | AD39: 28 | AE39: 29 | AF39: 30 | AG39: 31 | AH39: TOTAL
A40: Enero | B40: =+AH40 -> 0.062 | C40: 0 | D40: 0 | E40: 0 | F40: 0 | G40: 0.03 | H40: 0 | I40: 0.012 | J40: 0 | K40: 0 | L40: 0 | M40: 0 | N40: 0 | O40: 0 | P40: 0 | Q40: 0 | R40: 0 | S40: 0 | T40: 0 | U40: 0 | V40: 0 | W40: 0 | X40: 0.01 | Y40: 0.01 | Z40: 0 | AA40: 0 | AB40: 0 | AC40: 0 | AD40: 0 | AE40: 0 | AF40: 0 | AG40: 0 | AH40: =SUM(C40:AG40) -> 0.062
A41: Febrero | B41: =+AH41 -> 0 | AH41: =SUM(C41:AG41) -> 0
A42: Marzo | B42: =+AH42 -> 3.04 | C42: 0 | D42: 0 | E42: 0 | F42: 0 | G42: 0 | H42: 0 | I42: 0 | J42: 0 | K42: 0 | L42: 0 | M42: 0 | N42: 0 | O42: 0 | P42: 0 | Q42: 0 | R42: 0 | S42: 0 | T42: 0 | U42: 0 | V42: 0 | W42: 0 | X42: 0 | Y42: 0 | Z42: 0 | AA42: 0 | AB42: 0 | AC42: 0 | AD42: 3.04 | AE42: 0 | AF42: 0 | AG42: 0 | AH42: =SUM(C42:AG42) -> 3.04
A43: Abril | B43: =+AH43 -> 0 | C43: 0 | D43: 0 | E43: 0 | F43: 0 | G43: 0 | H43: 0 | I43: 0 | J43: 0 | K43: 0 | L43: 0 | M43: 0 | N43: 0 | O43: 0 | P43: 0 | Q43: 0 | R43: 0 | S43: 0 | T43: 0 | U43: 0 | V43: 0 | W43: 0 | X43: 0 | Y43: 0 | Z43: 0 | AA43: 0 | AB43: 0 | AC43: 0 | AD43: 0 | AE43: 0 | AF43: 0 | AH43: =SUM(C43:AG43) -> 0
A44: Mayo | B44: =+AH44 -> 1 | C44: 0 | D44: 0 | E44: 0 | F44: 0 | G44: 0 | H44: 0 | I44: 0 | J44: 0 | K44: 0 | L44: 0 | M44: 0 | N44: 0 | O44: 0 | P44: 0 | Q44: 0 | R44: 0 | S44: 0 | T44: 0 | U44: 0 | V44: 1 | W44: 0 | X44: 0 | Y44: 0 | Z44: 0 | AA44: 0 | AB44: 0 | AC44: 0 | AD44: 0 | AE44: 0 | AF44: 0 | AG44: 0 | AH44: =SUM(C44:AG44) -> 1
A45: Junio | B45: =+AH45 -> 0 | C45: 0 | D45: 0 | E45: 0 | F45: 0 | G45: 0 | H45: 0 | I45: 0 | J45: 0 | K45: 0 | L45: 0 | M45: 0 | N45: 0 | O45: 0 | P45: 0 | Q45: 0 | R45: 0 | S45: 0 | AH45: =SUM(C45:AG45) -> 0
A46: Julio | B46: =+AH46 -> 0 | AH46: =SUM(C46:AG46) -> 0
A47: Agosto | B47: =+AH47 -> 0 | AH47: =SUM(C47:AG47) -> 0
A48: Septiembre | B48: =+AH48 -> 0 | AH48: =SUM(C48:AG48) -> 0
A49: Octubre | B49: =+AH49 -> 0.094 | C49: 0 | D49: 0 | E49: 0 | F49: 0 | G49: 0 | H49: 0.015 | I49: 0 | J49: 0.012 | K49: 0 | L49: 0 | M49: 0 | N49: 0 | O49: 0.012 | P49: 0 | Q49: 0.01 | R49: 0.015 | S49: 0 | T49: 0.01 | U49: 0 | V49: 0.007 | W49: 0 | X49: 0 | Y49: 0 | Z49: 0 | AA49: 0 | AB49: 0 | AC49: 0.007 | AD49: 0.006 | AE49: 0 | AF49: 0 | AG49: 0 | AH49: =SUM(C49:AG49) -> 0.094
A50: Noviembre | B50: =+AH50 -> 0.03 | I50: 0.03 | AH50: =SUM(C50:AG50) -> 0.03
A51: Diciembre | B51: =+AH51 -> 0 | AH51: =SUM(C51:AG51) -> 0
A52: TOTAL | B52: =SUM(B40:B51) -> 4.226 | C52: =SUM(C40:C50) -> 0 | D52: =SUM(D40:D50) -> 0 | E52: 0 | F52: =SUM(F40:F50) -> 0 | G52: =SUM(G40:G50) -> 0.03 | H52: =SUM(H40:H50) -> 0.015 | I52: =SUM(I40:I50) -> 0.042 | J52: =SUM(J40:J50) -> 0.012 | K52: =SUM(K40:K50) -> 0 | L52: =SUM(L40:L50) -> 0 | M52: =SUM(M40:M50) -> 0 | ... AC52: =SUM(AC40:AC50) -> 0.007 | AD52: 0 | AE52: =SUM(AE40:AE50) -> 0 | AF52: =SUM(AF40:AF50) -> 0 | AG52: =SUM(AG40:AG50) -> 0 | AH52: =SUM(AH40:AH50) -> 4.226
A54: V región
A56: V Región A.G. Armadores artesanales del Puerto de San Antonio R.A.G. N° 2510 | J56: ok¡
A57: Mes | B57: Total mes | C57: 1 | D57: 2 | E57: 3 | F57: 4 | G57: 5 | H57: 6 | I57: 7 | J57: 8 | K57: 9 | L57: 10 | M57: 11 | N57: 12 | O57: 13 | P57: 14 | Q57: 15 | R57: 16 | S57: 17 | T57: 18 | U57: 19 | V57: 20 | W57: 21 | X57: 22 | Y57: 23 | Z57: 24 | AA57: 25 | AB57: 26 | AC57: 27 | AD57: 28 | AE57: 29 | AF57: 30 | AG57: 31 | AH57: TOTAL
A58: Enero | B58: =+AH58 -> 0 | C58: VEDA | D58: VEDA | E58: VEDA | F58: VEDA | G58: VEDA | H58: VEDA | I58: VEDA | J58: VEDA | K58: VEDA | L58: VEDA | M58: VEDA | N58: VEDA | O58: VEDA | P58: VEDA | Q58: VEDA | R58: VEDA | S58: VEDA | T58: VEDA | U58: VEDA | V58: VEDA | W58: VEDA | X58: VEDA | Y58: VEDA | Z58: VEDA | AA58: VEDA | AB58: VEDA | AC58: VEDA | AD58: VEDA | AE58: VEDA | AF58: VEDA | AG58: VEDA | AH58: =SUM(C58:AG58) -> 0
A59: Febrero | B59: =+AH59 -> 0 | C59: VEDA | D59: VEDA | E59: VEDA | F59: VEDA | G59: VEDA | H59: VEDA | I59: VEDA | J59: VEDA | K59: VEDA | L59: VEDA | M59: VEDA | N59: VEDA | O59: VEDA | P59: VEDA | Q59: VEDA | R59: VEDA | S59: VEDA | T59: VEDA | U59: VEDA | V59: VEDA | W59: VEDA | X59: VEDA | Y59: VEDA | Z59: VEDA | AA59: VEDA | AB59: VEDA | AC59: VEDA | AD59: VEDA | AE59: VEDA | AF59: VEDA | AG59: VEDA | AH59: =SUM(C59:AG59) -> 0
A60: Marzo | B60: =+AH60 -> 2401.991 | C60: VEDA | D60: VEDA | E60: VEDA | F60: VEDA | G60: VEDA | H60: 203.125 | I60: 214.25 | J60: 223.156 | K60: 0 | L60: 0 | M60: 132.02 | N60: 240.58 | O60: 185.39 | P60: 0 | Q60: 0 | R60: 179.53 | S60: 94.56 | T60: 196.73 | U60: 119.85 | V60: 32.255 | W60: 54.555 | X60: 0 | Y60: 131.55 | Z60: 3.6 | AA60: 0 | AB60: 113.72 | AC60: 141.98 | AD60: 135.14 | AE60: 0 | AF60: 0 | AG60: 0 | AH60: =SUM(C60:AG60) -> 2401.991
A61: Abril | B61: =+AH61 -> 1706.793 | C61: 119.135 | D61: 125.88 | E61: 153.82 | F61: 132.22 | G61: 54.153 | H61: 87.285 | I61: 0 | J61: 77.14 | K61: 139.28 | L61: 122 | M61: 33.51 | N61: 0 | O61: 0 | P61: 164.495 | Q61: 99.17 | R61: 177.32 | S61: 0 | T61: 135.16 | U61: 76.225 | V61: 0 | W61: 10 | X61: 0 | Y61: 0 | Z61: 0 | AA61: 0 | AB61: 0 | AC61: 0 | AD61: 0 | AE61: 0 | AF61: 0 | AG61: 0 | AH61: =SUM(C61:AG61) -> 1706.793
A62: Mayo | B62: =+AH62 -> 310.107 | C62: 0 | D62: 0 | E62: 0 | F62: 0 | G62: 0 | H62: 0 | I62: 93.59 | J62: 67.35 | K62: 0 | L62: 0 | M62: 0 | N62: 0 | O62: 0 | P62: 0 | Q62: 0 | R62: 0 | S62: 139.067 | T62: 5.1 | U62: 0 | V62: 0 | W62: 0 | X62: 0 | Y62: 5 | Z62: 0 | AA62: 0 | AB62: 0 | AC62: 0 | AD62: 0 | AE62: 0 | AF62: 0 | AG62: 0 | AH62: =SUM(C62:AG62) -> 310.107
A63: Junio | B63: =+AH63 -> 0 | AH63: =SUM(C63:AG63) -> 0
A64: Julio | B64: =+AH64 -> 0 | AF64: VEDA | AG64: VEDA | AH64: =SUM(C64:AG64) -> 0
A65: Agosto | B65: =+AH65 -> 0 | C65: VEDA | D65: VEDA | E65: VEDA | F65: VEDA | G65: VEDA | H65: VEDA | I65: VEDA | J65: VEDA | K65: VEDA | L65: VEDA | M65: VEDA | N65: VEDA | O65: VEDA | P65: VEDA | Q65: VEDA | R65: VEDA | S65: VEDA | T65: VEDA | U65: VEDA | V65: VEDA | W65: VEDA | X65: VEDA | Y65: VEDA | Z65: VEDA | AA65: VEDA | AB65: VEDA | AC65: VEDA | AD65: VEDA | AE65: VEDA | AF65: VEDA | AG65: VEDA | AH65: =SUM(C65:AG65) -> 0
A66: Septiembre | B66: =+AH66 -> 0 | C66: VEDA | D66: VEDA | E66: VEDA | F66: VEDA | G66: VEDA | H66: VEDA | I66: VEDA | J66: VEDA | K66: VEDA | L66: VEDA | M66: VEDA | N66: VEDA | O66: VEDA | P66: VEDA | Q66: VEDA | R66: VEDA | S66: VEDA | T66: VEDA | U66: VEDA | V66: VEDA | W66: VEDA | X66: VEDA | Y66: VEDA | Z66: VEDA | AA66: VEDA | AB66: VEDA | AC66: VEDA | AD66: VEDA | AE66: VEDA | AF66: VEDA | AG66: VEDA | AH66: =SUM(C66:AG66) -> 0
A67: Octubre | B67: =+AH67 -> 0 | C67: VEDA | D67: VEDA | E67: VEDA | F67: VEDA | G67: VEDA | H67: VEDA | I67: VEDA | J67: VEDA | K67: VEDA | L67: VEDA | M67: VEDA | N67: VEDA | O67: VEDA | P67: VEDA | Q67: VEDA | R67: VEDA | S67: VEDA | T67: VEDA | U67: VEDA | V67: VEDA | W67: VEDA | AH67: =SUM(C67:AG67) -> 0
A68: Noviembre | B68: =+AH68 -> 0 | AH68: =SUM(C68:AG68) -> 0
A69: Diciembre | B69: =+AH69 -> 0 | L69: VEDA | M69: VEDA | N69: VEDA | O69: VEDA | P69: VEDA | Q69: VEDA | R69: VEDA | S69: VEDA | T69: VEDA | U69: VEDA | V69: VEDA | W69: VEDA | X69: VEDA | Y69: VEDA | Z69: VEDA | AA69: VEDA | AB69: VEDA | AC69: VEDA | AD69: VEDA | AE69: VEDA | AF69: VEDA | AG69: VEDA | AH69: =SUM(C69:AG69) -> 0
A70: TOTAL | B70: =SUM(B58:B69) -> 4418.891 | C70: =SUM(C58:C68) -> 119.135 | D70: =SUM(D58:D68) -> 125.88 | E70: 0 | F70: =SUM(F58:F68) -> 132.22 | G70: =SUM(G58:G68) -> 54.153 | H70: =SUM(H58:H68) -> 290.41 | I70: =SUM(I58:I68) -> 307.84 | J70: =SUM(J58:J68) -> 367.646 | K70: =SUM(K58:K68) -> 139.28 | L70: =SUM(L58:L68) -> 122 | M70: =SUM(M58:M68) -> 165.53 | ... AC70: =SUM(AC58:AC68) -> 141.98 | AD70: 0 | AE70: =SUM(AE58:AE68) -> 0 | AF70: =SUM(AF58:AF68) -> 0 | AG70: =SUM(AG58:AG68) -> 0 | AH70: =SUM(AH58:AH68) -> 4418.891
A72: Cuota bolsón o residual
A73: Mes | B73: Total mes | C73: 1 | D73: 2 | E73: 3 | F73: 4 | G73: 5 | H73: 6 | I73: 7 | J73: 8 | K73: 9 | L73: 10 | M73: 11 | N73: 12 | O73: 13 | P73: 14 | Q73: 15 | R73: 16 | S73: 17 | T73: 18 | U73: 19 | V73: 20 | W73: 21 | X73: 22 | Y73: 23 | Z73: 24 | AA73: 25 | AB73: 26 | AC73: 27 | AD73: 28 | AE73: 29 | AF73: 30 | AG73: 31 | AH73: TOTAL
A74: Enero | B74: =+AH74 -> 0 | C74: VEDA | D74: VEDA | E74: VEDA | F74: VEDA | G74: VEDA | H74: VEDA | I74: VEDA | J74: VEDA | K74: VEDA | L74: VEDA | M74: VEDA | N74: VEDA | O74: VEDA | P74: VEDA | Q74: VEDA | R74: VEDA | S74: VEDA | T74: VEDA | U74: VEDA | V74: VEDA | W74: VEDA | X74: VEDA | Y74: VEDA | Z74: VEDA | AA74: VEDA | AB74: VEDA | AC74: VEDA | AD74: VEDA | AE74: VEDA | AF74: VEDA | AG74: VEDA | AH74: =SUM(C74:AG74) -> 0
A75: Febrero | B75: =+AH75 -> 0.3 | C75: VEDA | D75: VEDA | E75: VEDA | F75: VEDA | G75: VEDA | H75: VEDA | I75: VEDA | J75: VEDA | K75: VEDA | L75: VEDA | M75: VEDA | N75: VEDA | O75: VEDA | P75: VEDA | Q75: VEDA | R75: 0.15 | S75: VEDA | T75: VEDA | U75: VEDA | V75: VEDA | W75: 0.15 | X75: VEDA | Y75: VEDA | Z75: VEDA | AA75: VEDA | AB75: VEDA | AC75: VEDA | AD75: VEDA | AE75: VEDA | AF75: VEDA | AG75: VEDA | AH75: =SUM(C75:AG75) -> 0.3
A76: Marzo | B76: =+AH76 -> 28.03 | C76: VEDA | D76: VEDA | E76: VEDA | F76: VEDA | G76: VEDA | H76: 27.43 | I76: 0 | J76: 0 | K76: 0 | L76: 0 | M76: 0 | N76: 0 | O76: 0 | P76: 0 | Q76: 0 | R76: 0 | S76: 0 | T76: 0 | U76: 0.1 | V76: 0 | W76: 0 | X76: 0.5 | Y76: 0 | Z76: 0 | AA76: 0 | AB76: 0 | AC76: 0 | AD76: 0 | AE76: 0 | AF76: 0 | AG76: 0 | AH76: =SUM(C76:AG76) -> 28.03
A77: Abril | B77: =+AH77 -> 2.77 | C77: 0 | D77: 0 | E77: 0 | F77: 0 | G77: 2.6 | H77: 0 | I77: 0 | J77: 0 | K77: 0 | L77: 0 | M77: 0 | N77: 0 | O77: 0 | P77: 0 | Q77: 0.17 | R77: 0 | S77: 0 | T77: 0 | U77: 0 | V77: 0 | W77: 0 | X77: 0 | Y77: 0 | Z77: 0 | AA77: 0 | AB77: 0 | AC77: 0 | AD77: 0 | AE77: 0 | AF77: 0 | AG77: 0 | AH77: =SUM(C77:AG77) -> 2.77
A78: Mayo | B78: =+AH78 -> 0 | AH78: =SUM(C78:AG78) -> 0
A79: Junio | B79: =+AH79 -> 0 | AH79: =SUM(C79:AG79) -> 0
A80: Julio | B80: =+AH80 -> 0 | AF80: VEDA | AG80: VEDA | AH80: =SUM(C80:AG80) -> 0
A81: Agosto | B81: =+AH81 -> 0 | C81: VEDA | D81: VEDA | E81: VEDA | F81: VEDA | G81: VEDA | H81: VEDA | I81: VEDA | J81: VEDA | K81: VEDA | L81: VEDA | M81: VEDA | N81: VEDA | O81: VEDA | P81: VEDA | Q81: VEDA | R81: VEDA | S81: VEDA | T81: VEDA | U81: VEDA | V81: VEDA | W81: VEDA | X81: VEDA | Y81: VEDA | Z81: VEDA | AA81: VEDA | AB81: VEDA | AC81: VEDA | AD81: VEDA | AE81: VEDA | AF81: VEDA | AG81: VEDA | AH81: =SUM(C81:AG81) -> 0
A82: Septiembre | B82: =+AH82 -> 0 | C82: VEDA | D82: VEDA | E82: VEDA | F82: VEDA | G82: VEDA | H82: VEDA | I82: VEDA | J82: VEDA | K82: VEDA | L82: VEDA | M82: VEDA | N82: VEDA | O82: VEDA | P82: VEDA | Q82: VEDA | R82: VEDA | S82: VEDA | T82: VEDA | U82: VEDA | V82: VEDA | W82: VEDA | X82: VEDA | Y82: VEDA | Z82: VEDA | AA82: VEDA | AB82: VEDA | AC82: VEDA | AD82: VEDA | AE82: VEDA | AF82: VEDA | AG82: VEDA | AH82: =SUM(C82:AG82) -> 0
A83: Octubre | B83: =+AH83 -> 0 | C83: VEDA | D83: VEDA | E83: VEDA | F83: VEDA | G83: VEDA | H83: VEDA | I83: VEDA | J83: VEDA | K83: VEDA | L83: VEDA | M83: VEDA | N83: VEDA | O83: VEDA | P83: VEDA | Q83: VEDA | R83: VEDA | S83: VEDA | T83: VEDA | U83: VEDA | V83: VEDA | W83: VEDA | AH83: =SUM(C83:AG83) -> 0
A84: Noviembre | B84: =+AH84 -> 0 | AH84: =SUM(C84:AG84) -> 0
A85: Diciembre | B85: =+AH85 -> 0 | L85: VEDA | M85: VEDA | N85: VEDA | O85: VEDA | P85: VEDA | Q85: VEDA | R85: VEDA | S85: VEDA | T85: VEDA | U85: VEDA | V85: VEDA | W85: VEDA | X85: VEDA | Y85: VEDA | Z85: VEDA | AA85: VEDA | AB85: VEDA | AC85: VEDA | AD85: VEDA | AE85: VEDA | AF85: VEDA | AG85: VEDA | AH85: =SUM(C85:AG85) -> 0
A86: TOTAL | B86: =SUM(B74:B85) -> 31.1 | C86: =SUM(C74:C84) -> 0 | D86: =SUM(D74:D84) -> 0 | E86: 0 | F86: =SUM(F74:F84) -> 0 | G86: =SUM(G74:G84) -> 2.6 | H86: =SUM(H74:H84) -> 27.43 | I86: =SUM(I74:I84) -> 0 | J86: =SUM(J74:J84) -> 0 | K86: =SUM(K74:K84) -> 0 | L86: =SUM(L74:L84) -> 0 | M86: =SUM(M74:M84) -> 0 | ... AC86: =SUM(AC74:AC84) -> 0 | AD86: 0 | AE86: =SUM(AE74:AE84) -> 0 | AF86: =SUM(AF74:AF84) -> 0 | AG86: =SUM(AG74:AG84) -> 0 | AH86: =SUM(AH74:AH84) -> 31.1
A88: VII Región, del Maule
A89: STI. De Pesc. Pelagícos del Maule, Constitución RSU. N° 07050150
A90: Mes | B90: Total mes | C90: 1 | D90: 2 | E90: 3 | F90: 4 | G90: 5 | H90: 6 | I90: 7 | J90: 8 | K90: 9 | L90: 10 | M90: 11 | N90: 12 | O90: 13 | P90: 14 | Q90: 15 | R90: 16 | S90: 17 | T90: 18 | U90: 19 | V90: 20 | W90: 21 | X90: 22 | Y90: 23 | Z90: 24 | AA90: 25 | AB90: 26 | AC90: 27 | AD90: 28 | AE90: 29 | AF90: 30 | AG90: 31 | AH90: TOTAL
A91: Enero | B91: =+AH91 -> 0 | C91: VEDA | D91: VEDA | E91: VEDA | F91: VEDA | G91: VEDA | H91: VEDA | I91: VEDA | J91: VEDA | K91: VEDA | L91: VEDA | M91: VEDA | N91: VEDA | O91: VEDA | P91: VEDA | Q91: VEDA | R91: VEDA | S91: VEDA | T91: VEDA | U91: VEDA | V91: VEDA | W91: VEDA | X91: VEDA | Y91: VEDA | Z91: VEDA | AA91: VEDA | AB91: VEDA | AC91: VEDA | AD91: VEDA | AE91: VEDA | AF91: VEDA | AG91: VEDA | AH91: =SUM(C91:AG91) -> 0
A92: Febrero | B92: =+AH92 -> 0 | C92: VEDA | D92: VEDA | E92: VEDA | F92: VEDA | G92: VEDA | H92: VEDA | I92: VEDA | J92: VEDA | K92: VEDA | L92: VEDA | M92: VEDA | N92: VEDA | O92: VEDA | P92: VEDA | Q92: VEDA | R92: VEDA | S92: VEDA | T92: VEDA | U92: VEDA | V92: VEDA | W92: VEDA | X92: VEDA | Y92: VEDA | Z92: VEDA | AA92: VEDA | AB92: VEDA | AC92: VEDA | AD92: VEDA | AE92: VEDA | AF92: VEDA | AG92: VEDA | AH92: =SUM(C92:AG92) -> 0
A93: Marzo | B93: =+AH93 -> 325.404 | C93: VEDA | D93: VEDA | E93: VEDA | F93: VEDA | G93: VEDA | Q93: 20.953 | S93: 8.05 | T93: 34.24 | W93: 47.556 | AA93: 8.548 | AB93: 65.504 | AC93: 46.002 | AD93: 47.484 | AE93: 38.076 | AG93: 8.991 | AH93: =SUM(C93:AG93) -> 325.404
A94: Abril | B94: =+AH94 -> 347.825 | C94: 55.815 | D94: 91.114 | G94: 16.238 | K94: 14.093 | L94: 45.437 | P94: 48.504 | Q94: 51.08 | R94: 25.544 | AH94: =SUM(C94:AG94) -> 347.825
A95: Mayo | B95: =+AH95 -> 0 | AH95: =SUM(C95:AG95) -> 0
A96: Junio | B96: =+AH96 -> 0 | AH96: =SUM(C96:AG96) -> 0
A97: Julio | B97: =+AH97 -> 0 | AF97: VEDA | AG97: VEDA | AH97: =SUM(C97:AG97) -> 0
A98: Agosto | B98: =+AH98 -> 0 | C98: VEDA | D98: VEDA | E98: VEDA | F98: VEDA | G98: VEDA | H98: VEDA | I98: VEDA | J98: VEDA | K98: VEDA | L98: VEDA | M98: VEDA | N98: VEDA | O98: VEDA | P98: VEDA | Q98: VEDA | R98: VEDA | S98: VEDA | T98: VEDA | U98: VEDA | V98: VEDA | W98: VEDA | X98: VEDA | Y98: VEDA | Z98: VEDA | AA98: VEDA | AB98: VEDA | AC98: VEDA | AD98: VEDA | AE98: VEDA | AF98: VEDA | AG98: VEDA | AH98: =SUM(C98:AG98) -> 0
A99: Septiembre | B99: =+AH99 -> 0 | C99: VEDA | D99: VEDA | E99: VEDA | F99: VEDA | G99: VEDA | H99: VEDA | I99: VEDA | J99: VEDA | K99: VEDA | L99: VEDA | M99: VEDA | N99: VEDA | O99: VEDA | P99: VEDA | Q99: VEDA | R99: VEDA | S99: VEDA | T99: VEDA | U99: VEDA | V99: VEDA | W99: VEDA | X99: VEDA | Y99: VEDA | Z99: VEDA | AA99: VEDA | AB99: VEDA | AC99: VEDA | AD99: VEDA | AE99: VEDA | AF99: VEDA | AG99: VEDA | AH99: =SUM(C99:AG99) -> 0
A100: Octubre | B100: =+AH100 -> 0 | C100: VEDA | D100: VEDA | E100: VEDA | F100: VEDA | G100: VEDA | H100: VEDA | I100: VEDA | J100: VEDA | K100: VEDA | L100: VEDA | M100: VEDA | N100: VEDA | O100: VEDA | P100: VEDA | Q100: VEDA | R100: VEDA | S100: VEDA | T100: VEDA | U100: VEDA | V100: VEDA | W100: VEDA | AH100: =SUM(C100:AG100) -> 0
A101: Noviembre | B101: =+AH101 -> 0 | AH101: =SUM(C101:AG101) -> 0
A102: Diciembre | B102: =+AH102 -> 0 | L102: VEDA | M102: VEDA | N102: VEDA | O102: VEDA | P102: VEDA | Q102: VEDA | R102: VEDA | S102: VEDA | T102: VEDA | U102: VEDA | V102: VEDA | W102: VEDA | X102: VEDA | Y102: VEDA | Z102: VEDA | AA102: VEDA | AB102: VEDA | AC102: VEDA | AD102: VEDA | AE102: VEDA | AF102: VEDA | AG102: VEDA | AH102: =SUM(C102:AG102) -> 0
A103: TOTAL | B103: =SUM(B91:B102) -> 673.229 | C103: =SUM(C91:C102) -> 55.815 | D103: =SUM(D91:D102) -> 91.114 | E103: =SUM(E91:E102) -> 0 | F103: =SUM(F91:F102) -> 0 | G103: =SUM(G91:G102) -> 16.238 | H103: =SUM(H91:H102) -> 0 | I103: =SUM(I91:I102) -> 0 | ... AH103: =SUM(AH91:AH102) -> 673.229
A105: STI. AGUA LIMPIA RSU. N° 07050118
A106: Mes | B106: Total mes | C106: 1 | D106: 2 | E106: 3 | F106: 4 | G106: 5 | H106: 6 | I106: 7 | J106: 8 | K106: 9 | L106: 10 | M106: 11 | N106: 12 | O106: 13 | P106: 14 | Q106: 15 | R106: 16 | S106: 17 | T106: 18 | U106: 19 | V106: 20 | W106: 21 | X106: 22 | Y106: 23 | Z106: 24 | AA106: 25 | AB106: 26 | AC106: 27 | AD106: 28 | AE106: 29 | AF106: 30 | AG106: 31 | AH106: TOTAL
A107: Enero | B107: =+AH107 -> 0 | C107: VEDA | D107: VEDA | E107: VEDA | F107: VEDA | G107: VEDA | H107: VEDA | I107: VEDA | J107: VEDA | K107: VEDA | L107: VEDA | M107: VEDA | N107: VEDA | O107: VEDA | P107: VEDA | Q107: VEDA | R107: VEDA | S107: VEDA | T107: VEDA | U107: VEDA | V107: VEDA | W107: VEDA | X107: VEDA | Y107: VEDA | Z107: VEDA | AA107: VEDA | AB107: VEDA | AC107: VEDA | AD107: VEDA | AE107: VEDA | AF107: VEDA | AG107: VEDA | AH107: =SUM(C107:AG107) -> 0
A108: Febrero | B108: =+AH108 -> 0 | C108: VEDA | D108: VEDA | E108: VEDA | F108: VEDA | G108: VEDA | H108: VEDA | I108: VEDA | J108: VEDA | K108: VEDA | L108: VEDA | M108: VEDA | N108: VEDA | O108: VEDA | P108: VEDA | Q108: VEDA | R108: VEDA | S108: VEDA | T108: VEDA | U108: VEDA | V108: VEDA | W108: VEDA | X108: VEDA | Y108: VEDA | Z108: VEDA | AA108: VEDA | AB108: VEDA | AC108: VEDA | AD108: VEDA | AE108: VEDA | AF108: VEDA | AG108: VEDA | AH108: =SUM(C108:AG108) -> 0
A109: Marzo | B109: =+AH109 -> 0 | C109: VEDA | D109: VEDA | E109: VEDA | F109: VEDA | G109: VEDA | AH109: =SUM(C109:AG109) -> 0
A110: Abril | B110: =+AH110 -> 0 | AH110: =SUM(C110:AG110) -> 0
...

Sheet Anchoveta
A2: Anchoveta 2013
AM4: 41570
A5: XV y I Región, Arica e Iquique | AL5: XV Región IMPREVISTOS
A6: Mes | B6: Total mes | C6: 1 | D6: 2 | E6: 3 | F6: 4 | G6: 5 | H6: 6 | I6: 7 | J6: 8 | K6: 9 | L6: 10 | M6: 11 | N6: 12 | O6: 13 | P6: 14 | Q6: 15 | R6: 16 | S6: 17 | T6: 18 | U6: 19 | V6: 20 | W6: 21 | X6: 22 | Y6: 23 | Z6: 24 | AA6: 25 | AB6: 26 | AC6: 27 | AD6: 28 | AE6: 29 | AF6: 30 | AG6: 31 | AH6: TOTAL | AJ6: Suma global mas imprevistos | AL6: Mes | AM6: Total mes | AN6: 1 | AO6: 2 | AP6: 3 | AQ6: 4 | AR6: 5 | AS6: 6 | AT6: 7 | AU6: 8 | AV6: 9 | AW6: 10 | AX6: 11 | AY6: 12 | AZ6: 13 | BA6: 14 | BB6: 15 | BC6: 16 | BD6: 17 | BE6: 18 | BF6: 19 | BG6: 20 | BH6: 21 | BI6: 22 | BJ6: 23 | BK6: 24 | BL6: 25 | BM6: 26 | BN6: 27 | BO6: 28 | BP6: 29 | BQ6: 30 | BR6: 31 | BS6: TOTAL
A7: Enero | B7: =+AH7 -> 20380.568 | C7: 0 | D7: 646.965 | E7: 957.14 | F7: 850.96 | G7: 400.87 | H7: 0 | I7: 522.555 | J7: 93.62 | K7: 708.67 | L7: 55.57 | M7: 1166.795 | N7: 671.05 | O7: 0 | P7: 586.453 | Q7: 234.916 | R7: 828.628 | S7: 1198.609 | T7: 887.247 | U7: 210.869 | V7: 0 | W7: 1340.436 | X7: 1403.205 | Y7: 666.405 | Z7: 1298.15 | AA7: 1031.905 | AB7: 899.435 | AC7: 0 | AD7: 1489.455 | AE7: 574.665 | AF7: 775.01 | AG7: 880.985 | AH7: =SUM(C7:AG7) -> 20380.568 | AJ7: =+B7+AM7 -> 20380.568 | AL7: Enero | AM7: =+BS7 -> 0 | BS7: =SUM(AN7:BR7) -> 0
A8: Febrero | B8: =+AH8 -> 13834.984 | C8: 673.73 | D8: 539.43 | E8: 0 | F8: 894.29 | G8: 220.509 | H8: 320.33 | I8: 312.126 | J8: 1315.864 | K8: 426.601 | L8: 0 | M8: 789.797 | N8: 826.865 | O8: 677.47 | P8: 335.454 | Q8: 196.416 | R8: 513.429 | S8: 0 | T8: 1222.983 | U8: 369.275 | V8: 435.165 | W8: 174.255 | X8: 213.975 | Y8: 256.065 | Z8: 0 | AA8: 1216.815 | AB8: 691.36 | AC8: 670.795 | AD8: 541.985 | AE8: 0 | AF8: 0 | AG8: 0 | AH8: =SUM(C8:AG8) -> 13834.984 | AJ8: =+B8+AM8 -> 13834.984 | AL8: Febrero | AM8: =+BS8 -> 0 | BS8: =SUM(AN8:BR8) -> 0
A9: Marzo | B9: =+AH9 -> 8680.268 | C9: 359.275 | D9: 812.31 | E9: 0 | F9: 66.98 | G9: 333.975 | H9: 407.37 | I9: 164.025 | J9: 709.705 | K9: 0 | L9: 0 | M9: 1107.36 | N9: 652.58 | O9: 315.515 | P9: 24.21 | Q9: 178.82 | R9: 0 | S9: 0 | T9: 0 | U9: 405.64 | V9: 769.39 | W9: 397.388 | X9: 257.53 | Y9: 0 | Z9: 0 | AA9: 575.715 | AB9: 277.97 | AC9: 581.72 | AD9: 282.79 | AE9: 0 | AF9: 0 | AG9: 0 | AH9: =SUM(C9:AG9) -> 8680.268 | AJ9: =+B9+AM9 -> 8680.268 | AL9: Marzo | AM9: =+BS9 -> 0 | BS9: =SUM(AN9:BR9) -> 0
A10: Abril | B10: =+AH10 -> 14658.073 | C10: 1191.44 | D10: 0 | E10: 617.48 | F10: 998.805 | G10: 794.61 | H10: 230.805 | I10: 0 | J10: 1537.535 | K10: 1540.445 | L10: 0 | M10: 0 | N10: 1363.3 | O10: 0 | P10: 0 | Q10: 0 | R10: 1125.03 | S10: 1258.125 | T10: 0 | U10: 566.16 | V10: 75.865 | W10: 0 | X10: 0 | Y10: 1061.645 | Z10: 1092.783 | AA10: 270.64 | AB10: 367.89 | AC10: 0 | AD10: 0 | AE10: 565.515 | AF10: 0 | AG10: 0 | AH10: =SUM(C10:AG10) -> 14658.073 | AJ10: =+B10+AM10 -> 14658.073 | AL10: Abril | AM10: =+BS10 -> 0 | BS10: =SUM(AN10:BR10) -> 0
A11: Mayo | B11: =+AH11 -> 6739.338 | C11: 0 | D11: 248.978 | E11: 1039.015 | F11: 603.939 | G11: 270.03 | H11: 372.567 | I11: 264.97 | J11: 414.876 | K11: 801.02 | L11: 0 | M11: 379.1 | N11: 0 | O11: 226.965 | P11: 226.325 | Q11: 3.195 | R11: 0 | S11: 0 | T11: 100.12 | U11: 44.53 | V11: 514 | W11: 0 | X11: 0 | Y11: 0 | Z11: 0 | AA11: 0.5 | AB11: 0 | AC11: 874.214 | AD11: 0 | AE11: 354.994 | AF11: 0 | AG11: 0 | AH11: =SUM(C11:AG11) -> 6739.338 | AJ11: =+B11+AM11 -> 6739.338 | AL11: Mayo | AM11: =+BS11 -> 0 | BS11: =SUM(AN11:BR11) -> 0
A12: Junio | B12: =+AH12 -> 1535.52 | C12: 397.455 | D12: 0 | E12: 0 | F12: 2.423 | G12: 0 | H12: 0 | I12: 0 | J12: 0 | K12: 0 | L12: 261.85 | M12: 169.859 | N12: 97.4 | O12: 0 | P12: 26.713 | Q12: 0 | R12: 0 | S12: 0 | T12: 42.835 | U12: 192.786 | V12: 127.093 | W12: 109.575 | X12: 8.025 | Y12: 0 | Z12: 32.821 | AA12: 0 | AB12: 66.685 | AC12: 0 | AD12: 0 | AE12: 0 | AF12: 0 | AG12: 0 | AH12: =SUM(C12:AG12) -> 1535.52 | AJ12: =+B12+AM12 -> 1535.52 | AL12: Junio | AM12: =+BS12 -> 0 | BS12: =SUM(AN12:BR12) -> 0
A13: Julio | B13: =+AH13 -> 7906.17 | C13: 0 | D13: 0 | E13: 0 | F13: 2.423 | G13: 0 | H13: 0 | I13: 0 | J13: 0 | K13: 0 | L13: 0 | M13: 117.39 | N13: 344.801 | O13: 405.841 | P13: 109.654 | Q13: 95.74 | R13: 0 | S13: 65.709 | T13: 669.765 | U13: 384.072 | V13: 890.407 | W13: 377.665 | X13: 168.753 | Y13: 509.015 | Z13: 326.394 | AA13: 792.7 | AB13: 345.406 | AC13: 70.453 | AD13: 11.99 | AE13: 203.46 | AF13: 1056.665 | AG13: 957.867 | AH13: =SUM(C13:AG13) -> 7906.17 | AJ13: =+B13+AM13 -> 7906.17 | AL13: Julio | AM13: =+BS13 -> 0 | BS13: =SUM(AN13:BR13) -> 0
A14: Agosto | B14: =+AH14 -> 2495.039 | C14: 714.926 | D14: 619.623 | E14: 789.115 | F14: 371.375 | G14: 0 | H14: 0 | I14: 0 | J14: 0 | K14: 0 | L14: 0 | M14: 0 | N14: 0 | O14: 0 | P14: 0 | Q14: 0 | R14: 0 | S14: 0 | T14: 0 | U14: 0 | V14: 0 | W14: 0 | X14: 0 | Y14: 0 | Z14: 0 | AA14: 0 | AB14: 0 | AC14: 0 | AD14: 0 | AE14: 0 | AF14: 0 | AG14: 0 | AH14: =SUM(C14:AG14) -> 2495.039 | AJ14: =+B14+AM14 -> 2495.039 | AL14: Agosto | AM14: =+BS14 -> 0 | BS14: =SUM(AN14:BR14) -> 0
A15: Septiembre | B15: =+AH15 -> 7536.52 | C15: 0 | D15: 0 | E15: 0 | F15: 0 | G15: 0 | H15: 0 | I15: 0 | J15: 0 | K15: 0 | L15: 0 | M15: 0 | N15: 0 | O15: 0 | P15: 0 | Q15: 0 | R15: 0 | S15: 0 | T15: 0 | U15: 0 | V15: 0 | W15: 0 | X15: 0 | Y15: 0 | Z15: 841.425 | AA15: 1296.985 | AB15: 1196.205 | AC15: 1372.895 | AD15: 1265.555 | AE15: 0 | AF15: 1563.455 | AG15: 0 | AH15: =SUM(C15:AG15) -> 7536.52 | AJ15: =+B15+AM15 -> 7536.52 | AL15: Septiembre | AM15: =+BS15 -> 0 | BS15: =SUM(AN15:BR15) -> 0
A16: Octubre | B16: =+AH16 -> 236.23 | C16: 236.23 | D16: 0 | E16: 0 | F16: 0 | K16: 0 | L16: 0 | M16: 0 | N16: 0 | O16: 0 | P16: 0 | Q16: 0 | R16: 0 | S16: 0 | T16: 0 | U16: 0 | V16: 0 | W16: 0 | X16: 0 | Y16: 0 | Z16: 0 | AA16: 0 | AB16: 0 | AC16: 0 | AD16: 0 | AE16: 0 | AF16: 0 | AG16: 0 | AH16: =SUM(C16:AG16) -> 236.23 | AJ16: =+B16+AM16 -> 7563.085 | AL16: Octubre | AM16: =+BS16 -> 7326.855 | AN16: 236.23 | AO16: 0 | AP16: 0 | AQ16: 0 | AR16: 1613.945 | AS16: 557.365 | AT16: 1414.44 | AU16: 1173.215 | AV16: 1283.7 | AW16: 1047.96 | AY16: 0 | AZ16: 0 | BA16: 0 | BB16: 0 | BC16: 0 | BD16: 0 | BE16: 0 | BF16: 0 | BG16: 0 | BH16: 0 | BI16: 0 | BJ16: 0 | BK16: 0 | BL16: 0 | BM16: 0 | BN16: 0 | BO16: 0 | BP16: 0 | BQ16: 0 | BR16: 0 | BS16: =SUM(AN16:BR16) -> 7326.855
A17: Noviembre | B17: =+AH17 -> 253.665 | C17: VEDA | D17: VEDA | E17: VEDA | F17: VEDA | G17: VEDA | H17: VEDA | I17: VEDA | J17: VEDA | K17: VEDA | L17: VEDA | M17: VEDA | N17: VEDA | O17: VEDA | P17: VEDA | Q17: VEDA | R17: VEDA | S17: VEDA | T17: VEDA | U17: VEDA | V17: VEDA | W17: VEDA | X17: VEDA | Y17: VEDA | Z17: VEDA | AA17: VEDA | AB17: VEDA | AC17: VEDA | AD17: VEDA | AE17: VEDA | AF17: 253.665 | AG17: VEDA | AH17: =SUM(C17:AG17) -> 253.665 | AJ17: =+B17+AM17 -> 253.665 | AL17: Noviembre | AM17: =+BS17 -> 0 | AN17: VEDA | AO17: VEDA | AP17: VEDA | AQ17: VEDA | AR17: VEDA | AS17: VEDA | AT17: VEDA | AU17: VEDA | AV17: VEDA | AW17: VEDA | AX17: VEDA | AY17: VEDA | AZ17: VEDA | BA17: VEDA | BB17: VEDA | BC17: VEDA | BD17: VEDA | BE17: VEDA | BF17: VEDA | BG17: VEDA | BH17: VEDA | BI17: VEDA | BJ17: VEDA | BK17: VEDA | BL17: VEDA | BM17: VEDA | BN17: VEDA | BO17: VEDA | BP17: VEDA | BQ17: VEDA | BR17: VEDA | BS17: =SUM(AN17:BR17) -> 0
A18: Diciembre | B18: =+AH18 -> 873.456 | C18: VEDA | D18: 34.55 | E18: 491.616 | F18: 268.6 | G18: VEDA | H18: VEDA | I18: VEDA | J18: VEDA | K18: 74.65 | L18: 3.92 | M18: VEDA | N18: VEDA | O18: VEDA | P18: VEDA | Q18: VEDA | R18: VEDA | S18: 0.12 | T18: VEDA | U18: VEDA | W18: VEDA | X18: VEDA | Y18: VEDA | Z18: VEDA | AA18: VEDA | AB18: VEDA | AC18: VEDA | AD18: VEDA | AE18: VEDA | AF18: VEDA | AG18: VEDA | AH18: =SUM(C18:AG18) -> 873.456 | AJ18: =+B18+AM18 -> 873.456 | AL18: Diciembre | AM18: =+BS18 -> 0 | AN18: VEDA | AO18: VEDA | AP18: VEDA | AQ18: VEDA | AR18: VEDA | AS18: VEDA | AT18: VEDA | AU18: VEDA | AV18: VEDA | AW18: VEDA | AX18: VEDA | AY18: VEDA | AZ18: VEDA | BA18: VEDA | BB18: VEDA | BC18: VEDA | BD18: VEDA | BE18: VEDA | BF18: VEDA | BG18: VEDA | BH18: VEDA | BI18: VEDA | BJ18: VEDA | BK18: VEDA | BL18: VEDA | BM18: VEDA | BN18: VEDA | BO18: VEDA | BP18: VEDA | BQ18: VEDA | BR18: VEDA | BS18: =SUM(AN18:BR18) -> 0
A19: TOTAL | B19: =SUM(B7:B18) -> 85129.831 | AH19: =SUM(AH7:AH18) -> 85129.831 | AJ19: =+B19+AM19 -> 92456.686 | AL19: TOTAL | AM19: =SUM(AM7:AM18) -> 7326.855 | BS19: =SUM(BS7:BS18) -> 7326.855
AL20: cuota imprevistos | AM20: 8050
A21: II Región, de Antofasta | AL21: saldo | AM21: =+AM20-AM19 -> 723.145
A22: Mes | B22: Total mes | C22: 1 | D22: 2 | E22: 3 | F22: 4 | G22: 5 | H22: 6 | I22: 7 | J22: 8 | K22: 9 | L22: 10 | M22: 11 | N22: 12 | O22: 13 | P22: 14 | Q22: 15 | R22: 16 | S22: 17 | T22: 18 | U22: 19 | V22: 20 | W22: 21 | X22: 22 | Y22: 23 | Z22: 24 | AA22: 25 | AB22: 26 | AC22: 27 | AD22: 28 | AE22: 29 | AF22: 30 | AG22: 31 | AH22: TOTAL
AH23: =SUM(C23:AG23) -> 0
A24: Enero | B24: =SUM(AH24) -> 3742.385 | J24: 133.71 | K24: 113.4 | L24: 86.135 | M24: 436.655 | N24: 242.565 | Q24: 295.335 | R24: 217.675 | S24: 338.965 | T24: 134.17 | U24: 384.455 | V24: 78.345 | W24: 237.805 | X24: 255.32 | Y24: 184.49 | Z24: 439.085 | AA24: 138.35 | AB24: 0.1 | AE24: 0.3 | AG24: 25.525 | AH24: =SUM(C24:AG24) -> 3742.385
A25: Febrero | B25: =SUM(AH25) -> 242.651 | D25: 0.01 | H25: 86.18 | I25: 150.746 | J25: 3.035 | K25: 0.03 | R25: 0.1 | X25: 0.09 | Y25: 0.3 | AB25: 0.02 | AD25: 2.14 | AH25: =SUM(C25:AG25) -> 242.651
A26: Marzo | B26: =SUM(AH26) -> 932.725 | G26: 124.16 | H26: 147.455 | I26: 174.685 | J26: 60.92 | O26: 164.81 | P26: 138.955 | Q26: 62.07 | U26: 56.91 | AA26: 0.02 | AD26: 0.4 | AG26: 2.34 | AH26: =SUM(C26:AG26) -> 932.725
A27: Abril | B27: =SUM(AH27) -> 4.626 | M27: 1.5 | V27: 0.1 | Z27: 0.01 | AB27: 0.018 | AC27: 0.25 | AF27: 2.748 | AH27: =SUM(C27:AG27) -> 4.626
A28: Mayo | B28: =SUM(AH28) -> 2608.617 | F28: 103.665 | I28: 60.415 | J28: 237.265 | K28: 157.98 | L28: 435.505 | M28: 223.385 | O28: 125.72 | P28: 80.69 | Q28: 236.41 | R28: 202.53 | S28: 154.52 | T28: 49.5 | U28: 148.935 | V28: 282.125 | W28: 88.15 | X28: 0.03 | AC28: 19.362 | AF28: 0.26 | AG28: 2.17 | AH28: =SUM(C28:AG28) -> 2608.617
A29: Junio | B29: =SUM(AH29) -> 776.27 | D29: 79.825 | E29: 141.13 | F29: 87.76 | G29: 288.17 | I29: 102.48 | L29: 2.1 | P29: 74.735 | Y29: 0.01 | AF29: 0.06 | AH29: =SUM(C29:AG29) -> 776.27
A30: Julio | B30: =SUM(AH30) -> 0.64 | AG30: 0.64 | AH30: =SUM(C30:AG30) -> 0.64
A31: Agosto | B31: =SUM(AH31) -> 2.28 | K31: 2.2 | AG31: 0.08 | AH31: =SUM(C31:AG31) -> 2.28
A32: Septiembre | B32: =SUM(AH32) -> 1179.415 | K32: 0.02 | N32: 2,8 | Z32: 44.86 | AA32: 320 | AB32: 223.525 | AC32: 205.115 | AD32: 238.955 | AE32: 146.71 | AF32: 0.23 | AH32: =SUM(C32:AG32) -> 1179.415
A33: Octubre | B33: =SUM(AH33) -> 4371.783 | C33: 16.005 | D33: 0,3 | E33: 23.85 | F33: 222.505 | G33: 125.17 | I33: 88.81 | Q33: 356.95 | R33: 319.085 | S33: 249.035 | T33: 281.34 | U33: 133.57 | V33: 241.48 | W33: 143.845 | X33: 137.865 | Y33: 162.845 | Z33: 97.02 | AA33: 154.83 | AB33: 262.48 | AC33: 237.625 | AD33: 397.785 | AE33: 358.223 | AF33: 361.17 | AG33: 0.295 | AH33: =SUM(C33:AG33) -> 4371.783
A34: Noviembre | B34: =SUM(AH34) -> 5809.195 | F34: 353.13 | G34: 430.915 | H34: 298.54 | I34: 211.21 | J34: 703.915 | K34: 199.9 | L34: 310.83 | M34: 85.96 | Q34: 356.475 | R34: 130.225 | V34: 80.16 | W34: 489.595 | X34: 450.385 | AA34: 323.47 | AB34: 504.23 | AC34: 332.545 | AD34: 547.71 | AH34: =SUM(C34:AG34) -> 5809.195
A35: Diciembre | B35: =SUM(AH35) -> 0 | C35: VEDA | D35: VEDA | E35: VEDA | F35: VEDA | G35: VEDA | H35: VEDA | I35: VEDA | J35: VEDA | K35: VEDA | L35: VEDA | M35: VEDA | N35: VEDA | O35: VEDA | P35: VEDA | Q35: VEDA | R35: VEDA | S35: VEDA | T35: VEDA | U35: VEDA | V35: VEDA | W35: VEDA | X35: VEDA | Y35: VEDA | Z35: VEDA | AA35: VEDA | AB35: VEDA | AC35: VEDA | AD35: VEDA | AE35: VEDA | AF35: VEDA | AG35: VEDA | AH35: =SUM(C35:AG35) -> 0
A36: TOTAL | B36: =SUM(B23:B35) -> 19670.587 | C36: 0 | D36: 0 | E36: 0 | F36: 0 | G36: 0 | H36: 0 | I36: 0 | J36: 0 | K36: 0 | L36: 0 | M36: 0 | N36: 0 | O36: 0 | P36: 0 | Q36: 0 | R36: 0 | S36: 0 | T36: 0 | U36: 0 | V36: 0 | W36: 0 | X36: 0 | Y36: 0 | Z36: 0 | AA36: 0 | AB36: 0 | AC36: 0 | AD36: 0 | AE36: 0 | AF36: 0 | AG36: 0 | AH36: =SUM(AH24:AH35) -> 19670.587
A38: III Región, de Atacama
A39: Mes | B39: Total mes | C39: 1 | D39: 2 | E39: 3 | F39: 4 | G39: 5 | H39: 6 | I39: 7 | J39: 8 | K39: 9 | L39: 10 | M39: 11 | N39: 12 | O39: 13 | P39: 14 | Q39: 15 | R39: 16 | S39: 17 | T39: 18 | U39: 19 | V39: 20 | W39: 21 | X39: 22 | Y39: 23 | Z39: 24 | AA39: 25 | AB39: 26 | AC39: 27 | AD39: 28 | AE39: 29 | AF39: 30 | AG39: 31 | AH39: TOTAL
A40: Enero | B40: =+AH40 -> 3198.13 | C40: 0 | D40: 0 | E40: 259.067 | F40: 174.481 | G40: 29.681 | H40: 139.133 | I40: 371.75 | J40: 299.484 | K40: 154.613 | L40: 187.694 | M40: 180.053 | N40: 272.775 | O40: 339.7 | P40: 228.441 | Q40: 0 | R40: 0 | S40: 7.22 | T40: 0 | U40: 0 | V40: 0 | W40: 0 | X40: 0 | Y40: 186.112 | Z40: 40.941 | AA40: 67.061 | AB40: 24.218 | AC40: 68.75 | AD40: 104.059 | AE40: 62.897 | AF40: 0 | AG40: 0 | AH40: =SUM(C40:AG40) -> 3198.13
A41: Febrero | B41: =+AH41 -> 511.801 | C41: 0 | D41: 0 | E41: 0 | F41: 0 | G41: 0 | H41: 0 | I41: 0 | J41: 0 | K41: 0 | L41: 0 | M41: 0 | N41: 0 | O41: 0 | P41: 1.016 | Q41: 0 | R41: 73.725 | S41: 72.355 | T41: 91.38 | U41: 147.16 | V41: 53.48 | W41: 36.28 | X41: 0 | Y41: 0 | Z41: 0 | AA41: 3.955 | AB41: 0 | AC41: 0 | AD41: 32.45 | AH41: =SUM(C41:AG41) -> 511.801
A42: Marzo | B42: =+AH42 -> 5845.859 | C42: 139.17 | D42: 39.735 | E42: 89.73 | F42: 171.82 | G42: 443.92 | H42: 382.72 | I42: 451.924 | J42: 500.57 | K42: 46.94 | L42: 193.915 | M42: 142.215 | N42: 103.425 | O42: 136.195 | P42: 83.3 | Q42: 297.84 | R42: 159.81 | S42: 20.3 | T42: 68.56 | U42: 359.4 | V42: 112.89 | W42: 404.22 | X42: 371.665 | Y42: 518.1 | Z42: 180.115 | AA42: 23.865 | AB42: 0 | AC42: 185.92 | AD42: 133.4 | AE42: 0 | AF42: 29.85 | AG42: 54.345 | AH42: =SUM(C42:AG42) -> 5845.859
A43: Abril | B43: =+AH43 -> 6203.369 | C43: 257.205 | D43: 402.475 | E43: 501.62 | F43: 0 | G43: 326.1 | H43: 565.505 | I43: 782.975 | J43: 463.41 | K43: 221.12 | L43: 399.04 | M43: 0 | N43: 0 | O43: 0 | P43: 0 | Q43: 0 | R43: 0 | S43: 0 | T43: 0 | U43: 131.58 | V43: 529.481 | W43: 414.406 | X43: 444.655 | Y43: 425.34 | Z43: 68.445 | AA43: 107.445 | AB43: 0 | AC43: 0 | AD43: 0 | AE43: 67.76 | AF43: 94.807 | AH43: =SUM(C43:AG43) -> 6203.369
A44: Mayo | B44: =+AH44 -> 451.26 | C44: 0 | D44: 0 | E44: 0 | F44: 86 | G44: 0 | H44: 0 | I44: 136 | J44: 125.205 | K44: 0 | L44: 104.055 | M44: 0 | N44: 0 | O44: 0 | P44: 0 | Q44: 0 | R44: 0 | S44: 0 | T44: 0 | U44: 0 | V44: 0 | W44: 0 | X44: 0 | Y44: 0 | Z44: 0 | AA44: 0 | AB44: 0 | AC44: 0 | AD44: 0 | AE44: 0 | AF44: 0 | AG44: 0 | AH44: =SUM(C44:AG44) -> 451.26
A45: Junio | B45: =+AH45 -> 649.62 | C45: 0 | D45: 0 | E45: 0 | F45: 0 | G45: 144.53 | H45: 287.385 | I45: 80.995 | J45: 50.385 | K45: 0 | L45: 0 | M45: 0 | N45: 86.325 | O45: 0 | P45: 0 | Q45: 0 | R45: 0 | S45: 0 | T45: 0 | U45: 0 | V45: 0 | W45: 0 | X45: 0 | Y45: 0 | Z45: 0 | AA45: 0 | AB45: 0 | AC45: 0 | AD45: 0 | AE45: 0 | AF45: 0 | AG45: 0 | AH45: =SUM(C45:AG45) -> 649.62
A46: Julio | B46: =+AH46 -> 0 | AH46: =SUM(C46:AG46) -> 0
A47: Agosto | B47: =+AH47 -> 0 | AH47: =SUM(C47:AG47) -> 0
A48: Septiembre | B48: =+AH48 -> 2.278 | AB48: 2.278 | AH48: =SUM(C48:AG48) -> 2.278
A49: Octubre | B49: =+AH49 -> 15.919 | E49: 3.129 | W49: 6.753 | X49: 4.037 | AD49: 2 | AH49: =SUM(C49:AG49) -> 15.919
A50: Noviembre | B50: =+AH50 -> 2.945 | AA50: 2.945 | AH50: =SUM(C50:AG50) -> 2.945
A51: Diciembre | B51: =+AH51 -> 0 | AH51: =SUM(C51:AG51) -> 0
A52: TOTAL | B52: =SUM(B40:B51) -> 16881.181
A54: IV Región, de Coquimbo
A55: Mes | B55: Total mes | C55: 1 | D55: 2 | E55: 3 | F55: 4 | G55: 5 | H55: 6 | I55: 7 | J55: 8 | K55: 9 | L55: 10 | M55: 11 | N55: 12 | O55: 13 | P55: 14 | Q55: 15 | R55: 16 | S55: 17 | T55: 18 | U55: 19 | V55: 20 | W55: 21 | X55: 22 | Y55: 23 | Z55: 24 | AA55: 25 | AB55: 26 | AC55: 27 | AD55: 28 | AE55: 29 | AF55: 30 | AG55: 31 | AH55: TOTAL
A56: Enero | B56: =+AH56 -> 0 | AH56: =SUM(C56:AG56) -> 0
A57: Febrero | B57: =+AH57 -> 0 | AH57: =SUM(C57:AG57) -> 0
A58: Marzo | B58: =+AH58 -> 0 | AH58: =SUM(C58:AG58) -> 0
A59: Abril | B59: =+AH59 -> 0 | AH59: =SUM(C59:AG59) -> 0
A60: Mayo | B60: =+AH60 -> 0 | AH60: =SUM(C60:AG60) -> 0
A61: Junio | B61: =+AH61 -> 0 | AH61: =SUM(C61:AG61) -> 0
A62: Julio | B62: =+AH62 -> 0 | AH62: =SUM(C62:AG62) -> 0
A63: Agosto | B63: =+AH63 -> 0 | AA63: veda | AB63: veda | AC63: veda | AD63: veda | AE63: veda | AF63: veda | AG63: veda | AH63: =SUM(C63:AG63) -> 0
A64: Septiembre | B64: =+AH64 -> 0 | C64: veda | D64: veda | E64: veda | F64: veda | G64: veda | H64: veda | I64: veda | J64: veda | K64: veda | L64: veda | M64: veda | N64: veda | O64: veda | P64: veda | Q64: veda | R64: veda | S64: veda | T64: veda | U64: veda | V64: veda | W64: veda | X64: veda | Y64: veda | AH64: =SUM(C64:AG64) -> 0
A65: Octubre | B65: =+AH65 -> 0 | AH65: =SUM(C65:AG65) -> 0
A66: Noviembre | B66: =+AH66 -> 0 | AH66: =SUM(C66:AG66) -> 0
A67: Diciembre | B67: =+AH67 -> 0 | AH67: =SUM(C67:AG67) -> 0
A68: TOTAL | B68: =SUM(B56:B67) -> 0
A70: V Región, de Valparaiso
A71: Mes | B71: Total mes | C71: 1 | D71: 2 | E71: 3 | F71: 4 | G71: 5 | H71: 6 | I71: 7 | J71: 8 | K71: 9 | L71: 10 | M71: 11 | N71: 12 | O71: 13 | P71: 14 | Q71: 15 | R71: 16 | S71: 17 | T71: 18 | U71: 19 | V71: 20 | W71: 21 | X71: 22 | Y71: 23 | Z71: 24 | AA71: 25 | AB71: 26 | AC71: 27 | AD71: 28 | AE71: 29 | AF71: 30 | AG71: 31 | AH71: TOTAL
A72: Enero | B72: =+AH72 -> 0 | AH72: =SUM(C72:AG72) -> 0
A73: Febrero | B73: =+AH73 -> 0 | AH73: =SUM(C73:AG73) -> 0
A74: Marzo | B74: =+AH74 -> 0 | AH74: =SUM(C74:AG74) -> 0
A75: Abril | B75: =+AH75 -> 0 | AH75: =SUM(C75:AG75) -> 0
A76: Mayo | B76: =+AH76 -> 0 | AH76: =SUM(C76:AG76) -> 0
A77: Junio | B77: =+AH77 -> 0 | AH77: =SUM(C77:AG77) -> 0
A78: Julio | B78: =+AH78 -> 0 | AH78: =SUM(C78:AG78) -> 0
A79: Agosto | B79: =+AH79 -> 0 | AA79: veda | AB79: veda | AC79: veda | AD79: veda | AE79: veda | AF79: veda | AG79: veda | AH79: =SUM(C79:AG79) -> 0
A80: Septiembre | B80: =+AH80 -> 0 | C80: veda | D80: veda | E80: veda | F80: veda | G80: veda | H80: veda | I80: veda | J80: veda | K80: veda | L80: veda | M80: veda | N80: veda | O80: veda | P80: veda | Q80: veda | R80: veda | S80: veda | T80: veda | U80: veda | V80: veda | W80: veda | X80: veda | Y80: veda | AH80: =SUM(C80:AG80) -> 0
A81: Octubre | B81: =+AH81 -> 0 | AH81: =SUM(C81:AG81) -> 0
A82: Noviembre | B82: =+AH82 -> 0 | AH82: =SUM(C82:AG82) -> 0
A83: Diciembre | B83: =+AH83 -> 0 | AH83: =SUM(C83:AG83) -> 0
A84: TOTAL | B84: =SUM(B72:B83) -> 0
A87: VI Región, de O'higgins
A88: Mes | B88: Total mes | C88: 1 | D88: 2 | E88: 3 | F88: 4 | G88: 5 | H88: 6 | I88: 7 | J88: 8 | K88: 9 | L88: 10 | M88: 11 | N88: 12 | O88: 13 | P88: 14 | Q88: 15 | R88: 16 | S88: 17 | T88: 18 | U88: 19 | V88: 20 | W88: 21 | X88: 22 | Y88: 23 | Z88: 24 | AA88: 25 | AB88: 26 | AC88: 27 | AD88: 28 | AE88: 29 | AF88: 30 | AG88: 31 | AH88: TOTAL
A89: Enero | B89: =+AH89 -> 0 | C89: VEDA | D89: VEDA | E89: VEDA | F89: VEDA | G89: VEDA | H89: VEDA | I89: VEDA | J89: VEDA | K89: VEDA | L89: VEDA | M89: VEDA | N89: VEDA | O89: VEDA | P89: VEDA | Q89: VEDA | R89: VEDA | S89: VEDA | T89: VEDA | U89: VEDA | V89: VEDA | W89: VEDA | X89: VEDA | Y89: VEDA | Z89: VEDA | AA89: VEDA | AB89: VEDA | AC89: VEDA | AD89: VEDA | AE89: VEDA | AF89: VEDA | AG89: VEDA | AH89: =SUM(C89:AG89) -> 0
A90: Febrero | B90: =+AH90 -> 0 | C90: VEDA | D90: VEDA | E90: VEDA | F90: VEDA | G90: VEDA | H90: VEDA | I90: VEDA | J90: VEDA | K90: VEDA | L90: VEDA | M90: VEDA | N90: VEDA | O90: VEDA | P90: VEDA | Q90: VEDA | R90: VEDA | S90: VEDA | T90: VEDA | U90: VEDA | V90: VEDA | W90: VEDA | X90: VEDA | Y90: VEDA | Z90: VEDA | AA90: VEDA | AB90: VEDA | AC90: VEDA | AD90: VEDA | AE90: VEDA | AF90: VEDA | AG90: VEDA | AH90: =SUM(C90:AG90) -> 0
A91: Marzo | B91: =+AH91 -> 0 | C91: VEDA | D91: VEDA | E91: VEDA | F91: VEDA | G91: VEDA | AH91: =SUM(C91:AG91) -> 0
A92: Abril | B92: =+AH92 -> 0 | AH92: =SUM(C92:AG92) -> 0
A93: Mayo | B93: =+AH93 -> 0 | AH93: =SUM(C93:AG93) -> 0
A94: Junio | B94: =+AH94 -> 0 | AH94: =SUM(C94:AG94) -> 0
A95: Julio | B95: =+AH95 -> 0 | AF95: VEDA | AG95: VEDA | AH95: =SUM(C95:AG95) -> 0
A96: Agosto | B96: =+AH96 -> 0 | C96: VEDA | D96: VEDA | E96: VEDA | F96: VEDA | G96: VEDA | H96: VEDA | I96: VEDA | J96: VEDA | K96: VEDA | L96: VEDA | M96: VEDA | N96: VEDA | O96: VEDA | P96: VEDA | Q96: VEDA | R96: VEDA | S96: VEDA | T96: VEDA | U96: VEDA | V96: VEDA | W96: VEDA | X96: VEDA | Y96: VEDA | Z96: VEDA | AA96: VEDA | AB96: VEDA | AC96: VEDA | AD96: VEDA | AE96: VEDA | AF96: VEDA | AG96: VEDA | AH96: =SUM(C96:AG96) -> 0
A97: Septiembre | B97: =+AH97 -> 0 | C97: VEDA | D97: VEDA | E97: VEDA | F97: VEDA | G97: VEDA | H97: VEDA | I97: VEDA | J97: VEDA | K97: VEDA | L97: VEDA | M97: VEDA | N97: VEDA | O97: VEDA | P97: VEDA | Q97: VEDA | R97: VEDA | S97: VEDA | T97: VEDA | U97: VEDA | V97: VEDA | W97: VEDA | X97: VEDA | Y97: VEDA | Z97: VEDA | AA97: VEDA | AB97: VEDA | AC97: VEDA | AD97: VEDA | AE97: VEDA | AF97: VEDA | AG97: VEDA | AH97: =SUM(C97:AG97) -> 0
A98: Octubre | B98: =+AH98 -> 0 | C98: VEDA | D98: VEDA | E98: VEDA | F98: VEDA | G98: VEDA | H98: VEDA | I98: VEDA | J98: VEDA | K98: VEDA | L98: VEDA | M98: VEDA | N98: VEDA | O98: VEDA | P98: VEDA | Q98: VEDA | R98: VEDA | S98: VEDA | T98: VEDA | U98: VEDA | V98: VEDA | W98: VEDA | AH98: =SUM(C98:AG98) -> 0
A99: Noviembre | B99: =+AH99 -> 0 | AH99: =SUM(C99:AG99) -> 0
A100: Diciembre | B100: =+AH100 -> 0 | L100: VEDA | M100: VEDA | N100: VEDA | O100: VEDA | P100: VEDA | Q100: VEDA | R100: VEDA | S100: VEDA | T100: VEDA | U100: VEDA | V100: VEDA | W100: VEDA | X100: VEDA | Y100: VEDA | Z100: VEDA | AA100: VEDA | AB100: VEDA | AC100: VEDA | AD100: VEDA | AE100: VEDA | AF100: VEDA | AG100: VEDA | AH100: =SUM(C100:AG100) -> 0
A101: TOTAL | B101: =SUM(B89:B100) -> 0 | C101: =SUM(C89:C100) -> 0 | D101: =SUM(D89:D100) -> 0 | E101: =SUM(E89:E100) -> 0 | F101: =SUM(F89:F100) -> 0 | G101: =SUM(G89:G100) -> 0 | H101: =SUM(H89:H100) -> 0 | I101: =SUM(I89:I100) -> 0 | ... AH101: =SUM(AH89:AH100) -> 0
A103: VII Región, de Maule
A104: Mes | B104: Total mes | C104: 1 | D104: 2 | E104: 3 | F104: 4 | G104: 5 | H104: 6 | I104: 7 | J104: 8 | K104: 9 | L104: 10 | M104: 11 | N104: 12 | O104: 13 | P104: 14 | Q104: 15 | R104: 16 | S104: 17 | T104: 18 | U104: 19 | V104: 20 | W104: 21 | X104: 22 | Y104: 23 | Z104: 24 | AA104: 25 | AB104: 26 | AC104: 27 | AD104: 28 | AE104: 29 | AF104: 30 | AG104: 31 | AH104: TOTAL
A105: Enero | B105: =+AH105 -> 0 | C105: VEDA | D105: VEDA | E105: VEDA | F105: VEDA | G105: VEDA | H105: VEDA | I105: VEDA | J105: VEDA | K105: VEDA | L105: VEDA | M105: VEDA | N105: VEDA | O105: VEDA | P105: VEDA | Q105: VEDA | R105: VEDA | S105: VEDA | T105: VEDA | U105: VEDA | V105: VEDA | W105: VEDA | X105: VEDA | Y105: VEDA | Z105: VEDA | AA105: VEDA | AB105: VEDA | AC105: VEDA | AD105: VEDA | AE105: VEDA | AF105: VEDA | AG105: VEDA | AH105: =SUM(C105:AG105) -> 0
A106: Febrero | B106: =+AH106 -> 0 | C106: VEDA | D106: VEDA | E106: VEDA | F106: VEDA | G106: VEDA | H106: VEDA | I106: VEDA | J106: VEDA | K106: VEDA | L106: VEDA | M106: VEDA | N106: VEDA | O106: VEDA | P106: VEDA | Q106: VEDA | R106: VEDA | S106: VEDA | T106: VEDA | U106: VEDA | V106: VEDA | W106: VEDA | X106: VEDA | Y106: VEDA | Z106: VEDA | AA106: VEDA | AB106: VEDA | AC106: VEDA | AD106: VEDA | AE106: VEDA | AF106: VEDA | AG106: VEDA | AH106: =SUM(C106:AG106) -> 0
A107: Marzo | B107: =+AH107 -> 0 | C107: VEDA | D107: VEDA | E107: VEDA | F107: VEDA | G107: VEDA | AC107: VEDA | AD107: VEDA | AE107: VEDA | AF107: VEDA | AG107: VEDA | AH107: =SUM(C107:AG107) -> 0
A108: Abril | B108: =+AH108 -> 0 | C108: VEDA | D108: VEDA | E108: VEDA | F108: VEDA | G108: VEDA | H108: VEDA | I108: VEDA | J108: VEDA | K108: VEDA | AH108: =SUM(C108:AG108) -> 0
...

Sheet Resumen RAE S.Común
A2: Resumen RAE Sardina común 2013
A5: V Región, de Valparaíso
A7: Organización | B7: Periodo | C7: Cuota asignada (t) | D7: TRASPASOS | E7: Cuota efectiva (t) | F7: Desembarque (t) | G7: Saldo (t) | H7: Saldo % | I7: Fecha de Cierre
A8: A.G. Armadores Artesanales San Antonio R.A.G. 2510 | B8: Ene-Abr | C8: 4147 | E8: =+C8+D8 -> 4147 | F8: =+SUM('RAE S.común'!B8:B11) -> 3674.573 | G8: =+E8-F8 -> 472.427 | H8: =+G8/E8 -> 0.11392018 | J8: atencion
A9: Pescadores artesanales no afiliados | B9: Ene-Abr | C9: 1341 | E9: =+C9+D9 -> 1341 | F9: =+SUM('RAE S.común'!B24:B27) -> 928.769 | G9: =+E9-F9 -> 412.231 | H9: =+G9/E9 -> 0.30740567
A10: Total | B10: Ene-Abr | C10: =SUM(C8:C9) -> 5488 | E10: =SUM(E8:E9) -> 5488 | F10: =SUM(F8:F9) -> 4603.342 | G10: =+E10-F10 -> 884.658
A12: Organización | B12: Periodo | C12: Cuota asignada (t) | E12: Cuota efectiva (t) | F12: Desembarque (t) | G12: Saldo (t) | H12: Saldo % | I12: Fecha de Cierre
A13: A.G. Armadores Artesanales San Antonio R.A.G. 2510 | B13: May-Ago | C13: 488 | E13: =+C13+G8+D13 -> 960.427 | F13: =+SUM('RAE S.común'!B12:B15) -> 436.503 | G13: =+E13-F13 -> 523.924 | H13: =+G13/E13 -> 0.54551153
A14: Pescadores artesanales no afiliados | B14: May-Ago | C14: 158 | E14: =+C14+G9+D14 -> 570.231 | F14: =+SUM('RAE S.común'!B28:B31) -> 121.546 | G14: =+E14-F14 -> 448.685 | H14: =+G14/E14 -> 0.78684779
A15: Total | B15: May-Ago | C15: =SUM(C13:C14) -> 646 | E15: =+C15+G10 -> 1530.658 | F15: =SUM(F13:F14) -> 558.049 | G15: =+E15-F15 -> 972.609
A17: Organización | B17: Periodo | C17: Cuota asignada (t) | E17: Cuota efectiva (t) | F17: Desembarque (t) | G17: Saldo (t) | H17: Saldo % | I17: 2
A18: A.G. Armadores Artesanales San Antonio R.A.G. 2510 | B18: Sep-Dic | C18: 244 | E18: =+C18+G13+D18 -> 767.924 | F18: =+SUM('RAE S.común'!B16:B19) -> 0 | G18: =+E18-F18 -> 767.924 | H18: =+G18/E18 -> 1
A19: Pescadores artesanales no afiliados | B19: Sep-Dic | C19: 79 | E19: =+C19+G14+D19 -> 527.685 | F19: =+SUM('RAE S.común'!B32:B35) -> 40.581 | G19: =+E19-F19 -> 487.104 | H19: =+G19/E19 -> 0.92309617
A20: Total | B20: Sep-Dic | C20: =SUM(C18:C19) -> 323 | E20: =+C20+G15 -> 1295.609 | F20: =SUM(F18:F19) -> 40.581 | G20: =+E20-F20 -> 1255.028
A22: VII Región, deL Maule
A24: Organización | B24: Periodo | C24: Cuota asignada (t) | D24: TRASPASOS | E24: Cuota efectiva (t) | F24: Desembarque (t) | G24: Saldo (t) | H24: Saldo % | I24: Fecha de Cierre
A25: STI:.de Pescadores "Pelágicos del Maule" Constitución, R.S.U. N° 07050150 | B25: Ene-Abr | C25: 1866.765 | E25: =+C25+D25 -> 1866.765 | F25: =+SUM('RAE S.común'!B41:B44) -> 1266.368 | G25: =+E25-F25 -> 600.397 | H25: =+G25/E25 -> 0.32162431
A26: STI. AGUA LIMPIA RSU. N° 07050118 | B26: Ene-Abr | C26: 17.812 | E26: =+C26+D26 -> 17.812 | F26: =+SUM('RAE S.común'!B57:B60) -> 0 | G26: =+E26-F26 -> 17.812 | H26: =+G26/E26 -> 1
A27: Cuota Residual | B27: Ene-Abr | C27: 99.422 | E27: =+C27 -> 99.422 | F27: =+SUM('RAE S.común'!B73:B76) -> 258.181 | G27: =+E27-F27 -> -158.759 | H27: =G27/E27 -> -1.5968196 | I27: 19 03 2013 | J27: anual
A28: Total | B28: Ene-Abr | C28: =SUM(C25:C27) -> 1983.999 | E28: =SUM(E25:E27) -> 1983.999 | F28: =SUM(F25:F27) -> 1524.549 | G28: =+E28-F28 -> 459.45
A30: Organización | B30: Periodo | C30: Cuota asignada (t) | E30: Cuota efectiva (t) | F30: Desembarque (t) | G30: Saldo (t) | H30: Saldo % | I30: Fecha de Cierre
A31: STI:.de Pescadores "Pelágicos del Maule" Constitución, R.S.U. N° 07050150 | B31: May-Ago | C31: 219.232 | E31: =+C31+G25 -> 819.629 | F31: =+SUM('RAE S.común'!B45:B48) -> 337.931 | G31: =+E31-F31 -> 481.698 | H31: =+G31/E31 -> 0.58770248
A32: STI. AGUA LIMPIA RSU. N° 07050118 | B32: May-Ago | C32: 2.092 | E32: =+C32+G26 -> 19.904 | F32: =+SUM('RAE S.común'!B61:B64) -> 0 | G32: =+E32-F32 -> 19.904 | H32: =+G32/E32 -> 1
A33: Cuota Residual | B33: May-Ago | C33: 11.676 | E33: =+C33+G27 -> -147.083 | F33: =+SUM('RAE S.común'!B77:B80) -> 0.1 | G33: =+E33-F33 -> -147.183 | H33: =+G33/E33 -> 1.0006799 | I33: 19 03 2013 | J33: anual
A34: Total | B34: May-Ago | C34: =SUM(C31:C33) -> 233 | E34: =+C34+G28 -> 692.45 | F34: =SUM(F31:F33) -> 338.031 | G34: =+E34-F34 -> 354.419
A36: Organización | B36: Periodo | C36: Cuota asignada (t) | E36: Cuota efectiva (t) | F36: Desembarque (t) | G36: Saldo (t) | H36: Saldo % | I36: Fecha de Cierre
A37: STI:.de Pescadores "Pelágicos del Maule" Constitución, R.S.U. N° 07050150 | B37: Sep-Dic | C37: 110.086 | E37: =+C37+G31 -> 591.784 | F37: =+SUM('RAE S.común'!B49:B52) -> 2.79 | G37: =+E37-F37 -> 588.994 | H37: =+G37/E37 -> 0.99528544
A38: STI. AGUA LIMPIA RSU. N° 07050118 | B38: Sep-Dic | C38: 1.05 | E38: =+C38+G32 -> 20.954 | F38: =+SUM('RAE S.común'!B65:B68) -> 0 | G38: =+E38-F38 -> 20.954 | H38: =+G38/E38 -> 1
A39: Cuota Residual | B39: Sep-Dic | C39: 5.863 | E39: =+C39+G33 -> -141.32 | F39: =+SUM('RAE S.común'!B81:B84) -> 0 | G39: =+E39-F39 -> -141.32 | H39: =+G39/E39 -> 1 | I39: 19 03 2013 | J39: anual
A40: Total | B40: Sep-Dic | C40: =SUM(C37:C39) -> 116.999 | E40: =+C40+G34 -> 471.418 | F40: =SUM(F37:F39) -> 2.79 | G40: =+E40-F40 -> 468.628
N41: E.Norero C.
A42: VIII Región, del Bio Bio | L42: insertar aquí | N42: 22-10-2013 se hicieron unos ajustes antes de la apertura
A43: Organización | B43: Periodo | C43: Cuota asignada (t) | D43: traspaso | E43: Cuota efectiva (t) | F43: Desembarque (t) | G43: Saldo (t) | H43: Saldo % | I43: Fecha de Cierre | L43: desembarque
A44: Agrupación de Armadores y Pescadores Pelágicos de Caleta Tubul, Registro de Organización Comunitaria Funcional 478-2007 | B44: Ene-Ago | C44: 1070 | E44: =+C44+D44 -> 1070 | F44: =18.167+9.52+1.74+23.44+1.64+55.25+19.71+0.26+1.72+0.52+0.15 -> 132.117 | G44: =+E44-F44 -> 937.883 | H44: =+G44/E44 -> 0.87652617 | K44: =+(L44-F44) -> -0.002 | L44: 132.115 | N44: =+C44+C110 -> 1126 | O44: =+F44+F110 -> 142.133 | P44: =+N44-O44 -> 983.867
A45: Agrupación Gremial de Productores Pelágicos, Armadores Artesanales de Talcahuano, Región del Bío Bío AGREPAR BIO BIO A.G., R.A.G. N° 468-8 | B45: Ene-Ago | C45: 2782 | E45: =+C45+D45 -> 2782 | F45: =70.33+97.19+6.04+30.83+87.19+93.54+3.12+53.6+26.81+65.85+37.77+37.15+8.41+12.04+2.41+61.96+157.23+29.53+40.23+52.2+8.1 -> 981.53 | G45: =+E45-F45 -> 1800.47 | H45: =+G45/E45 -> 0.64718548 | K45: =+(L45-F45) -> -0.004 | L45: 981.526 | N45: =+C45+C111 -> 2907 | O45: =+F45+F111 -> 1202.884 | P45: =+N45-O45 -> 1704.116
A46: Asociación de Armadores, Pescadores Artesanales y Actividades Afines de la Octava Región, Asociación Gremial ARPESCA A.G., R.A.G. 429-8 | B46: Ene-Ago | C46: 17 | E46: =+C46+D46 -> 17 | F46: 9.47 | G46: =+E46-F46 -> 7.53 | H46: =+G46/E46 -> 0.44294118 | K46: =+(L46-F46) -> 0.002 | L46: 9.472 | N46: =+C46+C112 -> 29 | O46: =+F46+F112 -> 16.712 | P46: =+N46-O46 -> 12.288
A47: A.G. Armadores Artesanales Pelágico Coronel-Lota del Bío Bío, ARPES BIO BIO A.G., R.A.G. 445-8 | B47: Ene-Ago | C47: 13248 | E47: =+C47+D47 -> 13248 | F47: =5.05+618.37+411.79+48.81+73.68+44.03+20.97+4.03+68.13+48.291+62.04+15.178+165.492+62.31+39.431+1.047+17.355+68.055+133.864+79.254+0.231+58.318+13.24+24.823+13.328+5.204+0.377+180.833+79.305+158.42+116.07+78.2+21.928+36.791+120.884+18.871+45.104+77.41+402.34+709.823+328.21+490.444+55.209 -> 5022.54 | G47: =+E47-F47 -> 8225.46 | H47: =+G47/E47 -> 0.62088315 | K47: =+(L47-F47) -> 0 | L47: 5022.54 | N47: =+C47+C113 -> 13945 | O47: =+F47+F113 -> 5876.549 | P47: =+N47-O47 -> 8068.451
A48: A.G. Armadores y Pescadores Artesanales, SIARPAR A.G., R.A.G. 448-8 | B48: Ene-Ago | C48: 161 | E48: =+C48+D48 -> 161 | F48: 0 | G48: =+E48-F48 -> 161 | H48: =+G48/E48 -> 1 | K48: =+(L48-F48) -> 0 | L48: 0 | N48: =+C48+C114 -> 169 | O48: =+F48+F114 -> 0 | P48: =+N48-O48 -> 169
A49: A.G. de Armadores Artesanales - ARMAR A.G., R.A.G. 384-8 | B49: Ene-Ago | C49: 10014 | E49: =+C49+D49 -> 10014 | F49: =425.47+229.94+96.17+25.33+58.78+105.25+11.24+13.7+146.015+12.862+28.175+0.57+6.238+47.706+0.323+1.679+0.996+5.968+24.212+3+33.853+2.002+61.87+342.823+211.58+97.068+41.33+15.487 -> 2049.637 | G49: =+E49-F49 -> 7964.363 | H49: =+G49/E49 -> 0.79532285 | K49: =+(L49-F49) -> 4.5474735e-13 | L49: 2049.637 | N49: =+C49+C115 -> 10541 | O49: =+F49+F115 -> 2545.264 | P49: =+N49-O49 -> 7995.736
A50: A.G. de Armadores Artesanales y Productores Pelágicos de la Caleta el Morro de Talcahuano - AGEMAPAR, R.A.G. 376-8 | B50: Ene-Ago | C50: 10467 | E50: =+C50+D50 -> 10467 | F50: =159.377+124.79+8.41+0.52+149.03+122.14+48.23+52.16+115.92+107.06+107.89+254.33+33.92+16.2+141.98+95.72+37.9+30.25+106.68+19.38+13.54+13.64+41.08+17.18+21.56+32.1+40.54+91.25+17.88+44.5+2.91+14.48+57.57+49.06+76.13+125.06+25.69+39.32+18.2+17.78+13.68+18.55+431.215+78.232+57.932+14.825 -> 3105.791 | G50: =+E50-F50 -> 7361.209 | H50: =+G50/E50 -> 0.70327783 | K50: =+(L50-F50) -> 0 | L50: 3105.791 | N50: =+C50+C116 -> 11018 | O50: =+F50+F116 -> 3402.564 | P50: =+N50-O50 -> 7615.436
A51: A.G. de Armadores y Productores Pelágicos Artesanales de la Octava Región - ARPROPELAR A.G., R.A.G. 353-8 | B51: Ene-Ago | C51: 8194 | E51: =+C51+D51 -> 8194 | F51: =217.94+153.68+146.97+6.77+175.03+207.48+39.04+29.23+105.72+51.54+160.25+221.49+320.15+89.72+36.71+11.94+23.74+22.75+11.47+6.26+30.64+12.34+339.48+208.2+318.18+340.71+19.99+164.65+8.35+4.7+332.37+145.47+434.69+186.49+253.74+10.88+284.4 -> 5133.16 | G51: =+E51-F51 -> 3060.84 | H51: =+G51/E51 -> 0.3735465 | K51: =+(L51-F51) -> -0.002 | L51: 5133.158 | N51: =+C51+C117 -> 8625 | O51: =+F51+F117 -> 6032.522 | P51: =+N51-O51 -> 2592.478
A52: A.G. de Pequeños Armadores, Pescadores y Tripulantes - ITALMAR A.G., R.A.G. 392-8 | B52: Ene-Ago | C52: 1233 | E52: =+C52+D52 -> 1233 | F52: =53.43+72.73+30.84+20.89+16.04+91.11+85.43+17.05+44.56+24.76+4.84+77.27+17.31+9.47 -> 565.73 | G52: =+E52-F52 -> 667.27 | H52: =+G52/E52 -> 0.54117599 | K52: =+(L52-F52) -> 0.004 | L52: 565.734 | N52: =+C52+C118 -> 1435 | O52: =+F52+F118 -> 639.402 | P52: =+N52-O52 -> 795.598
A53: A.G. de Pescadores Artesanales de caleta INFIERNILLO, R.A.G. 98-8 | B53: Ene-Ago | C53: 470 | E53: =+C53+D53 -> 470 | F53: =27.33+1.72+5.82+1.39+0.32+0.67+1.12+0.54 -> 38.91 | G53: =+E53-F53 -> 431.09 | H53: =+G53/E53 -> 0.91721277 | K53: =+(L53-F53) -> -0.001 | L53: 38.909 | N53: =+C53+C119 -> 505 | O53: =+F53+F119 -> 38.909 | P53: =+N53-O53 -> 466.091
A54: A.G. de Pescadores Artesanales de Coronel, R.A.G. 5-08 | B54: Ene-Ago | C54: 27396 | E54: =+C54+D54 -> 27396 | F54: =926.042+2344.86+198.58+273.89+174.5+130.37+1097.11+745.99+151.9+266.92+167.61+112.72+39.97+218.53+21.36+25.33+89.53+88.89+76.02+0.52+29.14+21.23+18.49+54.27+2.25+31.66+35.62+22.25+1.26+10.23+250.54+74+157.26+69.5+3.47+11.28+75.52+28.51+5.83+325.48+229.42+772.04+395.71+201.65+53.34+143.15 -> 10173.742 | G54: =+E54-F54 -> 17222.258 | H54: =+G54/E54 -> 0.62864133 | K54: =+(L54-F54) -> -0.005 | L54: 10173.737 | N54: =+C54+C120 -> 28838 | O54: =+F54+F120 -> 11521.753 | P54: =+N54-O54 -> 17316.247
A55: A.G. de Pescadores Artesanales de Lota - A.G. APESCA Lota, R.A.G. 428-8 | B55: Ene-Ago | C55: 1791 | E55: =+C55+D55 -> 1791 | F55: =36.263+102.05+21.82+22.71+7.78+9.37+35.22+11.76+0.38+6.6+5.66+0.16+2.13+0.34+2.79+0.3+0.43 -> 265.763 | G55: =+E55-F55 -> 1525.237 | H55: =+G55/E55 -> 0.85161195 | K55: =+(L55-F55) -> 0.004 | L55: 265.767 | N55: =+C55+C121 -> 1885 | O55: =+F55+F121 -> 277.299 | P55: =+N55-O55 -> 1607.701
A56: A.G. de Pescadores Artesanales de San Vicente – Talcahuano, R.A.G. 18-8 | B56: Ene-Ago | C56: 5408 | E56: =+C56+D56 -> 5408 | F56: =11.792+75.21+82.73+0.24+4.13+83.54+139.73+22.49+21.23+57.29+30.7+25.95+37.24+22.55+24.31+16.93 -> 656.062 | G56: =+E56-F56 -> 4751.938 | H56: =+G56/E56 -> 0.87868676 | K56: =+(L56-F56) -> 1.1368684e-13 | L56: 656.062 | N56: =+C56+C122 -> 5693 | O56: =+F56+F122 -> 843.9 | P56: =+N56-O56 -> 4849.1
A57: A.G. de Pescadores Artesanales, VIII Región- AGREPESCA A.G., R.A.G. N° 396-8 | B57: Ene-Ago | C57: 161 | E57: =+C57+D57 -> 161 | F57: 0 | G57: =+E57-F57 -> 161 | H57: =+G57/E57 -> 1 | K57: =+(L57-F57) -> 0 | L57: 0 | N57: =+C57+C123 -> 169 | O57: =+F57+F123 -> 0 | P57: =+N57-O57 -> 169
A58: A.G. de Pescadores y Armadores Artesanales Pelágicos de la Región del Bío Bío, PESCA MAR A.G., R.A.G. 450-8 | B58: Ene-Ago | C58: 10023 | E58: =+C58+D58 -> 10023 | F58: =66.99+328.67+351.41+108.19+245.06+92.39+22.64+60.58+69.63+18.89+6.71+54.75+27.7+51.8+77.73+30.47+111.965+34.424+8.94+11.592+3.662+40.186+74.894+79.805+15.73+2.995+79.735+227.765+510.479+380.58+252.707+41.544+55.645 -> 3546.258 | G58: =+E58-F58 -> 6476.742 | H58: =+G58/E58 -> 0.64618797 | K58: =+(L58-F58) -> 4.5474735e-13 | L58: 3546.258 | N58: =+C58+C124 -> 10551 | O58: =+F58+F124 -> 4352.008 | P58: =+N58-O58 -> 6198.992
A59: A.G. de Productores Pelágicos Artesanales de las Caletas de Talcahuano y San Vicente de la VIII Región GEMAR A.G., R.A.G. 464-8 | B59: Ene-Ago | C59: 5985 | E59: =+C59+D59 -> 5985 | F59: =74.214+44.49+175.8+137.99+12.52+81.51+89+27.7+5.88+7.81+7.93+15.96+151.89+4.71+218.69+60.03+186.62+51.08+322.2+136.07+74.83+473.13+183.27+172.17+49.49 -> 2764.984 | G59: =+E59-F59 -> 3220.016 | H59: =+G59/E59 -> 0.53801437 | K59: =+(L59-F59) -> 0.003 | L59: 2764.987 | N59: =+C59+C125 -> 6300 | O59: =+F59+F125 -> 3457.786 | P59: =+N59-O59 -> 2842.214
A60: A.G. Productores Pelágicos, Armadores Artesanales de la Comuna de Coronel, VIII Región, ARPESCA A.G., R.A.G. 447-8 | B60: Ene-Ago | C60: 19493 | E60: =+C60+D60 -> 19493 | F60: =87.315+112.5+52.34+4.2+43.4+67.16+615.27+117.58+34.58+49.46+36.1+12.51+10.58+4.32+45.95+3.3+11.9+0.63+3.28+1.13+3.69+18.88+6.94+103.81+326.69+303.83+94.96+65.78+13.47 -> 2251.555 | G60: =+E60-F60 -> 17241.445 | H60: =+G60/E60 -> 0.88449418 | K60: =+(L60-F60) -> -0.004 | L60: 2251.551 | N60: =+C60+C126 -> 20519 | O60: =+F60+F126 -> 2767.369 | P60: =+N60-O60 -> 17751.631
A61: Cooperativa de Pescadores Pelilleros Isla Santa María Ltda., Registro de Cooperativa Rol 1826 | B61: Ene-Ago | C61: 335 | E61: =+C61+D61 -> 335 | F61: =41.429+46.51+11.8+12.9+31.46+3.63 -> 147.729 | G61: =+E61-F61 -> 187.271 | H61: =+G61/E61 -> 0.55901791 | K61: =+(L61-F61) -> -0.004 | L61: 147.725 | N61: =+C61+C127 -> 353 | O61: =+F61+F127 -> 147.725 | P61: =+N61-O61 -> 205.275
A62: Cooperativa de Pescadores y Armadores Artesanales de Lota o GEVIMAR, Registro de Cooperativa Rol 4465 | B62: Ene-Ago | C62: 5306 | E62: =+C62+D62 -> 5306 | F62: =137.97+201.73+220.43+218.45+22.76+46.71+0.11+117.49+26.05+132.8+4.3+59.73+6.52+10.83+17.81+8.91+38.86+12.55+18.68+68.23+145.87+76.43+412.73+241.64+165.765+1.73 -> 2415.085 | G62: =+E62-F62 -> 2890.915 | H62: =+G62/E62 -> 0.54483886 | K62: =+(L62-F62) -> 0 | L62: 2415.085 | N62: =+C62+C128 -> 5585 | O62: =+F62+F128 -> 3021.785 | P62: =+N62-O62 -> 2563.215
A63: Sindicato de Pescadores Artesanales Lo Rojas y Caletas Anexas del Golfo de Arauco , R.S.U. 08.07.0307 | B63: Ene-Ago | C63: 9792 | E63: =+C63+D63 -> 9792 | F63: =73.36+162.7+47.56+34.87+29.11+1.16+287.295+118.418+17.629+119.927+54.718+19.057+21.694+9.259+5.165+7.295+18.836+1.625+4.915+7.663+75.485+4.822+24.608 -> 1147.171 | G63: =+E63-F63 -> 8644.829 | H63: =+G63/E63 -> 0.8828461 | K63: =+(L63-F63) -> 4.5474735e-13 | L63: 1147.171 | N63: =+C63+C129 -> 10307 | O63: =+F63+F129 -> 1428.243 | P63: =+N63-O63 -> 8878.757
A64: Sindicato de Pescadores Artesanales y Armadores Artesanales de la Octava Región, SPAADA SD, R.S.U. 08.05.0339 | B64: Ene-Ago | C64: 12831 | E64: =+C64+D64 -> 12831 | F64: =122.698+134.53+25.77+34.02+19.18+146.69+151.15+45.71+69.79+149.31+83.42+30.65+22.31+63.38+20.79+3.65+42.17+67.73+0.06+0.79+37.94+52.47+36.88+63.97+0.41+73.63+131.99+78.64+74.31+60.88+4.34+102.25+89.09+139.51+67.27 -> 2247.378 | G64: =+E64-F64 -> 10583.622 | H64: =+G64/E64 -> 0.82484779 | K64: =+(L64-F64) -> 0.004 | L64: 2247.382 | N64: =+C64+C130 -> 13506 | O64: =+F64+F130 -> 2935.469 | P64: =+N64-O64 -> 10570.531
A65: Sindicato de Pescadores Artesanales, Armadores Pelágicos y Actividades Conexas de la Caleta Vegas de Coliumo, R.S.U. 08.06.0113 | B65: Ene-Ago | C65: 2893 | E65: =+C65+D65 -> 2893 | F65: =26.25+9.51+9.07+20.09+37.85+1.35+7.87+0.87+18.06 -> 130.92 | G65: =+E65-F65 -> 2762.08 | H65: =+G65/E65 -> 0.95474594 | K65: =+(L65-F65) -> -0.003 | L65: 130.917 | N65: =+C65+C131 -> 3045 | O65: =+F65+F131 -> 212.853 | P65: =+N65-O65 -> 2832.147
A66: Sindicato de Pescadores y Armadores Artesanales del Mar, SIPARMAR, R.S.U. 08.05.0399 | B66: Ene-Ago | C66: 4712 | E66: =+C66+D66 -> 4712 | F66: =196.33+226.19+130.25+100.65+94.42+73.33+38.91+89.4+117.33+9.57+18.52+122.69+26.04+45.38+15.51+12.15+6.23+44.95+72.94+42.28+75.4+2.76+10.15+50.33+45.8+15.28+299.5+74.61+16.25+75.34+145.2+310.46+169.15+78.94+48.64 -> 2900.88 | G66: =+E66-F66 -> 1811.12 | H66: =+G66/E66 -> 0.38436333 | K66: =+(L66-F66) -> 0.004 | L66: 2900.884 | N66: =+C66+C132 -> 4949 | O66: =+F66+F132 -> 3400.29 | P66: =+N66-O66 -> 1548.71
A67: Sindicato de Pescadores y Trabajadores Independientes "Brisas del Mar", R.S.U. 08.04.0115 | B67: Ene-Ago | C67: 799 | E67: =+C67+D67 -> 799 | F67: =47.855+231.47+56.36+114.81+3.06+16.88+36.43+0.11+15.34+11.17+34.76+0.36+2+29.28+7.21+64.64+39.64 -> 711.375 | G67: =+E67-F67 -> 87.625 | H67: =+G67/E67 -> 0.10966834 | J67: atencion | K67: =+(L67-F67) -> 0 | L67: 711.375 | N67: =+C67+C133 -> 841 | O67: =+F67+F133 -> 715.532 | P67: =+N67-O67 -> 125.468
A68: S.T.I. Armadores Pescadores Artesanales Buzos Mariscadores, Algueros Acuicultores y Actividades Conexas de la Región del Bío Bío (PESCA BIO BIO), R.S.U. 08.05.0532 | B68: Ene-Ago | C68: 661 | E68: =+C68+D68 -> 661 | F68: =2.59+5.51+15.23+2.76+33.72+3.93 -> 63.74 | G68: =+E68-F68 -> 597.26 | H68: =+G68/E68 -> 0.90357035 | K68: =+(L68-F68) -> -0.004 | L68: 63.736 | N68: =+C68+C134 -> 725 | O68: =+F68+F134 -> 63.736 | P68: =+N68-O68 -> 661.264
A69: S.T.I. Armadores Pescadores del Mar "SIARPEMAR", R.S.U. 08.05.0459. | B69: Ene-Ago | C69: 2123 | E69: =+C69+D69 -> 2123 | F69: =15.19+120.65+7.64+113.69+79.98+96.17+3.63+29.44+2.15+8.89+14.88+64.94+28.05 -> 585.3 | G69: =+E69-F69 -> 1537.7 | H69: =+G69/E69 -> 0.72430523 | K69: =+(L69-F69) -> 0.002 | L69: 585.302 | N69: =+C69+C135 -> 2235 | O69: =+F69+F135 -> 809.778 | P69: =+N69-O69 -> 1425.222
A70: S.T.I. Armadores, Pescadores y Ramos Afines de la Pesca Artesanal de la Región del Bio-Bio, SARPAR BIO-BIO, R.S.U. 08.05.0378 | B70: Ene-Ago | C70: 1673 | E70: =+C70+D70 -> 1673 | F70: =67.67+39.29+10+59.86+10.86+1.88+37.33+11.53+55.07+0.35 -> 293.84 | G70: =+E70-F70 -> 1379.16 | H70: =+G70/E70 -> 0.82436342 | K70: =+(L70-F70) -> -0.003 | L70: 293.837 | N70: =+C70+C136 -> 1761 | O70: =+F70+F136 -> 432.896 | P70: =+N70-O70 -> 1328.104
A71: S.T.I. Armadores, Pescadores y Ramos Afines de la Pesca Artesanal Lo Rojas "SITRAL", R.S.U. 08.07.0322 | B71: Ene-Ago | C71: 3126 | E71: =+C71+D71 -> 3126 | F71: =274.092+644.22+26.07+59.91+38.09+44.54+5.75+0.23+3.2+0.33+23.09+9.51+3.5+3+1.64+0.64+1.58 -> 1139.392 | G71: =+E71-F71 -> 1986.608 | H71: =+G71/E71 -> 0.6355112 | K71: =+(L71-F71) -> 0.001 | L71: 1139.393 | N71: =+C71+C137 -> 3291 | O71: =+F71+F137 -> 1218.578 | P71: =+N71-O71 -> 2072.422
A72: S.T.I. de Armadores y Pescadores Artesanales y Ramas afines, R.S.U. 08.05.0512 | B72: Ene-Ago | C72: 3461 | E72: =+C72+D72 -> 3461 | F72: =41.64+68.7+2.11+21.02+59.78+25.17+1.74+3.45+1.72+46.35+30.04+13.24+7.6+14.84+0.93+8.81+67.905+7.275+14.696+11.148 -> 448.164 | G72: =+E72-F72 -> 3012.836 | H72: =+G72/E72 -> 0.87051026 | K72: =+(L72-F72) -> -1.1368684e-13 | L72: 448.164 | N72: =+C72+C138 -> 3643 | O72: =+F72+F138 -> 617.496 | P72: =+N72-O72 -> 3025.504
A73: S.T.I. de Buzos asistentes, Armadores, Pescadores Artesanales Hermandad de la Costa, R.S.U. 08.05.0404 | B73: Ene-Ago | C73: 642 | E73: =+C73+D73 -> 642 | F73: =46.73+57.19+60.77+15.16+18.92+14.84+31.05+9.22+48.52+11.82+1.05+51.48+8.24+19.43+12.19+48.13+1.59+39.94+71.88+20.33+6.4+14.89 -> 609.77 | G73: =+E73-F73 -> 32.23 | H73: =+G73/E73 -> 0.050202492 | J73: atencion | K73: =+(L73-F73) -> -0.003 | L73: 609.767 | N73: =+C73+C139 -> 676 | O73: =+F73+F139 -> 676 | P73: =+N73-O73 -> 0
A74: S.T.I. de la Pesca Artesanal, Armadores Artesanales Pelágicos Actividades Afines y Actividades Conexas de la Comuna de Talcahuano, MAR AZUL, R.S.U. 08.05.0434 | B74: Ene-Ago | C74: 3842 | E74: =+C74+D74 -> 3842 | F74: =75.82+16.54+48.71+2.58+21.35+13.01+43.15 -> 221.16 | G74: =+E74-F74 -> 3620.84 | H74: =+G74/E74 -> 0.94243623 | K74: =+(L74-F74) -> -0.005 | L74: 221.155 | N74: =+C74+C140 -> 4044 | O74: =+F74+F140 -> 477.406 | P74: =+N74-O74 -> 3566.594
A75: S.T.I. de la Pesca Artesanal, Armadores Artesanales Pelágicos, Pescadores Artesanales propiamente tales y actividades Conexas de Caleta San Vicente "Sindicato Tsunami", R.S.U. 08.05.0428 | B75: Ene-Ago | C75: 6164 | E75: =+C75+D75 -> 6164 | F75: =280.16+42.14+48.285+67.669+1.686+43.229+72.53+45.066+12.495+0.2+0.95+24.1 -> 638.51 | G75: =+E75-F75 -> 5525.49 | H75: =+G75/E75 -> 0.89641304 | K75: =+(L75-F75) -> -1.1368684e-13 | L75: 638.51 | N75: =+C75+C141 -> 6488 | O75: =+F75+F141 -> 881.317 | P75: =+N75-O75 -> 5606.683
A76: S.T.I. de Pescadores Artesanales Caleta Lo Rojas, R.S.U. 08.07.0287. | B76: Ene-Ago | C76: 335 | E76: =+C76+D76 -> 335 | F76: =19.28+7.67 -> 26.95 | G76: =+E76-F76 -> 308.05 | H76: =+G76/E76 -> 0.91955224 | K76: =+(L76-F76) -> -3.5527137e-15 | L76: 26.95 | N76: =+C76+C142 -> 353 | O76: =+F76+F142 -> 26.95 | P76: =+N76-O76 -> 326.05
A77: S.T.I. de Pescadores Artesanales Merluceros y Afines de Caleta Lo Rojas, R.S.U. 08.07.0227 | B77: Ene-Ago | C77: 447 | E77: =+C77+D77 -> 447 | F77: 22.68 | G77: =+E77-F77 -> 424.32 | H77: =+G77/E77 -> 0.94926174 | K77: =+(L77-F77) -> -0.001 | L77: 22.679 | N77: =+C77+C143 -> 471 | O77: =+F77+F143 -> 22.679 | P77: =+N77-O77 -> 448.321
A78: S.T.I. de Pescadores Artesanales, Armadores Artesanales Pelágicos Actividades Afines y Actividades Conexas de la Caleta de San Vicente de la Comuna de Talcahuano, SIPARMARCEA, R.S.U. 08.05.0430 | B78: Ene-Ago | C78: 5612 | E78: =+C78+D78 -> 5612 | F78: =14.855+25.44+9.89+166.41+124.41+12.49+2.57+37.04+37.8+0.3+138.63+84.31+77.26+0.28+126.61+61.44+78.58+4.59 -> 1002.905 | G78: =+E78-F78 -> 4609.095 | H78: =+G78/E78 -> 0.82129277 | K78: =+(L78-F78) -> -0.003 | L78: 1002.902 | N78: =+C78+C144 -> 5907 | O78: =+F78+F144 -> 1401.476 | P78: =+N78-O78 -> 4505.524
A79: S.T.I. Pescadores Armadores y Ramos Afines de la Pesca Artesanal, APAT, R.S.U. 08.05.0380 | B79: Ene-Ago | C79: 2165 | E79: =+C79+D79 -> 2165 | F79: =0.79+45.48+8.33+5.48 -> 60.08 | G79: =+E79-F79 -> 2104.92 | H79: =+G79/E79 -> 0.97224942 | K79: =+(L79-F79) -> -0.002 | L79: 60.078 | N79: =+C79+C145 -> 2279 | O79: =+F79+F145 -> 68.682 | P79: =+N79-O79 -> 2210.318
A80: S.T.I. Pescadores Artesanales de Caleta Tumbes - Talcahuano, R.S.U. 08.05.0057 | B80: Ene-Ago | C80: 14782 | E80: =+C80+D80 -> 14782 | F80: =233.746+159.85+3.57+4+8.06+19.51+105.79+85.12+104.48+48.77+74.24+54.68+17.37+9.64+12.02+6.21+5.46+15.02+3.94+2.91+12.05+3.52+0.08+0.1+26.74+8.83-4 -> 1021.706 | G80: =+E80-F80 -> 13760.294 | H80: =+G80/E80 -> 0.93088175 | K80: =+(L80-F80) -> -0.003 | L80: 1021.703 | N80: =+C80+C146 -> 15568 | O80: =+F80+F146 -> 1535.479 | P80: =+N80-O80 -> 14032.521
A81: S.T.I. Pescadores Artesanales Históricos de Talcahuano, SPARHITAL, R.S.U. 08.05.0382 | B81: Ene-Ago | C81: 1755 | E81: =+C81+D81 -> 1755 | F81: =121.562+21.67+13.782+24.134+7.533+12.16+10.692+8.665+0.286+4.784+8.719+4.226+0.2+49.01 -> 287.423 | G81: =+E81-F81 -> 1467.577 | H81: =+G81/E81 -> 0.83622621 | K81: =+(L81-F81) -> 0 | L81: 287.423 | N81: =+C81+C147 -> 1883 | O81: =+F81+F147 -> 377.185 | P81: =+N81-O81 -> 1505.815
A82: S.T.I. Pescadores Artesanales Península de Tumbes, R.S.U. 08.05.0391 | B82: Ene-Ago | C82: 5800 | E82: =+C82+D82 -> 5800 | F82: =43.3+10.91+22.73+114.5+40.87+2.36+20.69+17.25+83.5+5.62+12.75+17.11+13.7+16.55+7.92+8.77+4.08+6.66+0.87+31.56+42.21+28.46 -> 552.37 | G82: =+E82-F82 -> 5247.63 | H82: =+G82/E82 -> 0.90476379 | K82: =+(L82-F82) -> 0.004 | L82: 552.374 | N82: =+C82+C148 -> 6105 | O82: =+F82+F148 -> 801.38 | P82: =+N82-O82 -> 5303.62
A83: S.T.I. Pescadores Artesanales, Armadores y Actividades Conexas Tome Los Bagres, R.S.U. 08.06.0024 | B83: Ene-Ago | C83: 0 | E83: =+C83+D83 -> 0 | F83: 0 | G83: =+E83-F83 -> 0 | H83: =+G83/E83 -> #DIV/0! | K83: =+(L83-F83) -> 0 | L83: 0 | N83: =+C83+C149 -> 0 | O83: =+F83+F149 -> 0 | P83: =+N83-O83 -> 0
A84: S.T.I. Pescadores Artesanales, Armadores, Patrones y Tripulantes de Pesca Artesanal y Actividades Conexas de la Caleta Cocholgüe de la Comuna de Tomé VIII Región, R.S.U. 08.0601.06. | B84: Ene-Ago | C84: 1405 | E84: =+C84+D84 -> 1405 | F84: =156.136+97.19+9.27+0.59+21.37+0.24+7.49+6.36 -> 298.646 | G84: =+E84-F84 -> 1106.354 | H84: =+G84/E84 -> 0.78744057 | K84: =+(L84-F84) -> 0.001 | L84: 298.647 | N84: =+C84+C150 -> 1534 | O84: =+F84+F150 -> 298.997 | P84: =+N84-O84 -> 1235.003
A85: S.T.I. Pescadores Artesanales, Buzos Mariscadores y Actividades Conexas del Puerto de Coronel de la VIII Región y del Golfo de Arauco, R.S.U. 08.07.0183 | B85: Ene-Ago | C85: 11043 | E85: =+C85+D85 -> 11043 | F85: =246.297+606.315+96.904+49.633+32.41+109.543+329.88+421.608+85.425+2.272+106.063+22.131+19.269+93.789+58.803+5.248+54.228+0.679+4.05+20.216+31.545+34.989+0.224+53.205+30.914+10.7+80.968+1.484+21.435+41.628+16.913+23.103+15.97+0.843+173.701+10.687+42.329+19.554+11.277+3.74+3.44+137.665+241.715+599.972+278.432+225.046+214.565+24.854 -> 4715.661 | G85: =+E85-F85 -> 6327.339 | H85: =+G85/E85 -> 0.57297283 | K85: =+(L85-F85) -> 0 | L85: 4715.661 | N85: =+C85+C151 -> 11635 | O85: =+F85+F151 -> 5739.904 | P85: =+N85-O85 -> 5895.096
A86: S.T.I. Pescadores Artesanales, Lancheros, Acuicultores y Actividades Conexas de Caleta Lota Bajo, R.S.U. 08.07.0106 | B86: Ene-Ago | C86: 6788 | E86: =+C86+D86 -> 6788 | F86: =63.71+15.29+36.94+306.87+163.24+28.31+73.33+66.37+32.62+4.17+10.92+40.13+0.04+9.38+6.09+3.58+12.82+6.13+5.64+2.34+6.14+9.07+17.7+5.54+69.75+101.98+177.63+11.25+92.36+29.63+33.2 -> 1442.17 | G86: =+E86-F86 -> 5345.83 | H86: =+G86/E86 -> 0.78754125 | K86: =+(L86-F86) -> 0.001 | L86: 1442.171 | N86: =+C86+C152 -> 7145 | O86: =+F86+F152 -> 1814.073 | P86: =+N86-O86 -> 5330.927
A87: S.T.I. Pescadores de la Caleta Cocholgüe, R.S.U. 08.06.0023 | B87: Ene-Ago | C87: 447 | E87: =+C87+D87 -> 447 | F87: =18.58+12.75+15.97+0.36+8.42+2.39+0.2 -> 58.67 | G87: =+E87-F87 -> 388.33 | H87: =+G87/E87 -> 0.8687472 | K87: =+(L87-F87) -> -0.002 | L87: 58.668 | N87: =+C87+C153 -> 471 | O87: =+F87+F153 -> 59.26 | P87: =+N87-O87 -> 411.74
A88: S.T.I. Pescadores de la Caleta Coliumo, R.S.U. 08.06.0027 | B88: Ene-Ago | C88: 16306 | E88: =+C88+D88 -> 16306 | F88: =206.813+265.85+0.25+25.02+20.97+68.45+424.55+533.82+44.32+6.55+143.93+197.29+119.19+45.11+137.44+73.01+0.84+3.5+2.93+1.47+15.85+0.03+387.25+260.58+233.06+9.68 -> 3227.753 | G88: =+E88-F88 -> 13078.247 | H88: =+G88/E88 -> 0.80205121 | K88: =+(L88-F88) -> 0.004 | L88: 3227.757 | N88: =+C88+C154 -> 17164 | O88: =+F88+F154 -> 3764.029 | P88: =+N88-O88 -> 13399.971
A89: S.T.I. Pescadores y Armadores y Ramos Afines de la Pesca Artesanal, SIPARMA - LOTA, R.S.U. 08.07.0306 | B89: Ene-Ago | C89: 6317 | E89: =+C89+D89 -> 6317 | F89: =140.733+217.69+68.69+47.73+436.49+398.58+85.11+119.6+34.27+90.38+50.75+4.7+166.18+5.89+254.49+32.79+49.59+6.71+3.92+1.86+22.97+65.14+1.125+31.869+88.459+66.133+74.265+3.63+55.034+59.119+25.173-30.234+233.308+140.22+641.925+275.001+244.018+86.474+59.314 -> 4359.096 | G89: =+E89-F89 -> 1957.904 | H89: =+G89/E89 -> 0.30994206 | K89: =+(L89-F89) -> -9.094947e-13 | L89: 4359.096 | N89: =+C89+C155 -> 6649 | O89: =+F89+F155 -> 5116.704 | P89: =+N89-O89 -> 1532.296
A90: S.T.I. Pescadores, Armadores Artesanales Buzos, Acuicultores y Ramos Afines de la Pesca Artesanal Comuna de Talcahuano, R.S.U. 08.05.0487. | B90: Ene-Ago | C90: =2100-300 -> 1800 | E90: =+C90+D90 -> 1800 | F90: =7.826+142.26+37.68+23.79+6.97+31.61+38.39+1.85+18.48+8.85+4.85+3.55+2.56+5.44+3.05 -> 337.156 | G90: =+E90-F90 -> 1462.844 | H90: =+G90/E90 -> 0.81269111 | K90: =+(L90-F90) -> 0.005 | L90: 337.161 | N90: =+C90+C156 -> 1911 | O90: =+F90+F156 -> 387.9 | P90: =+N90-O90 -> 1523.1
A91: S.T.I. Pescadores, Armadores y Ramas Afines de la Pesca Artesanal de Coronel SIPESMAFESA, R.S.U. 08.07.0332 | B91: Ene-Ago | C91: 6433 | E91: =+C91+D91 -> 6433 | F91: =45.155+135.68+12.14+4.42+117.9+187.52+258.24+9.41+92.01+18.79+55.04+14.59+57.5+17.625+7.877+17.534+20.948+4.345+21.912+46.493+32.812+31.144+12.49+43.505+2.104+16.104+15.549+57.195+21.744+78.485+78.75+337.17+219.171+91.94+57.225+4.545 -> 2245.062 | G91: =+E91-F91 -> 4187.938 | H91: =+G91/E91 -> 0.65100855 | K91: =+(L91-F91) -> 0 | L91: 2245.062 | N91: =+C91+C157 -> 6772 | O91: =+F91+F157 -> 2823.056 | P91: =+N91-O91 -> 3948.944
A92: S.T.I. Pescadores, Armadores y Ramos Afines de la Pesca Artesanal de Coronel, SIPARMAR CORONEL , R.S.U. 08.07.0271 | B92: Ene-Ago | C92: 3647 | E92: =+C92+D92 -> 3647 | F92: =248.643+371.19+59.65+86.47+15.21+6.37+25.67+70.96+29.37+1.75+28.95+28.34+11.69+10.67+6.04+3.19+28.19+0.08+79.405+27.894 -> 1139.732 | G92: =+E92-F92 -> 2507.268 | H92: =+G92/E92 -> 0.6874878 | K92: =+(L92-F92) -> 0 | L92: 1139.732 | N92: =+C92+C158 -> 3860 | O92: =+F92+F158 -> 1196.257 | P92: =+N92-O92 -> 2663.743
A93: S.T.I. Pescadores, Armadores y Ramos Afines SIPEAYRAS de Lota, R.S.U. 08.07.0296 | B93: Ene-Ago | C93: 9888 | E93: =+C93+D93 -> 9888 | F93: =145.14+316.61+62.34+38.96+126.42+26.09+8.06+28.5+55.29+42.9+70.46+18.85+3.09+6.46+9.22+1.77+28.26+14.05+11.96+8.9+5.91+14.78+0.96+20.23+16.72+11.16+73.13+57+270.93+224.06+115.41+79.18+40.19 -> 1952.99 | G93: =+E93-F93 -> 7935.01 | H93: =+G93/E93 -> 0.80248888 | K93: =+(L93-F93) -> -4.5474735e-13 | L93: 1952.99 | N93: =+C93+C159 -> 10408 | O93: =+F93+F159 -> 2713.632 | P93: =+N93-O93 -> 7694.368
A94: S.T.I. , Armadores, Buzos acuicultores y ramos afines de la pesca artesanal "SIPEARBUCOR" R.S.U. 08.07.0376 | B94: Ene-Ago | C94: 2293 | E94: =+C94+D94 -> 2293 | F94: =93.47+272.08+57.85+36.25+101.96+86.81+49.86+30.29+94.94+17.07+5.93+6.09+38.52+0.1+66.9+15.94+5.1+4.32+5.82+73.66+44.65+2.97+13.11+2.31+11.23+4.43+68.09+16.22+1.72+28.12+29.27+16.593+92.62+150.38+253.988+0.05+89.652-59.032 -> 1829.331 | G94: =+E94-F94 -> 463.669 | H94: =+G94/E94 -> 0.20221064 | J94: atencion | K94: =+(L94-F94) -> -4.5474735e-13 | L94: 1829.331 | N94: =+C94+C160 -> 2414 | O94: =+F94+F160 -> 1901.461 | P94: =+N94-O94 -> 512.539
A95: S.T.I. , Ayudantes de Buzos, Pescadores Artesanales y Algueras y Actividades Conexas de las Caletas Tomé y Quichiuto, R.S.U. 08.06.0043 | B95: Ene-Ago | C95: 1433 | E95: =+C95+D95 -> 1433 | F95: =55.774+39.71+31.34+10.79+81.7+36.66+5.65+25.225+8.31+29.365+30.589+21.387+3.158+21.786+5.604+28.84+7.978+15.63+9.61+16.979 -> 486.085 | G95: =+E95-F95 -> 946.915 | H95: =+G95/E95 -> 0.66079204 | K95: =+(L95-F95) -> -5.6843419e-14 | L95: 486.085 | N95: =+C95+C161 -> 1609 | O95: =+F95+F161 -> 616.279 | P95: =+N95-O95 -> 992.721
A96: S.T.I. , Pescadores Artesanales, Armadores Artesanales Pelágicos, Patrones y Tripulantes de Pesca Artesanal y Actividades Conexas de la Común de Talcahuano " ASPAS", R.S.U. 08.05.0474 | B96: Ene-Ago | C96: 5078 | E96: =+C96+D96 -> 5078 | F96: =114.255+144.507+2.999+15.133+62.097+10.518+10.669+67.414+31+33.62+61.12+66.27+6.84+28.748+72.51+1 -> 728.7 | G96: =+E96-F96 -> 4349.3 | H96: =+G96/E96 -> 0.85649862 | K96: =+(L96-F96) -> 0 | L96: 728.7 | N96: =+C96+C162 -> 5419 | O96: =+F96+F162 -> 1146.738 | P96: =+N96-O96 -> 4272.262
A97: S.T.I. , Pescadores Artesanales, Armadores Artesanales, "Rio Maipo" de la Caleta de San Vicente de la Comuna de Talcahuano; R.S.U. 08.05.0488. | B97: Ene-Ago | C97: 1955 | E97: =+C97+D97 -> 1955 | F97: =23.13+13.48+4.09+8.69+65.06+17.16+142.83+10.61+20.36 -> 305.41 | G97: =+E97-F97 -> 1649.59 | H97: =+G97/E97 -> 0.84378005 | K97: =+(L97-F97) -> -0.001 | L97: 305.409 | N97: =+C97+C163 -> 2058 | O97: =+F97+F163 -> 406.749 | P97: =+N97-O97 -> 1651.251
A98: S.T.I. , Pescadores Artesanales, Armadores Artesanales, Buzos Mariscadores y Recolectores de Orilla Isla Santa Maria Puerto Sur, R.S.U. 08.07.0364. | B98: Ene-Ago | C98: 642 | E98: =+C98+D98 -> 642 | F98: =29.93+76.96+9.76+10.55+2.38+0.51+23.69+5.31+19.47+112.88+2.28+7.62 -> 301.34 | G98: =+E98-F98 -> 340.66 | H98: =+G98/E98 -> 0.53062305 | K98: =+(L98-F98) -> 0.004 | L98: 301.344 | N98: =+C98+C164 -> 676 | O98: =+F98+F164 -> 316.669 | P98: =+N98-O98 -> 359.331
A99: S.T.I. , Pescadores de la Pesca Artesanal, Armadores Artesanales y Actividades Conexas de la Caleta de Lota VIII Región (SIPAR GENTE DE MAR), R.S.U. 08.07.0326 | B99: Ene-Ago | C99: 14601 | E99: =+C99+D99 -> 14601 | F99: =851.47+641.13+263.54+181.52+192.51+213.04+144.07+38.98+346.93+67.56+26.3+203.42+18.3+47.42+61.59+29.29+66.43+36.42+108.52+3.23+95.46+2.71+0.79+9.77+8.68+59.08+37.41+1.47+13.12+157.41+4.35+25.13+287.58+127.8+1198.335+281.399+385.215+229.238+167.665 -> 6634.282 | G99: =+E99-F99 -> 7966.718 | H99: =+G99/E99 -> 0.54562824 | K99: =+(L99-F99) -> -9.094947e-13 | L99: 6634.282 | N99: =+C99+C165 -> 15369 | O99: =+F99+F165 -> 7873.149 | P99: =+N99-O99 -> 7495.851
A100: Sindicato de Trabajadores Pescadores y Armadores Artesanales Independientes, Buzos Mariscadores y Actividades Anexas de Talcahuano, SIPARBUM, R.S.U. 08.05.0424 | B100: Ene-Ago | C100: 7332 | E100: =+C100+D100 -> 7332 | F100: =90.592+60.27+1.5+48.31+9.42+403.63+152.33+1.83+0.88+13.48+76.66+44.2+0.38+5.18+0.5+18.14+1.05+6.66+12.13+14.65+1.03+0.01+0.01+1.85+62.45+82.77+147.14+42.26+4.47+11.42+10.44+138.19+85.83+228.82+81.67+23.35+58.06 -> 1941.562 | G100: =+E100-F100 -> 5390.438 | H100: =+G100/E100 -> 0.7351934 | K100: =+(L100-F100) -> 0.002 | L100: 1941.564 | N100: =+C100+C166 -> 7837 | O100: =+F100+F166 -> 2533.118 | P100: =+N100-O100 -> 5303.882
A101: Sindicato Independiente de Armadores y Pescadores Artesanales Afines, SARPE, R.S.U. 08.05.0398 | B101: Ene-Ago | C101: 3860.298 | E101: =+C101+D101 -> 3860.298 | F101: =355.52+124.15+44.99+67.01+68.53+55.53+3.16+100.94+105.11+77.11+2.38+95.49+143.5+61.04+5.49+4.93+65.13+6.9+186.44+139.38+132.16+122.27+70.1+14.17+25.59+559.35+93.82+35.65+43.68+79.59 -> 2889.11 | G101: =+E101-F101 -> 971.188 | H101: =+G101/E101 -> 0.25158369 | K101: =+(L101-F101) -> 0.002 | L101: 2889.112 | N101: =+C101+C167 -> 3860.298 | O101: =+F101+F167 -> 3860.298 | P101: =+N101-O101 -> 0
A102: Sindicato Independiente de Pequeños Armadores Artesanales de Cerco y Otras Actividades Afines de Coronel y Lota, R.S.U. 08.07.0373 | B102: Ene-Ago | C102: 838 | E102: =+C102+D102 -> 838 | F102: =26.771+120.58+30.73+0.74+6.07+0.76+0.22+6.36+17.9+13.33+2.49 -> 225.951 | G102: =+E102-F102 -> 612.049 | H102: =+G102/E102 -> 0.73036874 | K102: =+(L102-F102) -> -2.8421709e-14 | L102: 225.951 | N102: =+C102+C168 -> 882 | O102: =+F102+F168 -> 270.421 | P102: =+N102-O102 -> 611.579
A103: Sindicato Independiente de Pescadores Artesanales, Tripulantes Artesanales de Cerco y Ramos Afines de la Comuna de Lota, R.S.U. 08.07.0220 | B103: Ene-Ago | C103: 0 | E103: =+C103+D103 -> 0 | F103: 0 | G103: =+E103-F103 -> 0 | H103: =+G103/E103 -> #DIV/0! | K103: =+(L103-F103) -> 0 | L103: 0 | N103: =+C103+C169 -> 0 | O103: =+F103+F169 -> 0 | P103: =+N103-O103 -> 0
A104: Cuota Residual | B104: Ene-Ago | C104: 164 | E104: =+C104+D104 -> 164 | F104: =50.044+57.45+1.69+5.5+18.23+7.03+0.8 -> 140.744 | G104: =+E104-F104 -> 23.256 | H104: =+G104/E104 -> 0.14180488 | J104: atencion | K104: =+(L104-F104) -> 0.004 | L104: 140.748 | N104: =+C104+C170 -> 174 | O104: =+F104+F170 -> 151.132 | P104: =+N104-O104 -> 22.868
A105: Embarcaciones tipo bote sin historia real de desembarque | B105: Ene-Ago | C105: 13309 | E105: =+C105+D105 -> 13309 | F105: =2670.204+3327.32+317.57+404.28+395.71+190.65+230+281.05+116.51+102.07+66.98+45.91+20.2+25.7+45.68+16.07+17.01+11.68+12.21+5.58+14.08+15.45+6.73+2.5+4.94+8.54+8.59+7.21+10.4+0.3+8.36+1.82+3+0.45+2.04+31.7+0.09+1.05+0.03+28.83+6.62+0.66+6.02+30.91+42.12+0.02+104.91+45.22+84.96+1.33+3.14+1.9 -> 8786.304 | G105: =+E105-F105 -> 4522.696 | H105: =+G105/E105 -> 0.33982238 | K105: =+(L105-F105) -> 0 | L105: 8786.304 | N105: =+C105+C171 -> 14009 | O105: =+F105+F171 -> 9363.099 | P105: =+N105-O105 -> 4645.901
A106: CESIONES ( Resol Ex. N° 708 y 01) + Medida precautoria Celenia I | B106: Ene-Ago | C106: =23999+1730 -> 25729 | E106: =+C106+D106 -> 25729 | F106: =202.668+148.33+60+1+28+91+69+48+68.92+0.39 -> 717.308 | G106: =+E106-F106 -> 25011.692 | H106: =+G106/E106 -> 0.97212064 | K106: =+(L106-F106) -> -0.003 | L106: 717.305
A107: Total | B107: Ene-Ago | C107: =SUM(C44:C106) -> 348477.3 | D107: =SUM(D44:D106) -> 0 | E107: =SUM(E44:E106) -> 348477.3 | F107: =SUM(F44:F106) -> 98134.84 | G107: =+E107-F107 -> 250342.46 | H107: =+G107/E107 -> 0.71838957 | L107: =SUM(L44:L106) -> 98134.836 | P107: antiguo valor
J108: total anual | L108: 2° periodo | M108: capturado | P108: 7648
A109: Organización | B109: Periodo | C109: Cuota asignada (t) | E109: Cuota efectiva (t) | F109: Desembarque (t) | G109: Saldo (t) | H109: % | I109: Fecha de Cierre | J109: 2do per. | K109: 1er per. | L109: dif. | M109: anual | N109: correlativo | P109: reporte al 14 01 2014
A110: Agrupación de Armadores y Pescadores Pelágicos de Caleta Tubul, Registro de Organización Comunitaria Funcional 478-2007 | B110: Sep-Dic | C110: 56 | E110: =+C110+G44+D110 -> 993.883 | F110: =L110 -> 10.016 | G110: =+E110-F110 -> 983.867 | H110: =+G110/E110 -> 0.98992236 | K110: =+F44 -> 132.117 | L110: =+M110-K110 -> 10.016 | M110: 142.133 | N110: 1 | P110: 142.133 | Q110: =+M110-P110 -> 0
...

Sheet RAE S.común
A2: RAE Sardina común 2013
A4: V región
A6: V Región A.G. Armadores artesanales del Puerto de San Antonio R.A.G. N° 2510
A7: Mes | B7: Total mes | C7: 1 | D7: 2 | E7: 3 | F7: 4 | G7: 5 | H7: 6 | I7: 7 | J7: 8 | K7: 9 | L7: 10 | M7: 11 | N7: 12 | O7: 13 | P7: 14 | Q7: 15 | R7: 16 | S7: 17 | T7: 18 | U7: 19 | V7: 20 | W7: 21 | X7: 22 | Y7: 23 | Z7: 24 | AA7: 25 | AB7: 26 | AC7: 27 | AD7: 28 | AE7: 29 | AF7: 30 | AG7: 31 | AH7: TOTAL
A8: Enero | B8: =+AH8 -> 0 | C8: VEDA | D8: VEDA | E8: VEDA | F8: VEDA | G8: VEDA | H8: VEDA | I8: VEDA | J8: VEDA | K8: VEDA | L8: VEDA | M8: VEDA | N8: VEDA | O8: VEDA | P8: VEDA | Q8: VEDA | R8: VEDA | S8: VEDA | T8: VEDA | U8: VEDA | V8: VEDA | W8: VEDA | X8: VEDA | Y8: VEDA | Z8: VEDA | AA8: VEDA | AB8: VEDA | AC8: VEDA | AD8: VEDA | AE8: VEDA | AF8: VEDA | AG8: VEDA | AH8: =SUM(C8:AG8) -> 0
A9: Febrero | B9: =+AH9 -> 0 | C9: VEDA | D9: VEDA | E9: VEDA | F9: VEDA | G9: VEDA | H9: VEDA | I9: VEDA | J9: VEDA | K9: VEDA | L9: VEDA | M9: VEDA | N9: VEDA | O9: VEDA | P9: VEDA | Q9: VEDA | R9: VEDA | S9: VEDA | T9: VEDA | U9: VEDA | V9: VEDA | W9: VEDA | X9: VEDA | Y9: VEDA | Z9: VEDA | AA9: VEDA | AB9: VEDA | AC9: VEDA | AD9: VEDA | AE9: VEDA | AF9: VEDA | AG9: VEDA | AH9: =SUM(C9:AG9) -> 0
A10: Marzo | B10: =+AH10 -> 2001.286 | C10: VEDA | D10: VEDA | E10: VEDA | F10: VEDA | G10: VEDA | H10: 366.74 | I10: 177.465 | J10: 223.156 | K10: 0 | L10: 0 | M10: 111.11 | N10: 172.355 | O10: 123.595 | P10: 0 | Q10: 0 | R10: 144.39 | S10: 77.38 | T10: 143.41 | U10: 48.145 | V10: 5.08 | W10: 35.915 | X10: 0 | Y10: 103.16 | Z10: 1.4 | AA10: 0 | AB10: 75.88 | AC10: 100.19 | AD10: 91.915 | AE10: 0 | AF10: 0 | AG10: 0 | AH10: =SUM(C10:AG10) -> 2001.286
A11: Abril | B11: =+AH11 -> 1673.287 | C11: 77.14 | D11: 85.095 | E11: 104.09 | F11: 90.575 | G11: 124.942 | H11: 103.325 | I11: 0 | J11: 87.435 | K11: 139.175 | L11: 127.58 | M11: 51.85 | N11: 0 | O11: 0 | P11: 177.105 | Q11: 107.93 | R11: 127.475 | S11: 0 | T11: 140.56 | U11: 76.52 | V11: 0 | W11: 44.01 | X11: 0 | Y11: 0 | Z11: 0 | AA11: 4.31 | AB11: 4.17 | AC11: 0 | AD11: 0 | AE11: 0 | AF11: 0 | AG11: 0 | AH11: =SUM(C11:AG11) -> 1673.287
A12: Mayo | B12: =+AH12 -> 436.503 | C12: 0 | D12: 0 | E12: 0 | F12: 0 | G12: 0 | H12: 0 | I12: 104.93 | J12: 95.31 | K12: 0 | L12: 11.955 | M12: 0 | N12: 0 | O12: 0 | P12: 0 | Q12: 0 | R12: 0 | S12: 139.318 | T12: 53.705 | U12: 0 | V12: 0 | W12: 0 | X12: 0 | Y12: 21.34 | Z12: 9.945 | AA12: 0 | AB12: 0 | AC12: 0 | AD12: 0 | AE12: 0 | AF12: 0 | AG12: 0 | AH12: =SUM(C12:AG12) -> 436.503
A13: Junio | B13: =+AH13 -> 0 | AH13: =SUM(C13:AG13) -> 0
A14: Julio | B14: =+AH14 -> 0 | AF14: veda | AG14: veda | AH14: =SUM(C14:AG14) -> 0
A15: Agosto | B15: =+AH15 -> 0 | C15: veda | D15: veda | E15: veda | F15: veda | G15: veda | H15: veda | I15: veda | J15: veda | K15: veda | L15: veda | M15: veda | N15: veda | O15: veda | P15: veda | Q15: veda | R15: veda | S15: veda | T15: veda | U15: veda | V15: veda | W15: veda | X15: veda | Y15: veda | Z15: veda | AA15: veda | AB15: veda | AC15: veda | AD15: veda | AE15: veda | AF15: veda | AG15: veda | AH15: =SUM(C15:AG15) -> 0
A16: Septiembre | B16: =+AH16 -> 0 | C16: veda | D16: veda | E16: veda | F16: veda | G16: veda | H16: veda | I16: veda | J16: veda | K16: veda | L16: veda | M16: veda | N16: veda | O16: veda | P16: veda | Q16: veda | R16: veda | S16: veda | T16: veda | U16: veda | V16: veda | W16: veda | X16: veda | Y16: veda | Z16: veda | AA16: veda | AB16: veda | AC16: veda | AD16: veda | AE16: veda | AF16: veda | AG16: veda | AH16: =SUM(C16:AG16) -> 0
A17: Octubre | B17: =+AH17 -> 0 | C17: veda | D17: veda | E17: veda | F17: veda | G17: veda | H17: veda | I17: veda | J17: veda | K17: veda | L17: veda | M17: veda | N17: veda | O17: veda | P17: veda | Q17: veda | R17: veda | S17: veda | T17: veda | U17: veda | V17: veda | W17: veda | AH17: =SUM(C17:AG17) -> 0
A18: Noviembre | B18: =+AH18 -> 0 | AH18: =SUM(C18:AG18) -> 0
A19: Diciembre | B19: =+AH19 -> 0 | P19: VEDA | Q19: VEDA | R19: VEDA | S19: VEDA | T19: VEDA | U19: VEDA | V19: VEDA | W19: VEDA | X19: VEDA | Y19: VEDA | Z19: VEDA | AA19: VEDA | AB19: VEDA | AC19: VEDA | AD19: VEDA | AE19: VEDA | AF19: VEDA | AG19: VEDA | AH19: =SUM(C19:AG19) -> 0
A20: Total | B20: =SUM(B8:B19) -> 4111.076 | C20: =SUM(C8:C18) -> 77.14 | D20: =SUM(D8:D18) -> 85.095 | E20: 0 | F20: =SUM(F8:F18) -> 90.575 | G20: =SUM(G8:G18) -> 124.942 | H20: =SUM(H8:H18) -> 470.065 | I20: =SUM(I8:I18) -> 282.395 | J20: =SUM(J8:J18) -> 405.901 | K20: =SUM(K8:K18) -> 139.175 | L20: =SUM(L8:L18) -> 139.535 | M20: =SUM(M8:M18) -> 162.96 | ... AC20: =SUM(AC8:AC18) -> 100.19 | AD20: 0 | AE20: =SUM(AE8:AE18) -> 0 | AF20: =SUM(AF8:AF18) -> 0 | AG20: =SUM(AG8:AG18) -> 0 | AH20: =SUM(AH8:AH18) -> 4111.076
A22: Cuota bolsón o residual
A23: Mes | B23: Total mes | C23: 1 | D23: 2 | E23: 3 | F23: 4 | G23: 5 | H23: 6 | I23: 7 | J23: 8 | K23: 9 | L23: 10 | M23: 11 | N23: 12 | O23: 13 | P23: 14 | Q23: 15 | R23: 16 | S23: 17 | T23: 18 | U23: 19 | V23: 20 | W23: 21 | X23: 22 | Y23: 23 | Z23: 24 | AA23: 25 | AB23: 26 | AC23: 27 | AD23: 28 | AE23: 29 | AF23: 30 | AG23: 31 | AH23: TOTAL
A24: Enero | B24: =+AH24 -> 9.53 | C24: 0 | D24: 0 | E24: 3.5 | F24: 0 | G24: 0 | H24: 0.5 | I24: 4 | J24: 0.53 | K24: 0 | L24: 0 | M24: 0 | N24: 0 | O24: 0 | P24: 0.8 | Q24: 0 | R24: 0 | S24: 0 | T24: 0 | U24: 0 | V24: 0 | W24: 0 | X24: 0 | Y24: 0 | Z24: 0 | AA24: 0 | AB24: 0 | AC24: 0 | AD24: 0 | AE24: 0 | AF24: 0 | AG24: 0.2 | AH24: =SUM(C24:AG24) -> 9.53
A25: Febrero | B25: =+AH25 -> 0.3 | C25: 0 | D25: 0 | E25: 0 | F25: 0 | G25: 0 | H25: 0 | I25: 0 | J25: 0 | K25: 0.2 | L25: 0 | M25: 0.1 | N25: 0 | O25: 0 | P25: 0 | Q25: 0 | R25: 0 | S25: 0 | T25: 0 | U25: 0 | V25: 0 | W25: 0 | X25: 0 | Y25: 0 | Z25: 0 | AA25: 0 | AB25: 0 | AC25: 0 | AD25: 0 | AE25: 0 | AF25: 0 | AG25: 0 | AH25: =SUM(C25:AG25) -> 0.3
A26: Marzo | B26: =+AH26 -> 500.739 | C26: 0 | D26: 0 | E26: 0 | F26: 0 | G26: 0 | H26: 46.67 | I26: 45.94 | J26: 75.384 | K26: 0 | L26: 0 | M26: 16.2 | N26: 81.585 | O26: 56.915 | P26: 0 | Q26: 0.8 | R26: 3.13 | S26: 33.6 | T26: 33.24 | U26: 27.7 | V26: 3.3 | W26: 27 | X26: 0.5 | Y26: 0 | Z26: 0 | AA26: 0 | AB26: 18.765 | AC26: 18.975 | AD26: 11.035 | AE26: 0 | AF26: 0 | AG26: 0 | AH26: =SUM(C26:AG26) -> 500.739
A27: Abril | B27: =+AH27 -> 418.2 | C27: 21.89 | D27: 16.31 | E27: 8 | F27: 15.425 | G27: 27.525 | H27: 0 | I27: 0 | J27: 0 | K27: 32.02 | L27: 38.7 | M27: 23.79 | N27: 0 | O27: 0 | P27: 40.365 | Q27: 31.91 | R27: 84.1 | S27: 0 | T27: 37.065 | U27: 27 | V27: 0 | W27: 11.6 | X27: 0 | Y27: 0 | Z27: 0 | AA27: 2.5 | AB27: 0 | AC27: 0 | AD27: 0 | AE27: 0 | AF27: 0 | AG27: 0 | AH27: =SUM(C27:AG27) -> 418.2
A28: Mayo | B28: =+AH28 -> 107.46 | C28: 0 | D28: 0 | E28: 0 | F28: 0 | G28: 0 | H28: 0 | I28: 24.7 | J28: 8.605 | K28: 0 | L28: 0 | M28: 0 | N28: 0 | O28: 0 | P28: 0 | Q28: 0 | R28: 14.19 | S28: 27.875 | T28: 8.595 | U28: 0 | V28: 0.58 | W28: 0.05 | X28: 17.87 | Y28: 4.495 | Z28: 0 | AA28: 0 | AB28: 0 | AC28: 0 | AD28: 0 | AE28: 0 | AF28: 0 | AG28: 0.5 | AH28: =SUM(C28:AG28) -> 107.46
A29: Junio | B29: =+AH29 -> 6.999 | C29: 0 | D29: 0 | E29: 0 | F29: 0 | G29: 0.18 | H29: 0 | I29: 0.81 | J29: 0.2 | K29: 0.4 | L29: 0.7 | M29: 0 | N29: 0.9 | O29: 0.36 | P29: 0.2 | Q29: 2.005 | R29: 0 | S29: 0 | T29: 0.4 | U29: 0.144 | V29: 0 | W29: 0 | X29: 0.5 | Y29: 0 | Z29: 0 | AA29: 0 | AB29: 0.2 | AC29: 0 | AD29: 0 | AE29: 0 | AF29: 0 | AG29: 0 | AH29: =SUM(C29:AG29) -> 6.999
A30: Julio | B30: =+AH30 -> 4.161 | C30: 0 | D30: 0.3 | E30: 0 | F30: 0 | G30: 0 | H30: 0 | I30: 0 | J30: 0 | K30: 0 | L30: 0 | M30: 0 | N30: 0.27 | O30: 0.36 | P30: 0.72 | Q30: 0 | R30: 0 | S30: 0.2 | T30: 0 | U30: 0 | V30: 0.9 | W30: 0 | X30: 0 | Y30: 0.306 | Z30: 0.64 | AA30: 0 | AB30: 0 | AC30: 0 | AD30: 0.12 | AE30: 0 | AF30: 0.27 | AG30: 0.075 | AH30: =SUM(C30:AG30) -> 4.161
A31: Agosto | B31: =+AH31 -> 2.926 | C31: 0.37 | D31: 0.18 | E31: 0 | F31: 0.45 | G31: 0 | H31: 0.18 | I31: 0 | J31: 0 | K31: 0 | L31: 0 | M31: 0 | N31: 0 | O31: 0 | P31: 0 | Q31: 0 | R31: 0 | S31: 0 | T31: 0 | U31: 0.72 | V31: 0.054 | W31: 0.09 | X31: 0 | Y31: 0.18 | Z31: 0.072 | AA31: 0 | AB31: 0.18 | AC31: 0.18 | AD31: 0 | AE31: 0 | AF31: 0.27 | AG31: 0 | AH31: =SUM(C31:AG31) -> 2.926
A32: Septiembre | B32: =+AH32 -> 7.261 | C32: 0 | D32: 0 | E32: 0 | F32: 1 | G32: 0.37 | H32: 1.08 | I32: 0.306 | J32: 1 | K32: 0 | L32: 0 | M32: 0 | N32: 0.206 | O32: 0 | P32: 0.18 | Q32: 0.06 | R32: 0 | S32: 0 | T32: 0 | U32: 0 | V32: 0.072 | W32: 0 | X32: 0 | Y32: 0 | Z32: 0.54 | AA32: 1.4 | AB32: 0 | AC32: 0 | AD32: 0 | AE32: 0.327 | AF32: 0.72 | AG32: 0 | AH32: =SUM(C32:AG32) -> 7.261
A33: Octubre | B33: =+AH33 -> 12.882 | C33: 0.72 | D33: 0.5 | E33: 1.54 | F33: 1.2 | G33: 2.45 | H33: 0 | I33: 0 | J33: 0.37 | K33: 1.18 | L33: 0.36 | M33: 0.35 | N33: 0.144 | O33: 0 | P33: 0.18 | Q33: 0.162 | R33: 0.54 | S33: 0.18 | T33: 0.09 | U33: 0 | V33: 0 | W33: 0 | X33: 0.36 | Y33: 0.18 | Z33: 0.27 | AA33: 0.9 | AB33: 0 | AC33: 0 | AD33: 0 | AE33: 0.72 | AF33: 0.306 | AG33: 0.18 | AH33: =SUM(C33:AG33) -> 12.882
A34: Noviembre | B34: =+AH34 -> 11.678 | C34: 0 | D34: 0.288 | E34: 0 | F34: 2.43 | G34: 0.18 | H34: 2.92 | I34: 0 | J34: 0.072 | K34: 0.36 | L34: 0 | M34: 0.72 | N34: 0 | O34: 0.118 | P34: 0.36 | Q34: 0 | R34: 0 | S34: 0 | T34: 0.72 | U34: 1.08 | V34: 0.54 | W34: 0 | X34: 0 | Y34: 0 | Z34: 0 | AA34: 0 | AB34: 0.72 | AC34: 0.09 | AD34: 0.36 | AE34: 0.72 | AF34: 0 | AG34: 0 | AH34: =SUM(C34:AG34) -> 11.678
A35: Diciembre | B35: =+AH35 -> 8.76 | C35: 0 | D35: 0.3 | E35: 0.54 | F35: 0 | G35: 1.26 | H35: 0 | I35: 0.756 | J35: 0 | K35: 0 | L35: 0 | M35: 0.63 | N35: 0.954 | O35: 0.54 | P35: 0 | Q35: 0 | R35: 0 | S35: 0 | T35: 0 | U35: 0.72 | V35: 0 | W35: 0.63 | X35: 0 | Y35: 0 | Z35: 0 | AA35: 0 | AB35: 0 | AC35: 0.72 | AD35: 0 | AE35: 0 | AF35: 0.72 | AG35: 0.99 | AH35: =SUM(C35:AG35) -> 8.76
A36: TOTAL | B36: =SUM(B24:B35) -> 1090.896 | C36: =SUM(C24:C34) -> 22.98 | D36: =SUM(D24:D34) -> 17.578 | E36: 0 | F36: =SUM(F24:F34) -> 20.505 | G36: =SUM(G24:G34) -> 30.705 | H36: =SUM(H24:H34) -> 51.35 | I36: =SUM(I24:I34) -> 75.756 | J36: =SUM(J24:J34) -> 86.161 | K36: =SUM(K24:K34) -> 34.16 | L36: =SUM(L24:L34) -> 39.76 | M36: =SUM(M24:M34) -> 41.16 | ... AC36: =SUM(AC24:AC34) -> 19.245 | AD36: 0 | AE36: =SUM(AE24:AE34) -> 1.767 | AF36: =SUM(AF24:AF34) -> 1.566 | AG36: =SUM(AG24:AG34) -> 0.955 | AH36: =SUM(AH24:AH34) -> 1082.136
A38: VII Región, del Maule
A39: STI. De Pesc. Pelagícos del Maule, Constitución RSU. N° 07050150
A40: Mes | B40: Total mes | C40: 1 | D40: 2 | E40: 3 | F40: 4 | G40: 5 | H40: 6 | I40: 7 | J40: 8 | K40: 9 | L40: 10 | M40: 11 | N40: 12 | O40: 13 | P40: 14 | Q40: 15 | R40: 16 | S40: 17 | T40: 18 | U40: 19 | V40: 20 | W40: 21 | X40: 22 | Y40: 23 | Z40: 24 | AA40: 25 | AB40: 26 | AC40: 27 | AD40: 28 | AE40: 29 | AF40: 30 | AG40: 31 | AH40: TOTAL
A41: Enero | B41: =+AH41 -> 0 | C41: VEDA | D41: VEDA | E41: VEDA | F41: VEDA | G41: VEDA | H41: VEDA | I41: VEDA | J41: VEDA | K41: VEDA | L41: VEDA | M41: VEDA | N41: VEDA | O41: VEDA | P41: VEDA | Q41: VEDA | R41: VEDA | S41: VEDA | T41: VEDA | U41: VEDA | V41: VEDA | W41: VEDA | X41: VEDA | Y41: VEDA | Z41: VEDA | AA41: VEDA | AB41: VEDA | AC41: VEDA | AD41: VEDA | AE41: VEDA | AF41: VEDA | AG41: VEDA | AH41: =SUM(C41:AG41) -> 0
A42: Febrero | B42: =+AH42 -> 0 | C42: VEDA | D42: VEDA | E42: VEDA | F42: VEDA | G42: VEDA | H42: VEDA | I42: VEDA | J42: VEDA | K42: VEDA | L42: VEDA | M42: VEDA | N42: VEDA | O42: VEDA | P42: VEDA | Q42: VEDA | R42: VEDA | S42: VEDA | T42: VEDA | U42: VEDA | V42: VEDA | W42: VEDA | X42: VEDA | Y42: VEDA | Z42: VEDA | AA42: VEDA | AB42: VEDA | AC42: VEDA | AD42: VEDA | AE42: VEDA | AF42: VEDA | AG42: VEDA | AH42: =SUM(C42:AG42) -> 0
A43: Marzo | B43: =+AH43 -> 726.523 | C43: VEDA | D43: VEDA | E43: VEDA | F43: VEDA | G43: VEDA | I43: 56.8 | K43: 73.47 | P43: 68.48 | Q43: 115.748 | S43: 123.73 | T43: 61.7 | W43: 92.1 | AA43: 38.942 | AB43: 5.696 | AC43: 0.938 | AD43: 31.656 | AE43: 25.384 | AG43: 31.879 | AH43: =SUM(C43:AG43) -> 726.523
A44: Abril | B44: =+AH44 -> 539.845 | C44: 72.63 | D44: 16.98 | F44: 76.79 | G44: 48.712 | K44: 79.078 | L44: 89.143 | P44: 22.826 | Q44: 16.13 | R44: 117.326 | Y44: 0.15 | Z44: 0.08 | AH44: =SUM(C44:AG44) -> 539.845
A45: Mayo | B45: =+AH45 -> 257.741 | K45: 22.703 | S45: 29.697 | T45: 16.268 | U45: 31.172 | V45: 73.178 | W45: 9.646 | AB45: 75.077 | AH45: =SUM(C45:AG45) -> 257.741
A46: Junio | B46: =+AH46 -> 80.19 | W46: 58.4 | X46: 8.17 | AA46: 13.62 | AH46: =SUM(C46:AG46) -> 80.19
A47: Julio | B47: =+AH47 -> 0 | AF47: veda | AG47: veda | AH47: =SUM(C47:AG47) -> 0
A48: Agosto | B48: =+AH48 -> 0 | C48: veda | D48: veda | E48: veda | F48: veda | G48: veda | H48: veda | I48: veda | J48: veda | K48: veda | L48: veda | M48: veda | N48: veda | O48: veda | P48: veda | Q48: veda | R48: veda | S48: veda | T48: veda | U48: veda | V48: veda | W48: veda | X48: veda | Y48: veda | Z48: veda | AA48: veda | AB48: veda | AC48: veda | AD48: veda | AE48: veda | AF48: veda | AG48: veda | AH48: =SUM(C48:AG48) -> 0
A49: Septiembre | B49: =+AH49 -> 2.79 | C49: veda | D49: veda | E49: veda | F49: 2.79 | G49: veda | H49: veda | I49: veda | J49: veda | K49: veda | L49: veda | M49: veda | N49: veda | O49: veda | P49: veda | Q49: veda | R49: veda | S49: veda | T49: veda | U49: veda | V49: veda | W49: veda | X49: veda | Y49: veda | Z49: veda | AA49: veda | AB49: veda | AC49: veda | AD49: veda | AE49: veda | AF49: veda | AG49: veda | AH49: =SUM(C49:AG49) -> 2.79
A50: Octubre | B50: =+AH50 -> 0 | C50: veda | D50: veda | E50: veda | F50: veda | G50: veda | H50: veda | I50: veda | J50: veda | K50: veda | L50: veda | M50: veda | N50: veda | O50: veda | P50: veda | Q50: veda | R50: veda | S50: veda | T50: veda | U50: veda | V50: veda | W50: veda | AH50: =SUM(C50:AG50) -> 0
A51: Noviembre | B51: =+AH51 -> 0 | AH51: =SUM(C51:AG51) -> 0
A52: Diciembre | B52: =+AH52 -> 0 | Q52: VEDA | R52: VEDA | S52: VEDA | T52: VEDA | U52: VEDA | V52: VEDA | W52: VEDA | X52: VEDA | Y52: VEDA | Z52: VEDA | AA52: VEDA | AB52: VEDA | AC52: VEDA | AD52: VEDA | AE52: VEDA | AF52: VEDA | AG52: VEDA | AH52: =SUM(C52:AG52) -> 0
A53: TOTAL | B53: =SUM(B41:B52) -> 1607.089 | C53: =SUM(C41:C52) -> 72.63 | D53: =SUM(D41:D52) -> 16.98 | E53: =SUM(E41:E52) -> 0 | F53: =SUM(F41:F52) -> 79.58 | G53: =SUM(G41:G52) -> 48.712 | H53: =SUM(H41:H52) -> 0 | I53: =SUM(I41:I52) -> 56.8 | ... R53: =SUM(R41:R52) -> 117.326 | S53: =SUM(S41:S51) -> 153.427 | T53: =SUM(T41:T51) -> 77.968 | U53: =SUM(U41:U51) -> 31.172 | V53: =SUM(V41:V51) -> 73.178 | W53: =SUM(W41:W51) -> 160.146 | X53: =SUM(X41:X51) -> 8.17 | Y53: =SUM(Y41:Y51) -> 0.15 | Z53: =SUM(Z41:Z51) -> 0.08 | ... AC53: =SUM(AC41:AC51) -> 0.938 | AD53: 0 | AE53: =SUM(AE41:AE51) -> 25.384 | AF53: =SUM(AF41:AF51) -> 0 | AG53: =SUM(AG41:AG51) -> 31.879 | AH53: =SUM(AH41:AH51) -> 1607.089
A55: STI. AGUA LIMPIA RSU. N° 07050118
A56: Mes | B56: Total mes | C56: 1 | D56: 2 | E56: 3 | F56: 4 | G56: 5 | H56: 6 | I56: 7 | J56: 8 | K56: 9 | L56: 10 | M56: 11 | N56: 12 | O56: 13 | P56: 14 | Q56: 15 | R56: 16 | S56: 17 | T56: 18 | U56: 19 | V56: 20 | W56: 21 | X56: 22 | Y56: 23 | Z56: 24 | AA56: 25 | AB56: 26 | AC56: 27 | AD56: 28 | AE56: 29 | AF56: 30 | AG56: 31 | AH56: TOTAL
A57: Enero | B57: =+AH57 -> 0 | C57: VEDA | D57: VEDA | E57: VEDA | F57: VEDA | G57: VEDA | H57: VEDA | I57: VEDA | J57: VEDA | K57: VEDA | L57: VEDA | M57: VEDA | N57: VEDA | O57: VEDA | P57: VEDA | Q57: VEDA | R57: VEDA | S57: VEDA | T57: VEDA | U57: VEDA | V57: VEDA | W57: VEDA | X57: VEDA | Y57: VEDA | Z57: VEDA | AA57: VEDA | AB57: VEDA | AC57: VEDA | AD57: VEDA | AE57: VEDA | AF57: VEDA | AG57: VEDA | AH57: =SUM(C57:AG57) -> 0
A58: Febrero | B58: =+AH58 -> 0 | C58: VEDA | D58: VEDA | E58: VEDA | F58: VEDA | G58: VEDA | H58: VEDA | I58: VEDA | J58: VEDA | K58: VEDA | L58: VEDA | M58: VEDA | N58: VEDA | O58: VEDA | P58: VEDA | Q58: VEDA | R58: VEDA | S58: VEDA | T58: VEDA | U58: VEDA | V58: VEDA | W58: VEDA | X58: VEDA | Y58: VEDA | Z58: VEDA | AA58: VEDA | AB58: VEDA | AC58: VEDA | AD58: VEDA | AE58: VEDA | AF58: VEDA | AG58: VEDA | AH58: =SUM(C58:AG58) -> 0
A59: Marzo | B59: =+AH59 -> 0 | C59: VEDA | D59: VEDA | E59: VEDA | F59: VEDA | G59: VEDA | AH59: =SUM(C59:AG59) -> 0
A60: Abril | B60: =+AH60 -> 0 | AH60: =SUM(C60:AG60) -> 0
A61: Mayo | B61: =+AH61 -> 0 | AH61: =SUM(C61:AG61) -> 0
A62: Junio | B62: =+AH62 -> 0 | AH62: =SUM(C62:AG62) -> 0
A63: Julio | B63: =+AH63 -> 0 | AF63: VEDA | AG63: VEDA | AH63: =SUM(C63:AG63) -> 0
A64: Agosto | B64: =+AH64 -> 0 | C64: VEDA | D64: VEDA | E64: VEDA | F64: VEDA | G64: VEDA | H64: VEDA | I64: VEDA | J64: VEDA | K64: VEDA | L64: VEDA | M64: VEDA | N64: VEDA | O64: VEDA | P64: VEDA | Q64: VEDA | R64: VEDA | S64: VEDA | T64: VEDA | U64: VEDA | V64: VEDA | W64: VEDA | X64: VEDA | Y64: VEDA | Z64: VEDA | AA64: VEDA | AB64: VEDA | AC64: VEDA | AD64: VEDA | AE64: VEDA | AF64: VEDA | AG64: VEDA | AH64: =SUM(C64:AG64) -> 0
A65: Septiembre | B65: =+AH65 -> 0 | C65: VEDA | D65: VEDA | E65: VEDA | F65: VEDA | G65: VEDA | H65: VEDA | I65: VEDA | J65: VEDA | K65: VEDA | L65: VEDA | M65: VEDA | N65: VEDA | O65: VEDA | P65: VEDA | Q65: VEDA | R65: VEDA | S65: VEDA | T65: VEDA | U65: VEDA | V65: VEDA | W65: VEDA | X65: VEDA | Y65: VEDA | Z65: VEDA | AA65: VEDA | AB65: VEDA | AC65: VEDA | AD65: VEDA | AE65: VEDA | AF65: VEDA | AG65: VEDA | AH65: =SUM(C65:AG65) -> 0
A66: Octubre | B66: =+AH66 -> 0 | C66: VEDA | D66: VEDA | E66: VEDA | F66: VEDA | G66: VEDA | H66: VEDA | I66: VEDA | J66: VEDA | K66: VEDA | L66: VEDA | M66: VEDA | N66: VEDA | O66: VEDA | P66: VEDA | Q66: VEDA | R66: VEDA | S66: VEDA | T66: VEDA | U66: VEDA | V66: VEDA | W66: VEDA | AH66: =SUM(C66:AG66) -> 0
A67: Noviembre | B67: =+AH67 -> 0 | AH67: =SUM(C67:AG67) -> 0
A68: Diciembre | B68: =+AH68 -> 0 | L68: VEDA | M68: VEDA | N68: VEDA | O68: VEDA | P68: VEDA | Q68: VEDA | R68: VEDA | S68: VEDA | T68: VEDA | U68: VEDA | V68: VEDA | W68: VEDA | X68: VEDA | Y68: VEDA | Z68: VEDA | AA68: VEDA | AB68: VEDA | AC68: VEDA | AD68: VEDA | AE68: VEDA | AF68: VEDA | AG68: VEDA | AH68: =SUM(C68:AG68) -> 0
A69: TOTAL | B69: =SUM(B57:B68) -> 0 | C69: =SUM(C57:C68) -> 0 | D69: =SUM(D57:D68) -> 0 | E69: =SUM(E57:E68) -> 0 | F69: =SUM(F57:F68) -> 0 | G69: =SUM(G57:G68) -> 0 | H69: =SUM(H57:H68) -> 0 | I69: =SUM(I57:I68) -> 0 | ... R69: =SUM(R57:R68) -> 0 | S69: =SUM(S57:S67) -> 0 | T69: =SUM(T57:T67) -> 0 | U69: =SUM(U57:U67) -> 0 | V69: =SUM(V57:V67) -> 0 | W69: =SUM(W57:W67) -> 0 | X69: =SUM(X57:X67) -> 0 | Y69: =SUM(Y57:Y67) -> 0 | Z69: =SUM(Z57:Z67) -> 0 | ... AC69: =SUM(AC57:AC67) -> 0 | AD69: 0 | AE69: =SUM(AE57:AE67) -> 0 | AF69: =SUM(AF57:AF67) -> 0 | AG69: =SUM(AG57:AG67) -> 0 | AH69: =SUM(AH57:AH67) -> 0
A71: Cuota Residual
A72: Mes | B72: Total mes | C72: 1 | D72: 2 | E72: 3 | F72: 4 | G72: 5 | H72: 6 | I72: 7 | J72: 8 | K72: 9 | L72: 10 | M72: 11 | N72: 12 | O72: 13 | P72: 14 | Q72: 15 | R72: 16 | S72: 17 | T72: 18 | U72: 19 | V72: 20 | W72: 21 | X72: 22 | Y72: 23 | Z72: 24 | AA72: 25 | AB72: 26 | AC72: 27 | AD72: 28 | AE72: 29 | AF72: 30 | AG72: 31 | AH72: TOTAL
A73: Enero | B73: =+AH73 -> 0 | C73: VEDA | D73: VEDA | E73: VEDA | F73: VEDA | G73: VEDA | H73: VEDA | I73: VEDA | J73: VEDA | K73: VEDA | L73: VEDA | M73: VEDA | N73: VEDA | O73: VEDA | P73: VEDA | Q73: VEDA | R73: VEDA | S73: VEDA | T73: VEDA | U73: VEDA | V73: VEDA | W73: VEDA | X73: VEDA | Y73: VEDA | Z73: VEDA | AA73: VEDA | AB73: VEDA | AC73: VEDA | AD73: VEDA | AE73: VEDA | AF73: VEDA | AG73: VEDA | AH73: =SUM(C73:AG73) -> 0
A74: Febrero | B74: =+AH74 -> 0.11 | C74: VEDA | D74: VEDA | E74: VEDA | F74: VEDA | G74: VEDA | H74: VEDA | I74: VEDA | J74: VEDA | K74: VEDA | L74: VEDA | M74: 0.11 | N74: VEDA | O74: VEDA | P74: VEDA | Q74: VEDA | R74: VEDA | S74: VEDA | T74: VEDA | U74: VEDA | V74: VEDA | W74: VEDA | X74: VEDA | Y74: VEDA | Z74: VEDA | AA74: VEDA | AB74: VEDA | AC74: VEDA | AD74: VEDA | AE74: VEDA | AF74: VEDA | AG74: VEDA | AH74: =SUM(C74:AG74) -> 0.11
A75: Marzo | B75: =+AH75 -> 257.746 | C75: VEDA | D75: VEDA | E75: VEDA | F75: 0.1 | G75: VEDA | I75: 47.862 | J75: 58.635 | K75: 66.652 | M75: 14.435 | O75: 50.793 | P75: 13.634 | AA75: 5.635 | AH75: =SUM(C75:AG75) -> 257.746
A76: Abril | B76: =+AH76 -> 0.325 | G76: 0.095 | Y76: 0.15 | Z76: 0.08 | AH76: =SUM(C76:AG76) -> 0.325
A77: Mayo | B77: =+AH77 -> 0.1 | H77: 0.1 | AH77: =SUM(C77:AG77) -> 0.1
A78: Junio | B78: =+AH78 -> 0 | AH78: =SUM(C78:AG78) -> 0
A79: Julio | B79: =+AH79 -> 0 | AF79: veda | AG79: veda | AH79: =SUM(C79:AG79) -> 0
A80: Agosto | B80: =+AH80 -> 0 | C80: veda | D80: veda | E80: veda | F80: veda | G80: veda | H80: veda | I80: veda | J80: veda | K80: veda | L80: veda | M80: veda | N80: veda | O80: veda | P80: veda | Q80: veda | R80: veda | S80: veda | T80: veda | U80: veda | V80: veda | W80: veda | X80: veda | Y80: veda | Z80: veda | AA80: veda | AB80: veda | AC80: veda | AD80: veda | AE80: veda | AF80: veda | AG80: veda | AH80: =SUM(C80:AG80) -> 0
A81: Septiembre | B81: =+AH81 -> 0 | C81: veda | D81: veda | E81: veda | F81: veda | G81: veda | H81: veda | I81: veda | J81: veda | K81: veda | L81: veda | M81: veda | N81: veda | O81: veda | P81: veda | Q81: veda | R81: veda | S81: veda | T81: veda | U81: veda | V81: veda | W81: veda | X81: veda | Y81: veda | Z81: veda | AA81: veda | AB81: veda | AC81: veda | AD81: veda | AE81: veda | AF81: veda | AG81: veda | AH81: =SUM(C81:AG81) -> 0
A82: Octubre | B82: =+AH82 -> 0 | C82: veda | D82: veda | E82: veda | F82: veda | G82: veda | H82: veda | I82: veda | J82: veda | K82: veda | L82: veda | M82: veda | N82: veda | O82: veda | P82: veda | Q82: veda | R82: veda | S82: veda | T82: veda | U82: veda | V82: veda | W82: veda | AH82: =SUM(C82:AG82) -> 0
A83: Noviembre | B83: =+AH83 -> 0 | AH83: =SUM(C83:AG83) -> 0
A84: Diciembre | B84: =+AH84 -> 0 | AH84: =SUM(C84:AG84) -> 0
A85: TOTAL | B85: =SUM(B73:B84) -> 258.281 | C85: =SUM(C73:C84) -> 0 | D85: =SUM(D73:D84) -> 0 | E85: =SUM(E73:E84) -> 0 | F85: =SUM(F73:F84) -> 0.1 | G85: =SUM(G73:G84) -> 0.095 | H85: =SUM(H73:H84) -> 0.1 | I85: =SUM(I73:I84) -> 47.862 | ... R85: =SUM(R73:R84) -> 0 | S85: =SUM(S73:S83) -> 0 | T85: =SUM(T73:T83) -> 0 | U85: =SUM(U73:U83) -> 0 | V85: =SUM(V73:V83) -> 0 | W85: =SUM(W73:W83) -> 0 | X85: =SUM(X73:X83) -> 0 | Y85: =SUM(Y73:Y83) -> 0.15 | Z85: =SUM(Z73:Z83) -> 0.08 | ... AC85: =SUM(AC73:AC83) -> 0 | AD85: 0 | AE85: =SUM(AE73:AE83) -> 0 | AF85: =SUM(AF73:AF83) -> 0 | AG85: =SUM(AG73:AG83) -> 0 | AH85: =SUM(AH73:AH83) -> 258.281
A87: XIV Región, de Los Ríos
A89: ACERVAL., R.A.G. 207-10 | I89: ok | L89: OK¡
A90: Mes | B90: Total mes | C90: 1 | D90: 2 | E90: 3 | F90: 4 | G90: 5 | H90: 6 | I90: 7 | J90: 8 | K90: 9 | L90: 10 | M90: 11 | N90: 12 | O90: 13 | P90: 14 | Q90: 15 | R90: 16 | S90: 17 | T90: 18 | U90: 19 | V90: 20 | W90: 21 | X90: 22 | Y90: 23 | Z90: 24 | AA90: 25 | AB90: 26 | AC90: 27 | AD90: 28 | AE90: 29 | AF90: 30 | AG90: 31 | AH90: TOTAL
A91: Enero | B91: =+AH91 -> 0 | C91: VEDA | D91: VEDA | E91: VEDA | F91: VEDA | G91: VEDA | H91: VEDA | I91: VEDA | J91: VEDA | K91: VEDA | L91: VEDA | M91: VEDA | N91: VEDA | O91: VEDA | P91: VEDA | Q91: VEDA | R91: VEDA | S91: VEDA | T91: VEDA | U91: VEDA | V91: VEDA | W91: VEDA | X91: VEDA | Y91: VEDA | Z91: VEDA | AA91: VEDA | AB91: VEDA | AC91: VEDA | AD91: VEDA | AE91: VEDA | AF91: VEDA | AG91: VEDA | AH91: =SUM(C91:AG91) -> 0
A92: Febrero | B92: =+AH92 -> 3738.866 | C92: VEDA | D92: VEDA | E92: VEDA | F92: VEDA | G92: VEDA | H92: VEDA | I92: VEDA | K92: 288.748 | L92: 188.889 | N92: 72.582 | O92: 474.476 | P92: 402.72 | Q92: 349.401 | R92: 0 | S92: 350.807 | T92: 308.796 | U92: 171.068 | V92: 69.835 | W92: 0 | X92: 0 | Y92: 0 | Z92: 0 | AA92: 77.833 | AB92: 178.853 | AC92: 276.146 | AD92: 528.712 | AH92: =SUM(C92:AG92) -> 3738.866
A93: Marzo | B93: =+AH93 -> 3589.768 | C93: 442.239 | D93: 345.981 | E93: 93.34 | F93: 75.197 | G93: 359.261 | H93: 235.241 | I93: 0 | J93: 0 | K93: 0 | L93: 330.069 | M93: 235.755 | N93: 310.719 | O93: 0 | P93: 160.373 | Q93: 493.788 | R93: 88.747 | S93: 0 | T93: 0 | U93: 0 | V93: 0 | W93: 3.667 | X93: 229.425 | Y93: 0 | Z93: 0 | AA93: 0 | AB93: 62.653 | AC93: 123.313 | AE93: VEDA | AF93: VEDA | AG93: VEDA | AH93: =SUM(C93:AG93) -> 3589.768
A94: Abril | B94: =+AH94 -> 2411.787 | C94: 0 | D94: 139.309 | E94: 63.91 | F94: 0 | G94: 0 | H94: 0 | I94: 188.191 | J94: 411.275 | K94: 76.669 | L94: 0 | M94: 154.196 | N94: 79.341 | O94: 7.776 | P94: 0 | Q94: 0 | R94: 0 | S94: 65.155 | T94: 368.703 | U94: 267.895 | V94: 0 | W94: 0 | X94: 104.331 | Y94: 166.289 | Z94: 101.585 | AA94: 0 | AB94: 0 | AC94: 0 | AD94: 217.162 | AE94: 0 | AF94: 0 | AH94: =SUM(C94:AG94) -> 2411.787
A95: Mayo | B95: =+AH95 -> 1966.417 | C95: 0 | D95: 0 | E95: 0 | F95: 0 | G95: 475.195 | H95: 393.123 | I95: 239.654 | J95: 26.582 | K95: 0 | L95: 0 | M95: 49.693 | N95: 250.452 | O95: 0 | P95: 0 | Q95: 0 | R95: 0 | S95: 257.445 | T95: 0 | U95: 0 | V95: 0 | W95: 0 | X95: 0 | Y95: 0 | Z95: 0 | AA95: 274.273 | AB95: 0 | AC95: 0 | AD95: 0 | AH95: =SUM(C95:AG95) -> 1966.417
A96: Junio | B96: =+AH96 -> 361.076 | C96: 0 | D96: 0 | E96: 0 | F96: 0 | G96: 0 | H96: 3.143 | I96: 0 | J96: 0 | K96: 0 | L96: 0 | M96: 24.93 | N96: 0 | O96: 0 | P96: 0 | Q96: 0 | R96: 64.762 | S96: 0 | T96: 0 | U96: 5.463 | V96: 31.352 | W96: 0.575 | X96: 67.665 | Y96: 81.199 | Z96: 54.942 | AA96: 4.593 | AB96: 22.452 | AH96: =SUM(C96:AG96) -> 361.076
A97: Julio | B97: =+AH97 -> 1189.772 | C97: 0 | D97: 0 | E97: 0 | F97: 17.297 | G97: 138.844 | H97: 133.086 | I97: 38.565 | J97: 28.675 | K97: 0 | L97: 27.46 | M97: 159.515 | N97: 49.777 | O97: 0 | P97: 0 | Q97: 6.67 | R97: 0 | S97: 0 | T97: 0 | U97: 0 | V97: 0 | W97: 69.866 | X97: 37.623 | Y97: 5.166 | Z97: 0 | AA97: 26.054 | AB97: 6.455 | AC97: 100.298 | AD97: 72.66 | AE97: 112.998 | AF97: 158.763 | AG97: veda | AH97: =SUM(C97:AG97) -> 1189.772
A98: Agosto | B98: =+AH98 -> 0 | C98: veda | D98: veda | E98: veda | F98: veda | G98: veda | H98: veda | I98: veda | J98: veda | K98: veda | L98: veda | M98: veda | N98: veda | O98: veda | P98: veda | Q98: veda | R98: veda | S98: veda | T98: veda | U98: veda | V98: veda | W98: veda | X98: veda | Y98: veda | Z98: veda | AA98: veda | AB98: veda | AC98: veda | AD98: veda | AE98: veda | AF98: veda | AG98: veda | AH98: =SUM(C98:AG98) -> 0
A99: Septiembre | B99: =+AH99 -> 0 | C99: veda | D99: veda | E99: veda | F99: veda | G99: veda | H99: veda | I99: veda | J99: veda | K99: veda | L99: veda | M99: veda | N99: veda | O99: veda | P99: veda | Q99: veda | R99: veda | S99: veda | T99: veda | U99: veda | V99: veda | W99: veda | X99: veda | Y99: veda | Z99: veda | AA99: veda | AB99: veda | AC99: veda | AD99: veda | AE99: veda | AF99: veda | AG99: veda | AH99: =SUM(C99:AG99) -> 0
A100: Octubre | B100: =+AH100 -> 122.214 | C100: veda | D100: veda | E100: veda | F100: veda | G100: veda | H100: veda | I100: veda | J100: veda | K100: veda | L100: veda | M100: veda | N100: veda | O100: veda | P100: veda | Q100: veda | R100: veda | S100: veda | T100: veda | U100: veda | V100: veda | W100: veda | Y100: 111.884 | Z100: 10.33 | AH100: =SUM(C100:AG100) -> 122.214
A101: Noviembre | B101: =+AH101 -> 122.442 | U101: 40.015 | AF101: 82.427 | AH101: =SUM(C101:AG101) -> 122.442
A102: Diciembre | B102: =+AH102 -> 1998.781 | C102: 65.134 | D102: 3.488 | G102: 44.75 | H102: 54.545 | J102: 35.912 | Q102: 181.225 | R102: 7.865 | S102: 67.36 | T102: 89.54 | U102: 103.23 | V102: 222.26 | W102: 329.365 | X102: 265.541 | AB102: 68.268 | AC102: 56.095 | AD102: 225.152 | AE102: 179.051 | AF102: 0 | AG102: 0 | AH102: =SUM(C102:AG102) -> 1998.781
A103: TOTAL | B103: =SUM(B91:B102) -> 15501.123 | C103: =SUM(C91:C101) -> 442.239 | D103: =SUM(D91:D101) -> 485.29 | E103: 0 | F103: =SUM(F91:F101) -> 92.494 | G103: =SUM(G91:G101) -> 973.3 | H103: =SUM(H91:H101) -> 764.593 | I103: =SUM(I91:I101) -> 466.41 | J103: =SUM(J91:J101) -> 466.532 | K103: =SUM(K91:K101) -> 365.417 | L103: =SUM(L91:L101) -> 546.418 | M103: =SUM(M91:M101) -> 624.089 | ... AC103: =SUM(AC91:AC101) -> 499.757 | AD103: 0 | AE103: =SUM(AE91:AE101) -> 112.998 | AF103: =SUM(AF91:AF101) -> 241.19 | AG103: =SUM(AG91:AG101) -> 0 | AH103: =SUM(AH91:AH101) -> 13502.342
A105: ACER., R.A.G. 3793 de 2007
A106: Mes | B106: Total mes | C106: 1 | D106: 2 | E106: 3 | F106: 4 | G106: 5 | H106: 6 | I106: 7 | J106: 8 | K106: 9 | L106: 10 | M106: 11 | N106: 12 | O106: 13 | P106: 14 | Q106: 15 | R106: 16 | S106: 17 | T106: 18 | U106: 19 | V106: 20 | W106: 21 | X106: 22 | Y106: 23 | Z106: 24 | AA106: 25 | AB106: 26 | AC106: 27 | AD106: 28 | AE106: 29 | AF106: 30 | AG106: 31 | AH106: TOTAL
A107: Enero | B107: =+AH107 -> 0 | C107: VEDA | D107: VEDA | E107: VEDA | F107: VEDA | G107: VEDA | H107: VEDA | I107: VEDA | J107: VEDA | K107: VEDA | L107: VEDA | M107: VEDA | N107: VEDA | O107: VEDA | P107: VEDA | Q107: VEDA | R107: VEDA | S107: VEDA | T107: VEDA | U107: VEDA | V107: VEDA | W107: VEDA | X107: VEDA | Y107: VEDA | Z107: VEDA | AA107: VEDA | AB107: VEDA | AC107: VEDA | AD107: VEDA | AE107: VEDA | AF107: VEDA | AG107: VEDA | AH107: =SUM(C107:AG107) -> 0
A108: Febrero | B108: =+AH108 -> 348.456 | C108: VEDA | D108: VEDA | E108: VEDA | F108: VEDA | G108: VEDA | H108: VEDA | I108: VEDA | J108: 24.396 | K108: 0 | L108: 0 | M108: 0 | N108: 0 | O108: 0 | P108: 0 | Q108: 0 | R108: 0 | S108: 0 | T108: 0 | U108: 0 | V108: 0 | W108: 0 | X108: 0 | Y108: 0 | Z108: 0 | AA108: 95.34 | AB108: 80.03 | AC108: 36.9 | AD108: 111.79 | AH108: =SUM(C108:AG108) -> 348.456
A109: Marzo | B109: =+AH109 -> 838.022 | C109: 147.96 | D109: 71.3 | E109: 9.546 | F109: 0 | G109: 75.59 | H109: 110.99 | I109: 0 | J109: 0 | K109: 0 | L109: 56.85 | M109: 77.71 | N109: 14.65 | O109: 0 | P109: 77.486 | Q109: 82.69 | R109: 0 | S109: 0 | T109: 0 | U109: 0 | V109: 0 | W109: 0 | X109: 88.1 | Y109: 0 | Z109: 0 | AA109: 0 | AB109: 0 | AC109: 25.15 | AH109: =SUM(C109:AG109) -> 838.022
A110: Abril | B110: =+AH110 -> 385.851 | C110: 0 | D110: 0 | E110: 0 | F110: 0 | G110: 0 | H110: 0 | I110: 0 | J110: 195.35 | K110: 0 | L110: 0 | M110: 0 | N110: 40.883 | O110: 0 | P110: 0 | Q110: 0 | R110: 0 | S110: 0 | T110: 14.26 | U110: 4.04 | V110: 0 | W110: 0 | X110: 0 | Y110: 78.538 | Z110: 52.78 | AA110: 0 | AB110: 0 | AC110: 0 | AD110: 0 | AE110: 0 | AH110: =SUM(C110:AG110) -> 385.851
...

Sheet S.común
A2: Sardina común 2013
A4: V Región, de Valparaíso
A5: Mes | B5: Total mes | C5: 1 | D5: 2 | E5: 3 | F5: 4 | G5: 5 | H5: 6 | I5: 7 | J5: 8 | K5: 9 | L5: 10 | M5: 11 | N5: 12 | O5: 13 | P5: 14 | Q5: 15 | R5: 16 | S5: 17 | T5: 18 | U5: 19 | V5: 20 | W5: 21 | X5: 22 | Y5: 23 | Z5: 24 | AA5: 25 | AB5: 26 | AC5: 27 | AD5: 28 | AE5: 29 | AF5: 30 | AG5: 31 | AH5: TOTAL
A6: Enero | B6: =+AH6 -> 0 | C6: VEDA | D6: VEDA | E6: VEDA | F6: VEDA | G6: VEDA | H6: VEDA | I6: VEDA | J6: VEDA | K6: VEDA | L6: VEDA | M6: VEDA | N6: VEDA | O6: VEDA | P6: VEDA | Q6: VEDA | R6: VEDA | S6: VEDA | T6: VEDA | U6: VEDA | V6: VEDA | W6: VEDA | X6: VEDA | Y6: VEDA | Z6: VEDA | AA6: VEDA | AB6: VEDA | AC6: VEDA | AD6: VEDA | AE6: VEDA | AF6: VEDA | AG6: VEDA | AH6: =SUM(C6:AG6) -> 0
A7: Febrero | B7: =+AH7 -> 0 | C7: VEDA | D7: VEDA | E7: VEDA | F7: VEDA | G7: VEDA | H7: VEDA | I7: VEDA | J7: VEDA | K7: VEDA | L7: VEDA | M7: VEDA | N7: VEDA | O7: VEDA | P7: VEDA | Q7: VEDA | R7: VEDA | S7: VEDA | T7: VEDA | U7: VEDA | V7: VEDA | W7: VEDA | X7: VEDA | Y7: VEDA | Z7: VEDA | AA7: VEDA | AB7: VEDA | AC7: VEDA | AD7: VEDA | AE7: VEDA | AF7: VEDA | AG7: VEDA | AH7: =SUM(C7:AG7) -> 0
A8: Marzo | B8: =+AH8 -> 0 | C8: VEDA | D8: VEDA | E8: VEDA | F8: VEDA | G8: VEDA | AC8: VEDA | AD8: VEDA | AE8: VEDA | AF8: VEDA | AG8: VEDA | AH8: =SUM(C8:AG8) -> 0
A9: Abril | B9: =+AH9 -> 0 | C9: VEDA | D9: VEDA | E9: VEDA | F9: VEDA | G9: VEDA | H9: VEDA | I9: VEDA | J9: VEDA | K9: VEDA | AH9: =SUM(C9:AG9) -> 0
A10: Mayo | B10: =+AH10 -> 0 | AH10: =SUM(C10:AG10) -> 0
A11: Junio | B11: =+AH11 -> 0 | H11: Veda | I11: Veda | J11: Veda | K11: Veda | L11: Veda | M11: Veda | N11: Veda | O11: Veda | P11: Veda | Q11: Veda | R11: Veda | S11: Veda | T11: Veda | U11: Veda | V11: Veda | W11: Veda | X11: Veda | AH11: =SUM(C11:AG11) -> 0
A12: Julio | B12: =+AH12 -> 0 | AH12: =SUM(C12:AG12) -> 0
A13: Agosto | B13: =+AH13 -> 0 | J13: veda | K13: veda | L13: veda | M13: veda | N13: veda | O13: veda | P13: veda | Q13: veda | R13: veda | S13: veda | T13: veda | U13: veda | V13: veda | W13: veda | X13: veda | Y13: veda | Z13: veda | AA13: veda | AB13: veda | AC13: veda | AD13: veda | AE13: veda | AF13: veda | AG13: veda | AH13: =SUM(C13:AG13) -> 0
A14: Septiembre | B14: =+AH14 -> 0 | C14: veda | D14: veda | E14: veda | F14: veda | G14: veda | H14: veda | I14: veda | J14: veda | K14: veda | L14: veda | M14: veda | N14: veda | O14: veda | P14: veda | Q14: veda | R14: veda | S14: veda | T14: veda | U14: veda | V14: veda | W14: veda | X14: veda | Y14: veda | Z14: veda | AA14: veda | AB14: veda | AC14: veda | AD14: veda | AE14: veda | AF14: veda | AG14: veda | AH14: =SUM(C14:AG14) -> 0
A15: Octubre | B15: =+AH15 -> 0 | C15: veda | D15: veda | E15: veda | F15: veda | G15: veda | H15: veda | I15: veda | J15: veda | K15: veda | L15: veda | M15: veda | N15: veda | O15: veda | P15: veda | Q15: veda | R15: veda | S15: veda | T15: veda | U15: veda | V15: veda | W15: veda | AH15: =SUM(C15:AG15) -> 0
A16: Noviembre | B16: =+AH16 -> 0 | AH16: =SUM(C16:AG16) -> 0
A17: Diciembre | B17: =+AH17 -> 0 | P17: VEDA | Q17: VEDA | R17: VEDA | S17: VEDA | T17: VEDA | U17: VEDA | V17: VEDA | W17: VEDA | X17: VEDA | Y17: VEDA | Z17: VEDA | AA17: VEDA | AB17: VEDA | AC17: VEDA | AD17: VEDA | AE17: VEDA | AF17: VEDA | AG17: VEDA | AH17: =SUM(C17:AG17) -> 0
A18: Total | B18: =SUM(B6:B17) -> 0 | C18: =SUM(C6:C17) -> 0 | D18: =SUM(D6:D17) -> 0 | E18: =SUM(E6:E17) -> 0 | F18: =SUM(F6:F17) -> 0 | G18: =SUM(G6:G17) -> 0 | H18: =SUM(H6:H17) -> 0 | I18: =SUM(I6:I17) -> 0 | ... AH18: =SUM(AH6:AH17) -> 0
A20: VI Región, de O'higgins
A21: Mes | B21: Total mes | C21: 1 | D21: 2 | E21: 3 | F21: 4 | G21: 5 | H21: 6 | I21: 7 | J21: 8 | K21: 9 | L21: 10 | M21: 11 | N21: 12 | O21: 13 | P21: 14 | Q21: 15 | R21: 16 | S21: 17 | T21: 18 | U21: 19 | V21: 20 | W21: 21 | X21: 22 | Y21: 23 | Z21: 24 | AA21: 25 | AB21: 26 | AC21: 27 | AD21: 28 | AE21: 29 | AF21: 30 | AG21: 31 | AH21: TOTAL
A22: Enero | B22: =+AH22 -> 0 | C22: VEDA | D22: VEDA | E22: VEDA | F22: VEDA | G22: VEDA | H22: VEDA | I22: VEDA | J22: VEDA | K22: VEDA | L22: VEDA | M22: VEDA | N22: VEDA | O22: VEDA | P22: VEDA | Q22: VEDA | R22: VEDA | S22: VEDA | T22: VEDA | U22: VEDA | V22: VEDA | W22: VEDA | X22: VEDA | Y22: VEDA | Z22: VEDA | AA22: VEDA | AB22: VEDA | AC22: VEDA | AD22: VEDA | AE22: VEDA | AF22: VEDA | AG22: VEDA | AH22: =SUM(C22:AG22) -> 0
A23: Febrero | B23: =+AH23 -> 0 | C23: VEDA | D23: VEDA | E23: VEDA | F23: VEDA | G23: VEDA | H23: VEDA | I23: VEDA | J23: VEDA | K23: VEDA | L23: VEDA | M23: VEDA | N23: VEDA | O23: VEDA | P23: VEDA | Q23: VEDA | R23: VEDA | S23: VEDA | T23: VEDA | U23: VEDA | V23: VEDA | W23: VEDA | X23: VEDA | Y23: VEDA | Z23: VEDA | AA23: VEDA | AB23: VEDA | AC23: VEDA | AD23: VEDA | AE23: VEDA | AF23: VEDA | AG23: VEDA | AH23: =SUM(C23:AG23) -> 0
A24: Marzo | B24: =+AH24 -> 0 | C24: VEDA | D24: VEDA | E24: VEDA | F24: VEDA | G24: VEDA | AH24: =SUM(C24:AG24) -> 0
A25: Abril | B25: =+AH25 -> 0 | AH25: =SUM(C25:AG25) -> 0
A26: Mayo | B26: =+AH26 -> 0 | AH26: =SUM(C26:AG26) -> 0
A27: Junio | B27: =+AH27 -> 0 | AH27: =SUM(C27:AG27) -> 0
A28: Julio | B28: =+AH28 -> 0 | AF28: VEDA | AG28: VEDA | AH28: =SUM(C28:AG28) -> 0
A29: Agosto | B29: =+AH29 -> 0 | C29: VEDA | D29: VEDA | E29: VEDA | F29: VEDA | G29: VEDA | H29: VEDA | I29: VEDA | J29: VEDA | K29: VEDA | L29: VEDA | M29: VEDA | N29: VEDA | O29: VEDA | P29: VEDA | Q29: VEDA | R29: VEDA | S29: VEDA | T29: VEDA | U29: VEDA | V29: VEDA | W29: VEDA | X29: VEDA | Y29: VEDA | Z29: VEDA | AA29: VEDA | AB29: VEDA | AC29: VEDA | AD29: VEDA | AE29: VEDA | AF29: VEDA | AG29: VEDA | AH29: =SUM(C29:AG29) -> 0
A30: Septiembre | B30: =+AH30 -> 0 | C30: VEDA | D30: VEDA | E30: VEDA | F30: VEDA | G30: VEDA | H30: VEDA | I30: VEDA | J30: VEDA | K30: VEDA | L30: VEDA | M30: VEDA | N30: VEDA | O30: VEDA | P30: VEDA | Q30: VEDA | R30: VEDA | S30: VEDA | T30: VEDA | U30: VEDA | V30: VEDA | W30: VEDA | X30: VEDA | Y30: VEDA | Z30: VEDA | AA30: VEDA | AB30: VEDA | AC30: VEDA | AD30: VEDA | AE30: VEDA | AF30: VEDA | AG30: VEDA | AH30: =SUM(C30:AG30) -> 0
A31: Octubre | B31: =+AH31 -> 0 | C31: VEDA | D31: VEDA | E31: VEDA | F31: VEDA | G31: VEDA | H31: VEDA | I31: VEDA | J31: VEDA | K31: VEDA | L31: VEDA | M31: VEDA | N31: VEDA | O31: VEDA | P31: VEDA | Q31: VEDA | R31: VEDA | S31: VEDA | T31: VEDA | U31: VEDA | V31: VEDA | W31: VEDA | AH31: =SUM(C31:AG31) -> 0
A32: Noviembre | B32: =+AH32 -> 0 | AH32: =SUM(C32:AG32) -> 0
A33: Diciembre | B33: =+AH33 -> 0 | L33: VEDA | M33: VEDA | N33: VEDA | O33: VEDA | P33: VEDA | Q33: VEDA | R33: VEDA | S33: VEDA | T33: VEDA | U33: VEDA | V33: VEDA | W33: VEDA | X33: VEDA | Y33: VEDA | Z33: VEDA | AA33: VEDA | AB33: VEDA | AC33: VEDA | AD33: VEDA | AE33: VEDA | AF33: VEDA | AG33: VEDA | AH33: =SUM(C33:AG33) -> 0
A34: Total | B34: =SUM(B22:B33) -> 0 | C34: =SUM(C22:C33) -> 0 | D34: =SUM(D22:D33) -> 0 | E34: =SUM(E22:E33) -> 0 | F34: =SUM(F22:F33) -> 0 | G34: =SUM(G22:G33) -> 0 | H34: =SUM(H22:H33) -> 0 | I34: =SUM(I22:I33) -> 0 | ... AH34: =SUM(AH22:AH33) -> 0
A36: VII Región, del Maule
A37: Mes | B37: Total mes | C37: 1 | D37: 2 | E37: 3 | F37: 4 | G37: 5 | H37: 6 | I37: 7 | J37: 8 | K37: 9 | L37: 10 | M37: 11 | N37: 12 | O37: 13 | P37: 14 | Q37: 15 | R37: 16 | S37: 17 | T37: 18 | U37: 19 | V37: 20 | W37: 21 | X37: 22 | Y37: 23 | Z37: 24 | AA37: 25 | AB37: 26 | AC37: 27 | AD37: 28 | AE37: 29 | AF37: 30 | AG37: 31 | AH37: TOTAL
A38: Enero | B38: =+AH38 -> 0 | C38: VEDA | D38: VEDA | E38: VEDA | F38: VEDA | G38: VEDA | H38: VEDA | I38: VEDA | J38: VEDA | K38: VEDA | L38: VEDA | M38: VEDA | N38: VEDA | O38: VEDA | P38: VEDA | Q38: VEDA | R38: VEDA | S38: VEDA | T38: VEDA | U38: VEDA | V38: VEDA | W38: VEDA | X38: VEDA | Y38: VEDA | Z38: VEDA | AA38: VEDA | AB38: VEDA | AC38: VEDA | AD38: VEDA | AE38: VEDA | AF38: VEDA | AG38: VEDA | AH38: =SUM(H38:AG38) -> 0
A39: Febrero | B39: =+AH39 -> 0 | C39: VEDA | D39: VEDA | E39: VEDA | F39: VEDA | G39: VEDA | H39: VEDA | I39: VEDA | J39: VEDA | K39: VEDA | L39: VEDA | M39: VEDA | N39: VEDA | O39: VEDA | P39: VEDA | Q39: VEDA | R39: VEDA | S39: VEDA | T39: VEDA | U39: VEDA | V39: VEDA | W39: VEDA | X39: VEDA | Y39: VEDA | Z39: VEDA | AA39: VEDA | AB39: VEDA | AC39: VEDA | AD39: VEDA | AE39: VEDA | AF39: VEDA | AG39: VEDA | AH39: =SUM(H39:AG39) -> 0
A40: Marzo | B40: =+AH40 -> 0 | C40: VEDA | D40: VEDA | E40: VEDA | F40: VEDA | G40: VEDA | AE40: VEDA | AF40: VEDA | AG40: VEDA | AH40: =SUM(H40:AG40) -> 0
A41: Abril | B41: =+AH41 -> 0 | C41: VEDA | D41: VEDA | E41: VEDA | F41: VEDA | G41: VEDA | H41: VEDA | I41: VEDA | J41: VEDA | K41: VEDA | AH41: =SUM(C41:AG41) -> 0
A42: Mayo | B42: =+AH42 -> 0 | AH42: =SUM(C42:AG42) -> 0
A43: Junio | B43: =+AH43 -> 0 | H43: Veda | I43: Veda | J43: Veda | K43: Veda | L43: Veda | M43: Veda | N43: Veda | O43: Veda | P43: Veda | Q43: Veda | R43: Veda | S43: Veda | T43: Veda | U43: Veda | V43: Veda | W43: Veda | X43: Veda | AH43: =SUM(C43:AG43) -> 0
A44: Julio | B44: =+AH44 -> 0 | AH44: =SUM(C44:AG44) -> 0
A45: Agosto | B45: =+AH45 -> 0 | J45: veda | K45: veda | L45: veda | M45: veda | N45: veda | O45: veda | P45: veda | Q45: veda | R45: veda | S45: veda | T45: veda | U45: veda | V45: veda | W45: veda | X45: veda | Y45: veda | Z45: veda | AA45: veda | AB45: veda | AC45: veda | AD45: veda | AE45: veda | AF45: veda | AG45: veda | AH45: =SUM(C45:AG45) -> 0
A46: Septiembre | B46: =+AH46 -> 0 | C46: veda | D46: veda | E46: veda | F46: veda | G46: veda | H46: veda | I46: veda | J46: veda | K46: veda | L46: veda | M46: veda | N46: veda | O46: veda | P46: veda | Q46: veda | R46: veda | S46: veda | T46: veda | U46: veda | V46: veda | W46: veda | X46: veda | Y46: veda | Z46: veda | AA46: veda | AB46: veda | AC46: veda | AD46: veda | AE46: veda | AF46: veda | AG46: veda | AH46: =SUM(C46:AG46) -> 0
A47: Octubre | B47: =+AH47 -> 0 | C47: veda | D47: veda | E47: veda | F47: veda | G47: veda | H47: veda | I47: veda | J47: veda | K47: veda | L47: veda | M47: veda | N47: veda | O47: veda | P47: veda | Q47: veda | R47: veda | S47: veda | T47: veda | U47: veda | V47: veda | W47: veda | AH47: =SUM(C47:AG47) -> 0
A48: Noviembre | B48: =+AH48 -> 0 | AH48: =SUM(C48:AG48) -> 0
A49: Diciembre | B49: =+AH49 -> 0 | P49: VEDA | Q49: VEDA | R49: VEDA | S49: VEDA | T49: VEDA | U49: VEDA | V49: VEDA | W49: VEDA | X49: VEDA | Y49: VEDA | Z49: VEDA | AA49: VEDA | AB49: VEDA | AC49: VEDA | AD49: VEDA | AE49: VEDA | AF49: VEDA | AG49: VEDA | AH49: =SUM(C49:AG49) -> 0
A50: Total | B50: =SUM(B38:B49) -> 0 | C50: =SUM(C38:C49) -> 0 | D50: =SUM(D38:D49) -> 0 | E50: =SUM(E38:E49) -> 0 | F50: =SUM(F38:F49) -> 0 | G50: =SUM(G38:G49) -> 0 | H50: =SUM(H38:H49) -> 0 | I50: =SUM(I38:I49) -> 0 | ... AH50: =SUM(AH38:AH49) -> 0
A52: VIII Región, del Bio Bio
A53: Mes | B53: Total mes | C53: 1 | D53: 2 | E53: 3 | F53: 4 | G53: 5 | H53: 6 | I53: 7 | J53: 8 | K53: 9 | L53: 10 | M53: 11 | N53: 12 | O53: 13 | P53: 14 | Q53: 15 | R53: 16 | S53: 17 | T53: 18 | U53: 19 | V53: 20 | W53: 21 | X53: 22 | Y53: 23 | Z53: 24 | AA53: 25 | AB53: 26 | AC53: 27 | AD53: 28 | AE53: 29 | AF53: 30 | AG53: 31 | AH53: TOTAL
A54: Enero | B54: =+AH54 -> 0 | C54: VEDA | D54: VEDA | E54: VEDA | F54: VEDA | G54: VEDA | H54: VEDA | I54: VEDA | J54: VEDA | K54: VEDA | L54: VEDA | M54: VEDA | N54: VEDA | O54: VEDA | P54: VEDA | Q54: VEDA | R54: VEDA | S54: VEDA | T54: VEDA | U54: VEDA | V54: VEDA | W54: VEDA | X54: VEDA | Y54: VEDA | Z54: VEDA | AA54: VEDA | AB54: VEDA | AC54: VEDA | AD54: VEDA | AE54: VEDA | AF54: VEDA | AG54: VEDA | AH54: =SUM(C54:AG54) -> 0
A55: Febrero | B55: =+AH55 -> 0 | C55: VEDA | D55: VEDA | E55: VEDA | F55: VEDA | G55: VEDA | H55: VEDA | I55: VEDA | J55: VEDA | K55: VEDA | L55: VEDA | M55: VEDA | N55: VEDA | O55: VEDA | P55: VEDA | Q55: VEDA | R55: VEDA | S55: VEDA | T55: VEDA | U55: VEDA | V55: VEDA | W55: VEDA | X55: VEDA | Y55: VEDA | Z55: VEDA | AA55: VEDA | AB55: VEDA | AC55: VEDA | AD55: VEDA | AE55: VEDA | AF55: VEDA | AG55: VEDA | AH55: =SUM(C55:AG55) -> 0
A56: Marzo | B56: =+AH56 -> 0 | C56: VEDA | D56: VEDA | E56: VEDA | F56: VEDA | G56: VEDA | AC56: VEDA | AD56: VEDA | AE56: VEDA | AF56: VEDA | AG56: VEDA | AH56: =SUM(C56:AG56) -> 0
A57: Abril | B57: =+AH57 -> 0 | C57: VEDA | D57: VEDA | E57: VEDA | F57: VEDA | G57: VEDA | H57: VEDA | I57: VEDA | J57: VEDA | K57: VEDA | AH57: =SUM(C57:AG57) -> 0
A58: Mayo | B58: =+AH58 -> 0 | AH58: =SUM(C58:AG58) -> 0
A59: Junio | B59: =+AH59 -> 0 | H59: Veda | I59: Veda | J59: Veda | K59: Veda | L59: Veda | M59: Veda | N59: Veda | O59: Veda | P59: Veda | Q59: Veda | R59: Veda | S59: Veda | T59: Veda | U59: Veda | V59: Veda | W59: Veda | X59: Veda | AH59: =SUM(C59:AG59) -> 0
A60: Julio | B60: =+AH60 -> 0 | AH60: =SUM(C60:AG60) -> 0
A61: Agosto | B61: =+AH61 -> 0 | J61: veda | K61: veda | L61: veda | M61: veda | N61: veda | O61: veda | P61: veda | Q61: veda | R61: veda | S61: veda | T61: veda | U61: veda | V61: veda | W61: veda | X61: veda | Y61: veda | Z61: veda | AA61: veda | AB61: veda | AC61: veda | AD61: veda | AE61: veda | AF61: veda | AG61: veda | AH61: =SUM(C61:AG61) -> 0
A62: Septiembre | B62: =+AH62 -> 0 | C62: veda | D62: veda | E62: veda | F62: veda | G62: veda | H62: veda | I62: veda | J62: veda | K62: veda | L62: veda | M62: veda | N62: veda | O62: veda | P62: veda | Q62: veda | R62: veda | S62: veda | T62: veda | U62: veda | V62: veda | W62: veda | X62: veda | Y62: veda | Z62: veda | AA62: veda | AB62: veda | AC62: veda | AD62: veda | AE62: veda | AF62: veda | AG62: veda | AH62: =SUM(C62:AG62) -> 0
A63: Octubre | B63: =+AH63 -> 0 | C63: veda | D63: veda | E63: veda | F63: veda | G63: veda | H63: veda | I63: veda | J63: veda | K63: veda | L63: veda | M63: veda | N63: veda | O63: veda | P63: veda | Q63: veda | R63: veda | S63: veda | T63: veda | U63: veda | V63: veda | W63: veda | AH63: =SUM(C63:AG63) -> 0
A64: Noviembre | B64: =+AH64 -> 0 | AH64: =SUM(C64:AG64) -> 0
A65: Diciembre | B65: =+AH65 -> 0 | P65: VEDA | Q65: VEDA | R65: VEDA | S65: VEDA | T65: VEDA | U65: VEDA | V65: VEDA | W65: VEDA | X65: VEDA | Y65: VEDA | Z65: VEDA | AA65: VEDA | AB65: VEDA | AC65: VEDA | AD65: VEDA | AE65: VEDA | AF65: VEDA | AG65: VEDA | AH65: =SUM(C65:AG65) -> 0
A66: Total | B66: =SUM(B54:B65) -> 0 | C66: =SUM(C54:C65) -> 0 | D66: =SUM(D54:D65) -> 0 | E66: =SUM(E54:E65) -> 0 | F66: =SUM(F54:F65) -> 0 | G66: =SUM(G54:G65) -> 0 | H66: =SUM(H54:H65) -> 0 | I66: =SUM(I54:I65) -> 0 | ... AH66: =SUM(AH54:AH65) -> 0
A68: IX Región, de la Araucanía | AJ68: GLOBAL + IMPREVISTOS | AL68: IX Región, de la Araucanía | AO68: CUOTA DE IMPREVISTOS RES EX 3135 14 11 2013
A69: Mes | B69: Total mes | C69: 1 | D69: 2 | E69: 3 | F69: 4 | G69: 5 | H69: 6 | I69: 7 | J69: 8 | K69: 9 | L69: 10 | M69: 11 | N69: 12 | O69: 13 | P69: 14 | Q69: 15 | R69: 16 | S69: 17 | T69: 18 | U69: 19 | V69: 20 | W69: 21 | X69: 22 | Y69: 23 | Z69: 24 | AA69: 25 | AB69: 26 | AC69: 27 | AD69: 28 | AE69: 29 | AF69: 30 | AG69: 31 | AH69: TOTAL | AL69: Mes | AM69: Total mes | AN69: 1 | AO69: 2 | AP69: 3 | AQ69: 4 | AR69: 5 | AS69: 6 | AT69: 7 | AU69: 8 | AV69: 9 | AW69: 10 | AX69: 11 | AY69: 12 | AZ69: 13 | BA69: 14 | BB69: 15 | BC69: 16 | BD69: 17 | BE69: 18 | BF69: 19 | BG69: 20 | BH69: 21 | BI69: 22 | BJ69: 23 | BK69: 24 | BL69: 25 | BM69: 26 | BN69: 27 | BO69: 28 | BP69: 29 | BQ69: 30 | BR69: 31 | BS69: TOTAL
A70: Enero | B70: =+AH70 -> 0 | C70: VEDA | D70: VEDA | E70: VEDA | F70: VEDA | G70: VEDA | H70: VEDA | I70: VEDA | J70: VEDA | K70: VEDA | L70: VEDA | M70: VEDA | N70: VEDA | O70: VEDA | P70: VEDA | Q70: VEDA | R70: VEDA | S70: VEDA | T70: VEDA | U70: VEDA | V70: VEDA | W70: VEDA | X70: VEDA | Y70: VEDA | Z70: VEDA | AA70: VEDA | AB70: VEDA | AC70: VEDA | AD70: VEDA | AE70: VEDA | AF70: VEDA | AG70: VEDA | AH70: =SUM(H70:AG70) -> 0 | AJ70: =+AH70+BS70 -> 0 | AL70: Enero | AM70: =+BS70 -> 0 | AN70: VEDA | AO70: VEDA | AP70: VEDA | AQ70: VEDA | AR70: VEDA | AS70: VEDA | AT70: VEDA | AU70: VEDA | AV70: VEDA | AW70: VEDA | AX70: VEDA | AY70: VEDA | AZ70: VEDA | BA70: VEDA | BB70: VEDA | BC70: VEDA | BD70: VEDA | BE70: VEDA | BF70: VEDA | BG70: VEDA | BH70: VEDA | BI70: VEDA | BJ70: VEDA | BK70: VEDA | BL70: VEDA | BM70: VEDA | BN70: VEDA | BO70: VEDA | BP70: VEDA | BQ70: VEDA | BR70: VEDA | BS70: =SUM(AS70:BR70) -> 0
A71: Febrero | B71: =+AH71 -> 0 | C71: VEDA | D71: VEDA | E71: VEDA | F71: VEDA | G71: VEDA | H71: VEDA | I71: VEDA | J71: VEDA | K71: VEDA | L71: VEDA | M71: VEDA | N71: VEDA | O71: VEDA | P71: VEDA | Q71: VEDA | R71: VEDA | S71: VEDA | T71: VEDA | U71: VEDA | V71: VEDA | W71: VEDA | X71: VEDA | Y71: VEDA | Z71: VEDA | AA71: VEDA | AB71: VEDA | AC71: VEDA | AD71: VEDA | AE71: VEDA | AF71: VEDA | AG71: VEDA | AH71: =SUM(H71:AG71) -> 0 | AJ71: =+AH71+BS71 -> 0 | AL71: Febrero | AM71: =+BS71 -> 0 | AN71: VEDA | AO71: VEDA | AP71: VEDA | AQ71: VEDA | AR71: VEDA | AS71: VEDA | AT71: VEDA | AU71: VEDA | AV71: VEDA | AW71: VEDA | AX71: VEDA | AY71: VEDA | AZ71: VEDA | BA71: VEDA | BB71: VEDA | BC71: VEDA | BD71: VEDA | BE71: VEDA | BF71: VEDA | BG71: VEDA | BH71: VEDA | BI71: VEDA | BJ71: VEDA | BK71: VEDA | BL71: VEDA | BM71: VEDA | BN71: VEDA | BO71: VEDA | BP71: VEDA | BQ71: VEDA | BR71: VEDA | BS71: =SUM(AS71:BR71) -> 0
A72: Marzo | B72: =+AH72 -> 2505.863 | C72: VEDA | D72: VEDA | E72: VEDA | F72: VEDA | G72: VEDA | H72: 71.72 | L72: 140.375 | M72: 134.196 | N72: 176.549 | O72: 63.02 | P72: 130.882 | Q72: 101.517 | R72: 208.885 | S72: 204.679 | T72: 59.005 | U72: 57.15 | V72: 110.894 | W72: 110.582 | X72: 204.86 | Z72: 197.562 | AA72: 187.528 | AB72: 184.845 | AC72: 92.682 | AG72: 68.932 | AH72: =SUM(H72:AG72) -> 2505.863 | AJ72: =+AH72+BS72 -> 2505.863 | AL72: Marzo | AM72: =+BS72 -> 0 | AN72: VEDA | AO72: VEDA | AP72: VEDA | AQ72: VEDA | AR72: VEDA | BS72: =SUM(AS72:BR72) -> 0
A73: Abril | B73: =+AH73 -> 1962.338 | C73: 234.335 | D73: 130.248 | E73: 188.29 | F73: 196.067 | I73: 75.27 | J73: 127.11 | N73: 76.73 | O73: 202.451 | P73: 215.72 | Q73: 186.585 | R73: 39.9 | U73: 209.057 | Y73: 66.735 | AF73: 13.84 | AH73: =SUM(C73:AG73) -> 1962.338 | AJ73: =+AH73+BS73 -> 1962.338 | AL73: Abril | AM73: =+BS73 -> 0 | BS73: =SUM(AN73:BR73) -> 0
A74: Mayo | B74: =+AH74 -> 451.36 | G74: 192.79 | H74: 53.57 | I74: 79.66 | O74: 7.7 | S74: 33.94 | T74: 83.7 | AH74: =SUM(C74:AG74) -> 451.36 | AJ74: =+AH74+BS74 -> 451.36 | AL74: Mayo | AM74: =+BS74 -> 0 | BS74: =SUM(AN74:BR74) -> 0
A75: Junio | B75: =+AH75 -> 172.89 | H75: 41.61 | N75: 29.1 | W75: 49.05 | Z75: 21.04 | AA75: 32.09 | AH75: =SUM(C75:AG75) -> 172.89 | AJ75: =+AH75+BS75 -> 172.89 | AL75: Junio | AM75: =+BS75 -> 0 | BS75: =SUM(AN75:BR75) -> 0
A76: Julio | B76: =+AH76 -> 0 | AF76: VEDA | AG76: VEDA | AH76: =SUM(C76:AG76) -> 0 | AJ76: =+AH76+BS76 -> 0 | AL76: Julio | AM76: =+BS76 -> 0 | BS76: =SUM(AN76:BR76) -> 0
A77: Agosto | B77: =+AH77 -> 0 | C77: VEDA | D77: VEDA | E77: VEDA | F77: VEDA | G77: VEDA | H77: VEDA | I77: VEDA | J77: VEDA | K77: VEDA | L77: VEDA | M77: VEDA | N77: VEDA | O77: VEDA | P77: VEDA | Q77: VEDA | R77: VEDA | S77: VEDA | T77: VEDA | U77: VEDA | V77: VEDA | W77: VEDA | X77: VEDA | Y77: VEDA | Z77: VEDA | AA77: VEDA | AB77: VEDA | AC77: VEDA | AD77: VEDA | AE77: VEDA | AF77: VEDA | AG77: VEDA | AH77: =SUM(C77:AG77) -> 0 | AJ77: =+AH77+BS77 -> 0 | AL77: Agosto | AM77: =+BS77 -> 0 | AN77: VEDA | AO77: VEDA | AP77: VEDA | AQ77: VEDA | AR77: VEDA | AS77: VEDA | AT77: VEDA | AU77: VEDA | AV77: VEDA | AW77: VEDA | AX77: VEDA | AY77: VEDA | AZ77: VEDA | BA77: VEDA | BB77: VEDA | BC77: VEDA | BD77: VEDA | BE77: VEDA | BF77: VEDA | BG77: VEDA | BH77: VEDA | BI77: VEDA | BJ77: VEDA | BK77: VEDA | BL77: VEDA | BM77: VEDA | BN77: VEDA | BO77: VEDA | BP77: VEDA | BQ77: VEDA | BR77: VEDA | BS77: =SUM(AN77:BR77) -> 0
A78: Septiembre | B78: =+AH78 -> 0 | C78: VEDA | D78: VEDA | E78: VEDA | F78: VEDA | G78: VEDA | H78: VEDA | I78: VEDA | J78: VEDA | K78: VEDA | L78: VEDA | M78: VEDA | N78: VEDA | O78: VEDA | P78: VEDA | Q78: VEDA | R78: VEDA | S78: VEDA | T78: VEDA | U78: VEDA | V78: VEDA | W78: VEDA | X78: VEDA | Y78: VEDA | Z78: VEDA | AA78: VEDA | AB78: VEDA | AC78: VEDA | AD78: VEDA | AE78: VEDA | AF78: VEDA | AG78: VEDA | AH78: =SUM(C78:AG78) -> 0 | AJ78: =+AH78+BS78 -> 0 | AL78: Septiembre | AM78: =+BS78 -> 0 | AN78: VEDA | AO78: VEDA | AP78: VEDA | AQ78: VEDA | AR78: VEDA | AS78: VEDA | AT78: VEDA | AU78: VEDA | AV78: VEDA | AW78: VEDA | AX78: VEDA | AY78: VEDA | AZ78: VEDA | BA78: VEDA | BB78: VEDA | BC78: VEDA | BD78: VEDA | BE78: VEDA | BF78: VEDA | BG78: VEDA | BH78: VEDA | BI78: VEDA | BJ78: VEDA | BK78: VEDA | BL78: VEDA | BM78: VEDA | BN78: VEDA | BO78: VEDA | BP78: VEDA | BQ78: VEDA | BR78: VEDA | BS78: =SUM(AN78:BR78) -> 0
A79: Octubre | B79: =+AH79 -> 277.629 | C79: VEDA | D79: VEDA | E79: VEDA | F79: VEDA | G79: VEDA | H79: VEDA | I79: VEDA | J79: VEDA | K79: VEDA | L79: VEDA | M79: VEDA | N79: VEDA | O79: VEDA | P79: VEDA | Q79: VEDA | R79: VEDA | S79: VEDA | T79: VEDA | U79: VEDA | V79: VEDA | W79: VEDA | X79: 90.726 | Y79: 131.483 | Z79: 55.42 | AH79: =SUM(C79:AG79) -> 277.629 | AJ79: =+AH79+BS79 -> 277.629 | AL79: Octubre | AM79: =+BS79 -> 0 | AN79: VEDA | AO79: VEDA | AP79: VEDA | AQ79: VEDA | AR79: VEDA | AS79: VEDA | AT79: VEDA | AU79: VEDA | AV79: VEDA | AW79: VEDA | AX79: VEDA | AY79: VEDA | AZ79: VEDA | BA79: VEDA | BB79: VEDA | BC79: VEDA | BD79: VEDA | BE79: VEDA | BF79: VEDA | BG79: VEDA | BH79: VEDA | BS79: =SUM(AN79:BR79) -> 0
A80: Noviembre | B80: =+AH80 -> 0 | AH80: =SUM(C80:AG80) -> 0 | AJ80: =+AH80+BS80 -> 1390.899 | AL80: Noviembre | AM80: =+BS80 -> 1390.899 | BF80: 114.335 | BG80: 26.47 | BH80: 170.43 | BI80: 231.02 | BJ80: 73.47 | BM80: 237.546 | BN80: 71.64 | BO80: 174.051 | BP80: 187.207 | BQ80: 104.73 | BS80: =SUM(AN80:BR80) -> 1390.899
A81: Diciembre | B81: =+AH81 -> 0 | AH81: =SUM(C81:AG81) -> 0 | AJ81: =+AH81+BS81 -> 1378.597 | AL81: Diciembre | AM81: =+BS81 -> 1378.597 | AN81: 250.82 | AO81: 98.437 | AQ81: 242.485 | AR81: 116.63 | AS81: 169.18 | AT81: 159.707 | AU81: 132.985 | AV81: 157.962 | BA81: 50.391 | BS81: =SUM(AN81:BR81) -> 1378.597
A82: Total | B82: =SUM(B70:B81) -> 5370.08 | C82: =SUM(C70:C81) -> 234.335 | D82: =SUM(D70:D81) -> 130.248 | E82: =SUM(E70:E81) -> 188.29 | F82: =SUM(F70:F81) -> 196.067 | G82: =SUM(G70:G81) -> 192.79 | H82: =SUM(H70:H81) -> 166.9 | I82: =SUM(I70:I81) -> 154.93 | ... AH82: =SUM(AH70:AH81) -> 5370.08 | AJ82: =SUM(AJ70:AJ81) -> 8139.576 | AL82: Total | AM82: =SUM(AM70:AM81) -> 2769.496 | AN82: =SUM(AN70:AN81) -> 250.82 | AO82: =SUM(AO70:AO81) -> 98.437 | AP82: =SUM(AP70:AP81) -> 0 | AQ82: =SUM(AQ70:AQ81) -> 242.485 | AR82: =SUM(AR70:AR81) -> 116.63 | AS82: =SUM(AS70:AS81) -> 169.18 | AT82: =SUM(AT70:AT81) -> 159.707 | ... BS82: =SUM(BS70:BS81) -> 2769.496
A84: XIV Región, de Los Ríos
A85: Mes | B85: Total mes | C85: 1 | D85: 2 | E85: 3 | F85: 4 | G85: 5 | H85: 6 | I85: 7 | J85: 8 | K85: 9 | L85: 10 | M85: 11 | N85: 12 | O85: 13 | P85: 14 | Q85: 15 | R85: 16 | S85: 17 | T85: 18 | U85: 19 | V85: 20 | W85: 21 | X85: 22 | Y85: 23 | Z85: 24 | AA85: 25 | AB85: 26 | AC85: 27 | AD85: 28 | AE85: 29 | AF85: 30 | AG85: 31 | AH85: TOTAL
A86: Enero | B86: =+AH86 -> 0 | C86: VEDA | D86: VEDA | E86: VEDA | F86: VEDA | G86: VEDA | H86: VEDA | I86: VEDA | J86: VEDA | K86: VEDA | L86: VEDA | M86: VEDA | N86: VEDA | O86: VEDA | P86: VEDA | Q86: VEDA | R86: VEDA | S86: VEDA | T86: VEDA | U86: VEDA | V86: VEDA | W86: VEDA | X86: VEDA | Y86: VEDA | Z86: VEDA | AA86: VEDA | AB86: VEDA | AC86: VEDA | AD86: VEDA | AE86: VEDA | AF86: VEDA | AG86: VEDA | AH86: =SUM(C86:AG86) -> 0
A87: Febrero | B87: =+AH87 -> 0 | C87: VEDA | D87: VEDA | E87: VEDA | F87: VEDA | G87: VEDA | H87: VEDA | I87: VEDA | J87: VEDA | K87: VEDA | L87: VEDA | M87: VEDA | N87: VEDA | O87: VEDA | P87: VEDA | Q87: VEDA | R87: VEDA | S87: VEDA | T87: VEDA | U87: VEDA | V87: VEDA | W87: VEDA | X87: VEDA | Y87: VEDA | Z87: VEDA | AA87: VEDA | AB87: VEDA | AC87: VEDA | AD87: VEDA | AE87: VEDA | AF87: VEDA | AG87: VEDA | AH87: =SUM(C87:AG87) -> 0
A88: Marzo | B88: =+AH88 -> 0 | C88: VEDA | D88: VEDA | E88: VEDA | F88: VEDA | G88: VEDA | AC88: VEDA | AD88: VEDA | AE88: VEDA | AF88: VEDA | AG88: VEDA | AH88: =SUM(C88:AG88) -> 0
A89: Abril | B89: =+AH89 -> 0 | C89: VEDA | D89: VEDA | E89: VEDA | F89: VEDA | G89: VEDA | H89: VEDA | I89: VEDA | J89: VEDA | K89: VEDA | AH89: =SUM(C89:AG89) -> 0
A90: Mayo | B90: =+AH90 -> 0 | AH90: =SUM(C90:AG90) -> 0
A91: Junio | B91: =+AH91 -> 0 | H91: Veda | I91: Veda | J91: Veda | K91: Veda | L91: Veda | M91: Veda | N91: Veda | O91: Veda | P91: Veda | Q91: Veda | R91: Veda | S91: Veda | T91: Veda | U91: Veda | V91: Veda | W91: Veda | X91: Veda | AH91: =SUM(C91:AG91) -> 0
A92: Julio | B92: =+AH92 -> 0 | AH92: =SUM(C92:AG92) -> 0
A93: Agosto | B93: =+AH93 -> 0 | J93: veda | K93: veda | L93: veda | M93: veda | N93: veda | O93: veda | P93: veda | Q93: veda | R93: veda | S93: veda | T93: veda | U93: veda | V93: veda | W93: veda | X93: veda | Y93: veda | Z93: veda | AA93: veda | AB93: veda | AC93: veda | AD93: veda | AE93: veda | AF93: veda | AG93: veda | AH93: =SUM(C93:AG93) -> 0
A94: Septiembre | B94: =+AH94 -> 0 | C94: veda | D94: veda | E94: veda | F94: veda | G94: veda | H94: veda | I94: veda | J94: veda | K94: veda | L94: veda | M94: veda | N94: veda | O94: veda | P94: veda | Q94: veda | R94: veda | S94: veda | T94: veda | U94: veda | V94: veda | W94: veda | X94: veda | Y94: veda | Z94: veda | AA94: veda | AB94: veda | AC94: veda | AD94: veda | AE94: veda | AF94: veda | AG94: veda | AH94: =SUM(C94:AG94) -> 0
A95: Octubre | B95: =+AH95 -> 0 | C95: veda | D95: veda | E95: veda | F95: veda | G95: veda | H95: veda | I95: veda | J95: veda | K95: veda | L95: veda | M95: veda | N95: veda | O95: veda | P95: veda | Q95: veda | R95: veda | S95: veda | T95: veda | U95: veda | V95: veda | W95: veda | AH95: =SUM(C95:AG95) -> 0
A96: Noviembre | B96: =+AH96 -> 0 | AH96: =SUM(C96:AG96) -> 0
